en,te,hi,keywords,categories,aisle,rack
Royal Brown Basmati Rice,రాయల్ బ్రౌన్ బాస్మతి రైస్,रॉयल ब्राउन बासमती चावल,long grain rice|indian rice|unpolished rice|chawal|biyyam,Rice,1,Rack 5
Godavari Sona Masoori Rice,గోదావరి సోనా మసూరి రైస్,गोदावरी सोना मसूरी चावल,chawal|biyyam|long grain rice|indian rice,Rice,1,Rack 5
India Gate Basmati Rice,ఇండియా గేట్ బాస్మతి బియ్యం,इंडिया गेट बासमती चावल,long grain rice|indian rice|chawal|biyyam,Rice,1,Rack 5
Laxmi Sona Masoori Rice,లక్ష్మి సోనా మసూరి రైస్,लक्ष्मी सोना मसूरी चावल,brown rice|chawal|biyyam|long grain rice|indian rice,Rice,1,Rack 5
Laxmi Idli Rice,లక్ష్మి ఇడ్లీ రైస్,लक्ष्मी इडली चावल,indian rice|biyyam|chawal,Rice,1,Rack 5
Laxmi Aged Basmati Rice,లక్ష్మి ఏజ్డ్ బాస్మతి రైస్,लक्ष्मी एज्ड बासमती चावल,long grain rice|indian rice|chawal|biyyam,Rice,1,Rack 6
Raghav Jeera Samba Rice,రాఘవ్ జీరా సాంబా రైస్,राघव जीरा सांबा राइस,biyyam|chawal|indian rice|long grain rice,Rice,1,Rack 6
Kitchen King Basmati Rice,కిచెన్ కింగ్ బాస్మతి రైస్,किचन किंग बासमती चावल,long grain rice|indian rice|chawal|biyyam,Rice,1,Rack 6
Tilda Pure Basmati Rice,టిల్డా శుద్ధ బాస్మతి బియ్యం,टिल्डा प्योर बासमती चावल,long grain rice|indian rice|chawal|biyyam,Rice,1,Rack 6
India Gate Basmati Rice,ఇండియా గేట్ బాస్మతి బియ్యం,इंडिया गेट बासमती चावल,long grain rice|indian rice|chawal|biyyam,Rice,1,Rack 6
India Gate Basmati Rice Classic,ఇండియా గేట్ బాస్మతి రైస్ క్లాసిక్,इंडिया गेट बासमती राइस क्लासिक,long grain rice|indian rice|chawal|biyyam,Rice,1,Rack 6
India Gate Basmati Rice Excel,ఇండియా గేట్ బాస్మతి రైస్ ఎక్సెల్,इंडिया गेट बासमती राइस एक्सेल,long grain rice|indian rice|chawal|biyyam,Rice,1,Rack 6
Meharban Aromatic Kalijira Rice,మెహర్బాన్ సుగంధ కలిజిరా రైస్,मेहरबान सुगंधित कालीजीरा चावल,long grain rice|indian rice|basmati|chawal|biyyam|basmati rice,Rice,1,Rack 7
Lal Qilla Traditional Basmati Rice,లాల్ ఖిల్లా సాంప్రదాయ బాస్మతి రైస్,लाल किला पारंपरिक बासमती चावल,long grain rice|indian rice|chawal|biyyam,Rice,1,Rack 7
Amar Singh Chawal Wala Lal Qilla Brand Basmati Rice,అమర్ సింగ్ చావల్ వాలా లాల్ ఖిల్లా బ్రాండ్ బాస్మతి రైస్,अमर सिंह चावल वाला लाल किला ब्रांड बासमती चावल,long grain rice|indian rice|biyyam,Rice,1,Rack 7
Laxmi Ponni Raw Rice,లక్ష్మి పొన్ని రా రైస్,लक्ष्मी पोन्नी कच्चा चावल,biyyam|chawal|long grain rice|indian rice,Rice,1,Rack 7
Laxmi Ponni Boiled Rice,లక్ష్మి పొన్ని ఉడికించిన అన్నం,लक्ष्मी पोन्नी उबले हुए चावल,biyyam|chawal,Rice,1,Rack 7
Laxmi Idli Rice,లక్ష్మి ఇడ్లీ రైస్,लक्ष्मी इडली चावल,indian rice|biyyam|chawal,Rice,1,Rack 7
Laxmi Brown Sona Masoori Rice,లక్ష్మి బ్రౌన్ సోనా మసూరి రైస్,लक्ष्मी ब्राउन सोना मसूरी चावल,chawal|biyyam,Rice,1,Rack 7
Laxmi Sona Masoori Rice,లక్ష్మి సోనా మసూరి రైస్,लक्ष्मी सोना मसूरी चावल,brown rice|chawal|biyyam|long grain rice|indian rice,Rice,1,Rack 7
Laxmi Sona Masoori Rice,లక్ష్మి సోనా మసూరి రైస్,लक्ष्मी सोना मसूरी चावल,brown rice|chawal|biyyam|long grain rice|indian rice,Rice,1,Rack 8
Laxmi Kerala Kuthari Matta Rice,లక్ష్మీ కేరళ కుఠారి మట్టా రైస్,लक्ष्मी केरल कुठारी मट्टा चावल,biyyam|chawal,Rice,1,Rack 8
Laxmi Ponni Boiled Rice,లక్ష్మి పొన్ని ఉడికించిన అన్నం,लक्ष्मी पोन्नी उबले हुए चावल,biyyam|chawal,Rice,1,Rack 8
Laxmi Ponni Raw Rice,లక్ష్మి పొన్ని రా రైస్,लक्ष्मी पोन्नी कच्चा चावल,biyyam|chawal|long grain rice|indian rice,Rice,1,Rack 8
Kurnool Sona Masoori Rice,కర్నూల్ సోనా మసూరి రైస్,कुरनूल सोना मसूरी चावल,chawal|biyyam,Rice,1,Rack 8
Himson Blue Nitrile Gloves,హిమ్సన్ బ్లూ నైట్రైల్ గ్లోవ్స్,हिमसन ब्लू नाइट्राइल ग्लव्स,,Household & Cleaning,1,Rack 49
Dettol Liquid Antiseptic,డెట్టాల్ లిక్విడ్ యాంటీసెప్టిక్,डेटॉल लिक्विड एंटीसेप्टिक,,Household & Cleaning,1,Rack 49
Bajaj Almond Drops Hair Oil,బజాజ్ ఆల్మండ్ డ్రాప్స్ హెయిర్ ఆయిల్,बजाज आलमंड ड्रॉप्स हेयर ऑयल,nut oil,Personal Care,1,Rack 50
Argan Hair Oil,ఆర్గాన్ హెయిర్ ఆయిల్,आर्गन हेयर ऑयल,,Personal Care,1,Rack 50
Parachute Black Seed Hair Oil,పారాచూట్ బ్లాక్ సీడ్ హెయిర్ ఆయిల్,पैराशूट ब्लैक सीड हेयर ऑयल,,Personal Care,1,Rack 50
Parachute Coconut Oil,పారాచూట్ కొబ్బరి నూనె,पैराशूट नारियल तेल,narial,Oils & Ghee,1,Rack 51
Navratna Ayurvedic Oil,నవరత్న ఆయుర్వేదిక్ ఆయిల్,नवरत्न आयुर्वेदिक तेल,,Oils & Ghee,1,Rack 52
Parachute Hot Oil,పారాచూట్ హాట్ ఆయిల్,पैराशूट गर्म तेल,nut oil|vegetable oil,Oils & Ghee,1,Rack 52
Patanjali Kesh Kanti Hair Oil,పతంజలి కేశ్ కాంతి హెయిర్ ఆయిల్,पतंजलि केश कांति हेयर ऑयल,,Personal Care,1,Rack 52
Dabur Amla Hair Oil,డాబర్ ఆమ్లా హెయిర్ ఆయిల్,डाबर आंवला हेयर ऑयल,vegetable oil,Personal Care,1,Rack 53
Keo Karpin Light Hair Oil,కియో కార్పిన్ లైట్ హెయిర్ ఆయిల్,केओ कार्पिन लाइट हेयर ऑयल,,Personal Care,1,Rack 53
Parachute Advansed Hair Oil,పారాచూట్ అడ్వాన్స్‌డ్ హెయిర్ ఆయిల్,पैराशूट एडवांस्ड हेयर ऑयल,,Personal Care,1,Rack 53
Sujata Gold Atta,సుజాత గోల్డ్ అట్టా,सुजाता गोल्ड अट्टा,,Atta & Flours,1,Rack 54
Royal Chef's Secret Basmati Rice,రాయల్ చెఫ్ యొక్క రహస్య బాస్మతి బియ్యం,रॉयल शेफ का सीक्रेट बासमती चावल,long grain rice|indian rice|chawal|biyyam|basmati brown rice,Rice,1,Rack 1
India Gate Classic Basmati Rice,ఇండియా గేట్ క్లాసిక్ బాస్మతి రైస్,इंडिया गेट क्लासिक बासमती चावल,long grain rice|indian rice|chawal|biyyam|basmati brown rice,Rice,1,Rack 1
India Gate Feast Rozzana Basmati Rice,ఇండియా గేట్ విందు రోజానా బాస్మతి రైస్,इंडिया गेट पर्व रोज़ाना बासमती चावल,long grain rice|indian rice|chawal|biyyam|brown rice,Rice,1,Rack 1
Kohinoor Authentic Basmati Rice,కోహినూర్ అథెంటిక్ బాస్మతి రైస్,कोहिनूर प्रामाणिक बासमती चावल,long grain rice|indian rice|chawal|biyyam,Rice,1,Rack 2
Kohinoor Gold Basmati Rice,కోహినూర్ గోల్డ్ బాస్మతి రైస్,कोहिनूर गोल्ड बासमती चावल,long grain rice|indian rice|chawal|biyyam,Rice,1,Rack 2
Kohinoor Silver Basmati Rice,కోహినూర్ సిల్వర్ బాస్మతి రైస్,कोहिनूर सिल्वर बासमती चावल,long grain rice|indian rice|chawal|biyyam,Rice,1,Rack 2
Kohinoor Platinum Basmati Rice,కోహినూర్ ప్లాటినం బాస్మతి రైస్,कोहिनूर प्लैटिनम बासमती चावल,long grain rice|indian rice|chawal|biyyam,Rice,1,Rack 2
Royal Chef's Secret Extra Long Basmati Rice,రాయల్ చెఫ్ యొక్క రహస్య అదనపు పొడవైన బాస్మతి బియ్యం,रॉयल शेफ का सीक्रेट एक्स्ट्रा लॉन्ग बासमती चावल,long grain rice|indian rice|chawal|biyyam,Rice,1,Rack 2
Daawat Basmati Rice,దావత్ బాస్మతి రైస్,दावत बासमती चावल,long grain rice|indian rice|chawal|biyyam,Rice,1,Rack 2
Daawat Traditional Basmati Rice,దావత్ సాంప్రదాయ బాస్మతి బియ్యం,दावत पारंपरिक बासमती चावल,long grain rice|indian rice|chawal|biyyam,Rice,1,Rack 2
24 Mantra Organic Sonamasuri Brown Rice,24 మంత్రం ఆర్గానిక్ సోనామసూరి బ్రౌన్ రైస్,24 मंत्रा ऑर्गेनिक सोनामासुरी ब्राउन राइस,basmati brown rice|basmati rice|basmati|unpolished rice|long grain rice|indian rice,Rice,1,Rack 3
Royal Authentic Basmati Rice,రాయల్ అథెంటిక్ బాస్మతి రైస్,रॉयल ऑथेंटिक बासमती चावल,long grain rice|indian rice|chawal|biyyam,Rice,1,Rack 3
Royal Authentic Brown Basmati Rice,రాయల్ అథెంటిక్ బ్రౌన్ బాస్మతి రైస్,रॉयल ऑथेंटिक ब्राउन बासमती चावल,long grain rice|indian rice|chawal|biyyam|unpolished rice,Rice,1,Rack 3
24 Mantra Organic Idly Rice,24 మంత్ర ఆర్గానిక్ ఇడ్లీ రైస్,24 मंत्रा ऑर्गेनिक इडली राइस,biyyam|chawal|indian rice|unpolished rice,Rice,1,Rack 3
24 Mantra Organic Ponni Rice,24 మంత్ర ఆర్గానిక్ పొన్ని రైస్,24 मंत्रा ऑर्गेनिक पोन्नी चावल,brown rice|biyyam|chawal,Rice,1,Rack 3
Dunar Elonga Basmati Rice,డునార్ ఎలాంగా బాస్మతి రైస్,दुनार एलोन्गा बासमती चावल,long grain rice|indian rice|chawal|biyyam,Rice,1,Rack 3
Swad Gujarat 17 Khichdi Rice,స్వాద్ గుజరాత్ 17 ఖిచ్డీ రైస్,स्वाद गुजरात 17 खिचड़ी चावल,brown rice|long grain rice|indian rice|chawal|biyyam,Rice,1,Rack 3
India Gate Sona Masoori Rice,ఇండియా గేట్ సోనా మసూరి రైస్,इंडिया गेट सोना मसूरी चावल,brown rice|long grain rice|indian rice|chawal|biyyam,Rice,1,Rack 4
Swetha Telugu Sona Masori Rice,శ్వేత తెలుగు సోనా మసోరి రైస్,स्वेता तेलुगु सोना मसोरी चावल,chawal|biyyam,Rice,1,Rack 4
24 Mantra Organic Sonamasuri Rice,24 మంత్రం ఆర్గానిక్ సోనామసూరి రైస్,24 मंत्र ऑर्गेनिक सोनामासुरी चावल,chawal|biyyam,Rice,1,Rack 4
Royal Authentic Basmati Rice,రాయల్ అథెంటిక్ బాస్మతి రైస్,रॉयल ऑथेंटिक बासमती चावल,long grain rice|indian rice|chawal|biyyam,Rice,1,Rack 4
Royal Chef's Secret Basmati Rice,రాయల్ చెఫ్ యొక్క రహస్య బాస్మతి బియ్యం,रॉयल शेफ का सीक्रेट बासमती चावल,long grain rice|indian rice|chawal|biyyam|basmati brown rice,Rice,1,Rack 4
Royal Chef's Secret Extra Long Basmati Rice,రాయల్ చెఫ్ యొక్క రహస్య అదనపు పొడవైన బాస్మతి బియ్యం,रॉयल शेफ का सीक्रेट एक्स्ट्रा लॉन्ग बासमती चावल,long grain rice|indian rice|chawal|biyyam,Rice,1,Rack 1
Daawat Basmati Rice,దావత్ బాస్మతి రైస్,दावत बासमती चावल,long grain rice|indian rice|chawal|biyyam,Rice,1,Rack 1
24 Mantra Organic Brown Basmati Rice,24 మంత్ర ఆర్గానిక్ బ్రౌన్ బాస్మతి రైస్,24 मंत्रा ऑर्गेनिक ब्राउन बासमती चावल,basmati brown rice|24 mantra|organic,Rice,1,Rack 3
Swetha Telugu Sona Masoori Rice,శ్వేత తెలుగు సోనా మసూరి రైస్,स्वेता तेलुगु सोना मसूरी चावल,chawal|biyyam,Rice,1,Rack 4
Royal Chef's Secret Extra Long Grain Basmati Rice,రాయల్ చెఫ్ సీక్రెట్ ఎక్స్‌ట్రా లాంగ్ గ్రెయిన్ బాస్మతి రైస్,रॉयल शेफ का सीक्रेट एक्स्ट्रा लॉन्ग ग्रेन बासमती चावल,chawal|biyyam,Rice,1,Rack 4
Zafarani Basmati Rice,జఫరానీ బాస్మతి రైస్,ज़फ़रानी बासमती चावल,long grain rice|indian rice|chawal|biyyam,Rice,1,Rack 9
Lal Qilla Basmati Rice,లాల్ ఖిల్లా బాస్మతి రైస్,लाल किला बासमती चावल,long grain rice|indian rice|chawal|biyyam,Rice,1,Rack 9
Double Horse Vadi Matta Rice,డబుల్ హార్స్ వాడి మట్టా రైస్,डबल हॉर्स वड़ी मट्टा राइस,biyyam|chawal|indian rice|long grain rice,Rice,1,Rack 9
Shalimar Empire Basmati Rice,షాలిమార్ సామ్రాజ్యం బాస్మతి బియ్యం,शालीमार एम्पायर बासमती चावल,long grain rice|indian rice|chawal|biyyam,Rice,1,Rack 9
Brown Basmati Rice,బ్రౌన్ బాస్మతి రైస్,ब्राउन बासमती चावल,brown|basmati|rice,Rice,1,Rack 9
Laxmi Low GI Basmati Rice,లక్ష్మి తక్కువ GI బాస్మతి బియ్యం,लक्ष्मी लो जीआई बासमती चावल,long grain rice|indian rice|chawal|biyyam,Rice,1,Rack 9
Raghav Ambe Mohar Rice,రాఘవ్ అంబే మోహర్ రైస్,राघव अम्बे मोहर राइस,biyyam|chawal|basmati|long grain rice|indian rice,Rice,1,Rack 10
Deccan Krishna Kamod Rice,దక్కన్ కృష్ణ కామోద్ రైస్,दक्कन कृष्णा कमोद चावल,biyyam|chawal|basmati|long grain rice|indian rice,Rice,1,Rack 10
Deccan Dosa Rice,దక్కన్ దోస రైస్,दक्कन डोसा चावल,biyyam|chawal|brown rice|long grain rice|indian rice,Rice,1,Rack 11
Deccan Surti Kolam Rice,దక్కన్ సుర్తి కోలం రైస్,दक्कन सुरती कोलम चावल,brown rice|indian rice|basmati|chawal|biyyam|long grain rice,Rice,1,Rack 11
Deccan Jeera Samba Rice,దక్కన్ జీరా సంబా రైస్,दक्कन जीरा सांबा चावल,chawal,Rice,1,Rack 11
Deccan Indrayani Rice,దక్కన్ ఇంద్రాయణి బియ్యం,दक्कन इंद्रायणी चावल,indian rice|chawal|biyyam,Rice,1,Rack 11
Sona Masoori Rice,సోనా మసూరి రైస్,सोना मसूरी चावल,chawal|biyyam,Rice,1,Rack 12
Zebra Brand Basmati Rice,జీబ్రా బ్రాండ్ బాస్మతి బియ్యం,ज़ेबरा ब्रांड बासमती चावल,indian rice|chawal|biyyam,Rice,1,Rack 12
Zebra Brand Basmati Rice (Yellow Bag),జీబ్రా బ్రాండ్ బాస్మతి బియ్యం (పసుపు సంచి),जेब्रा ब्रांड बासमती चावल (पीले रंग का बैग),indian rice|chawal|biyyam,Rice,1,Rack 12
Godavari Sona Masoori Rice,గోదావరి సోనా మసూరి రైస్,गोदावरी सोना मसूरी चावल,chawal|biyyam|long grain rice|indian rice,Rice,1,Rack 12
Raja Foods Sona Masoori Rice,రాజా ఫుడ్స్ సోనా మసూరి రైస్,राजा फूड्स सोना मसूरी चावल,chawal|biyyam,Rice,1,Rack 12
Laxmi Idli Rice,లక్ష్మి ఇడ్లీ రైస్,लक्ष्मी इडली चावल,indian rice|biyyam|chawal,Rice,1,Rack 12
Aluminum Foil Pans,అల్యూమినియం రేకు ప్యాన్లు,एल्युमिनियम फॉइल पैन,cookware,Kitchenware,1,Rack 23
Ziploc Sandwich Bags,జిప్లాక్ శాండ్‌విచ్ బ్యాగులు,ज़िपलॉक सैंडविच बैग,,Household & Cleaning,1,Rack 23
Paper Cups,కాగితపు కప్పులు,कागज के कप,,Household & Cleaning,1,Rack 23
Dettol Original Handwash,డెట్టాల్ ఒరిజినల్ హ్యాండ్‌వాష్,डेटॉल ओरिजिनल हैंडवॉश,,Personal Care,1,Rack 24
Always Ultra Thin Pads,ఎల్లప్పుడూ అతి సన్నని ప్యాడ్‌లు,ऑलवेज अल्ट्रा थिन पैड्स,,Personal Care,1,Rack 24
Tampax Cardboard Box,ట్యాంపాక్స్ కార్డ్‌బోర్డ్ పెట్టె,टैम्पैक्स कार्डबोर्ड बॉक्स,,Personal Care,1,Rack 24
Tide Liquid Laundry Detergent,టైడ్ లిక్విడ్ లాండ్రీ డిటర్జెంట్,टाइड लिक्विड लॉन्ड्री डिटर्जेंट,,Household & Cleaning,1,Rack 24
Surf Excel Easy Wash Powder,సర్ఫ్ ఎక్సెల్ ఈజీ వాష్ పౌడర్,सर्फ एक्सेल ईज़ी वॉश पाउडर,,Household & Cleaning,1,Rack 24
Mysore Sandal Soap,మైసూర్ చందనం సబ్బు,मैसूर चंदन साबुन,,Personal Care,1,Rack 25
Moti Sandal Soap,మోతీ చందనం సబ్బు,मोती चंदन साबुन,,Personal Care,1,Rack 25
Sleek Hot Wax,స్లీక్ హాట్ వాక్స్,स्लीक हॉट वैक्स,,Personal Care,1,Rack 25
Veet Professional Wax Strips,వీట్ ప్రొఫెషనల్ వాక్స్ స్ట్రిప్స్,वीट प्रोफेशनल वैक्स स्ट्रिप्स,,Personal Care,1,Rack 25
Kanti Toothpaste,కాంతి టూత్‌పేస్ట్,कांति टूथपेस्ट,,Personal Care,1,Rack 26
Vicco Vajradanti Toothpaste,విక్కో వజ్రదంతి టూత్‌పేస్ట్,विक्को वज्रदंती टूथपेस्ट,,Personal Care,1,Rack 26
Closeup Toothpaste,టూత్‌పేస్ట్ క్లోజప్,टूथपेस्ट का क्लोजअप,,Personal Care,1,Rack 26
Sensodyne Toothpaste,సెన్సోడైన్ టూత్‌పేస్ట్,सेंसोडाइन टूथपेस्ट,,Personal Care,1,Rack 26
Gold Atta,బంగారు పిండి,गोल्ड आटा,,Atta & Flours,1,Rack 27
Jeera Khichiya Cardboard Box,జీరా ఖిచియా కార్డ్‌బోర్డ్ పెట్టె,जीरा खिचिया कार्डबोर्ड बॉक्स,cumin,Spices & Masalas,1,Rack 27
Aashirvaad Whole Wheat Flour,ఆశీర్వాద్ గోధుమ పిండి,आशीर्वाद होल व्हीट फ्लोर,atta|godhumapindi|whole wheat atta,Atta & Flours,1,Rack 28
Sher Fiber Wala Whole Wheat Flour,షేర్ ఫైబర్ వాలా హోల్ వీట్ ఫ్లోర్,शेर फाइबर वाला साबुत गेहूं का आटा,atta|godhumapindi|whole wheat atta,Atta & Flours,1,Rack 28
Meera Shampoo,మీరా షాంపూ,मीरा शैम्पू,,Personal Care,1,Rack 35
Ziploc Sandwich Bags (480 Pack),జిప్లాక్ శాండ్‌విచ్ బ్యాగులు (480 ప్యాక్),ज़िपलॉक सैंडविच बैग (480 का पैक),,Household & Cleaning,1,Rack 35
Ziploc On-The-Go Protection Sandwich Bags,జిప్లాక్ ఆన్-ది-గో ప్రొటెక్షన్ శాండ్‌విచ్ బ్యాగ్‌లు,ज़िपलॉक ऑन-द-गो प्रोटेक्शन सैंडविच बैग,,Household & Cleaning,1,Rack 35
Scrubbing Bubbles Bathroom Grime Fighter,స్క్రబ్బింగ్ బబుల్స్ బాత్రూమ్ మురికి నివారిణి,स्क्रबिंग बबल्स बाथरूम की गंदगी से लड़ने वाला,,Household & Cleaning,1,Rack 36
Glass & Surface Cleaner,గ్లాస్ & సర్ఫేస్ క్లీనర్,ग्लास और सतह क्लीनर,,Household & Cleaning,1,Rack 36
Carpet Cleaner,కార్పెట్ క్లీనర్,कालीन क्लीनर,carpet shampoo,Household & Cleaning,1,Rack 36
Mighty Sealer,మైటీ సీలర్,शक्तिशाली सीलर,,Household & Cleaning,1,Rack 36
Nupur Henna 9 Herbs,నూపుర్ హెన్నా 9 మూలికలు,नूपुर मेहंदी में इस्तेमाल होने वाली 9 जड़ी-बूटियाँ,powder,Spices & Masalas,1,Rack 36
Mamaearth Ubtan Face Wash,మామాఎర్త్ ఉబ్తాన్ ఫేస్ వాష్,मामाअर्थ उबटन फेस वॉश,,Personal Care,1,Rack 37
Vicco Aloe Vera Face Wash,విక్కో అలోవెరా ఫేస్ వాష్,विको एलोवेरा फेस वॉश,,Personal Care,1,Rack 37
Vicco Turmeric Face Wash,విక్కో పసుపు ఫేస్ వాష్,विको हल्दी फेस वॉश,turmeric powder|pasupu|haldi,Personal Care,1,Rack 37
Patanjali Aloe Vera Gel,పతంజలి అలోవెరా జెల్,पतंजलि एलोवेरा जेल,,Personal Care,1,Rack 37
Mysore Sandal Soap,మైసూర్ చందనం సబ్బు,मैसूर चंदन साबुन,,Personal Care,1,Rack 37
Dettol Soap,డెట్టాల్ సబ్బు,डेटॉल साबुन,,Personal Care,1,Rack 38
Pears Pure & Gentle Soap,పియర్స్ ప్యూర్ & జెంటిల్ సోప్,पियर्स प्योर एंड जेंटल सोप,,Personal Care,1,Rack 38
Lux Soap,లక్స్ సబ్బు,लक्स साबुन,,Personal Care,1,Rack 38
Ayur Shampoo,ఆయుర్ షాంపూ,आयुर् शैम्पू,,Personal Care,1,Rack 39
Clinic Plus Shampoo,క్లినిక్ ప్లస్ షాంపూ,क्लिनिक प्लस शैम्पू,,Personal Care,1,Rack 39
Himalaya Anti-Hair Fall Shampoo,హిమాలయా యాంటీ-హెయిర్ ఫాల్ షాంపూ,हिमालय एंटी-हेयर फॉल शैम्पू,,Personal Care,1,Rack 39
Listerine Cool Mint Mouthwash,లిస్టరిన్ కూల్ మింట్ మౌత్‌వాష్,लिस्टरिन कूल मिंट माउथवॉश,,Personal Care,1,Rack 39
Listerine Total Care Mouthwash,లిస్టరిన్ టోటల్ కేర్ మౌత్‌వాష్,लिस्टरिन टोटल केयर माउथवॉश,,Personal Care,1,Rack 39
Meswak Toothpaste,మెస్వాక్ టూత్‌పేస్ట్,मेसवैक टूथपेस्ट,,Personal Care,1,Rack 39
Neem Toothpaste,వేప టూత్‌పేస్ట్,नीम टूथपेस्ट,,Personal Care,1,Rack 39
Dabur Red Toothpaste,డాబర్ రెడ్ టూత్‌పేస్ట్,डाबर रेड टूथपेस्ट,,Personal Care,1,Rack 39
Parboiled Basmati Rice,పార్‌బాయిల్డ్ బాస్మతి రైస్,उबले हुए बासमती चावल,,Rice,1,Rack 40
Aashirvaad Whole Wheat Flour,ఆశీర్వాద్ గోధుమ పిండి,आशीर्वाद होल व्हीट फ्लोर,atta|godhumapindi|whole wheat atta,Atta & Flours,1,Rack 40
Aashirvaad Shudh Chakki Atta,ఆశీర్వాద్ శుద్ధ చక్కి అట్టా,आशीर्वाद शुद्ध चक्की आटा,,Atta & Flours,1,Rack 41
Aashirvaad Whole Wheat Flour,ఆశీర్వాద్ గోధుమ పిండి,आशीर्वाद होल व्हीट फ्लोर,atta|godhumapindi|whole wheat atta,Atta & Flours,1,Rack 41
Himson Kraft Grocery Bag #4,హిమ్సన్ క్రాఫ్ట్ కిరాణా సంచి #4,हिमसन क्राफ्ट किराना बैग #4,,Household & Cleaning,1,Rack 29
Brown Paper Package,బ్రౌన్ పేపర్ ప్యాకేజీ,भूरे रंग के कागज का पैकेज,,Household & Cleaning,1,Rack 29
Aluminum Foil Pans,అల్యూమినియం రేకు ప్యాన్లు,एल्युमिनियम फॉइल पैन,cookware,Kitchenware,1,Rack 29
Godrej Nupur Henna 100% Pure Henna,గోద్రెజ్ నూపూర్ హెన్నా 100% స్వచ్ఛమైన హెన్నా,गोदरेज नुपुर मेंहदी 100% शुद्ध मेंहदी,,Personal Care,1,Rack 30
Godrej Kali Mehendi,గోద్రెజ్ కాళీ మెహందీ,गोदरेज काली मेहंदी,mehendi powder,Personal Care,1,Rack 30
Black Rose Kali Mehendi,నల్ల గులాబీ కాళీ మెహందీ,काली गुलाब काली मेहंदी,,Personal Care,1,Rack 30
Godrej Expert Rich Crème Hair Colour,గోద్రెజ్ ఎక్స్‌పర్ట్ రిచ్ క్రీమ్ హెయిర్ కలర్,गोदरेज एक्सपर्ट रिच क्रीम हेयर कलर,,Personal Care,1,Rack 30
Floss Picks,ఫ్లాస్ పిక్స్,फ्लॉस पिक्स,,Household & Cleaning,1,Rack 30
Wilkinson Sword Classic Double Edge Blades,విల్కిన్సన్ కత్తి క్లాసిక్ డబుల్ ఎడ్జ్ బ్లేడ్లు,विल्किंसन स्वॉर्ड क्लासिक डबल एज ब्लेड्स,,Personal Care,1,Rack 30
Gillette Blue II Razors,జిల్లెట్ బ్లూ II రేజర్లు,जिलेट ब्लू II रेज़र,,Personal Care,1,Rack 30
Dettol Original Liquid Handwash,డెట్టాల్ ఒరిజినల్ లిక్విడ్ హ్యాండ్‌వాష్,डेटॉल ओरिजिनल लिक्विड हैंडवॉश,,Personal Care,1,Rack 30
Lux Velvet Touch Soap,లక్స్ వెల్వెట్ టచ్ సోప్,लक्स वेलवेट टच साबुन,,Personal Care,1,Rack 31
Santoor Sandal & Turmeric Soap,సంతూర్ చెప్పులు & పసుపు సబ్బు,संतूर चंदन और हल्दी साबुन,,Personal Care,1,Rack 31
Dove Cream Beauty Bar,డోవ్ క్రీమ్ బ్యూటీ బార్,डोव क्रीम ब्यूटी बार,,Personal Care,1,Rack 31
Dove Beauty Cream Bar Original,డోవ్ బ్యూటీ క్రీమ్ బార్ ఒరిజినల్,डोव ब्यूटी क्रीम बार ओरिजिनल,classic,Personal Care,1,Rack 31
Dove Pink Beauty Bar,డోవ్ పింక్ బ్యూటీ బార్,डोव पिंक ब्यूटी बार,,Personal Care,1,Rack 31
Dove Sensitive Beauty Bar,డోవ్ సెన్సిటివ్ బ్యూటీ బార్,डव सेंसिटिव ब्यूटी बार,,Personal Care,1,Rack 31
Dove Men+Care Clean Comfort Face & Body Bar,డోవ్ మెన్+కేర్ క్లీన్ కంఫర్ట్ ఫేస్ & బాడీ బార్,डव मेन+केयर क्लीन कम्फर्ट फेस एंड बॉडी बार,,Personal Care,1,Rack 31
Pears Pure & Gentle Soap,పియర్స్ ప్యూర్ & జెంటిల్ సోప్,पियर्स प्योर एंड जेंटल सोप,,Personal Care,1,Rack 31
Colgate Charcoal Clean Toothpaste,కోల్గేట్ చార్కోల్ క్లీన్ టూత్‌పేస్ట్,कोलगेट चारकोल क्लीन टूथपेस्ट,activated charcoal,Personal Care,1,Rack 32
Colgate Herbal Toothpaste,కోల్గేట్ హెర్బల్ టూత్‌పేస్ట్,कोलगेट हर्बल टूथपेस्ट,,Personal Care,1,Rack 32
Colgate Active Salt Toothpaste,కోల్గేట్ యాక్టివ్ సాల్ట్ టూత్‌పేస్ట్,कोलगेट एक्टिव सॉल्ट टूथपेस्ट,,Personal Care,1,Rack 32
Colgate Strong Teeth Toothpaste,కోల్గేట్ స్ట్రాంగ్ టీత్ టూత్‌పేస్ట్,कोलगेट स्ट्रॉन्ग टीथ टूथपेस्ट,,Personal Care,1,Rack 32
Patanjali Dant Kanti Natural Toothpaste,పతంజలి దాంట్ కాంతి సహజ టూత్‌పేస్ట్,पतंजलि दंत कांति प्राकृतिक टूथपेस्ट,,Personal Care,1,Rack 32
Aashirvaad Shudh Chakki Atta,ఆశీర్వాద్ శుద్ధ చక్కి అట్టా,आशीर्वाद शुद्ध चक्की आटा,,Atta & Flours,1,Rack 33
Gold Atta,బంగారు పిండి,गोल्ड आटा,,Atta & Flours,1,Rack 33
Aashirvaad Whole Wheat Flour,ఆశీర్వాద్ గోధుమ పిండి,आशीर्वाद होल व्हीट फ्लोर,atta|godhumapindi|whole wheat atta,Atta & Flours,1,Rack 34
HIMBSON Blue Nitrile Gloves X-Large,హింబ్సన్ బ్లూ నైట్రైల్ గ్లోవ్స్ ఎక్స్-లార్జ్,हिम्सॉन ब्लू नाइट्राइल ग्लव्स एक्स-लार्ज,,Household & Cleaning,1,Rack 49
Dettol Antiseptic Value Refill,డెట్టాల్ యాంటీసెప్టిక్ వాల్యూ రీఫిల్,डेटॉल एंटीसेप्टिक वैल्यू रिफिल,,Household & Cleaning,1,Rack 49
Vatika Argan Enriched Hair Oil,వాటికా అర్గాన్ సుసంపన్నమైన హెయిర్ ఆయిల్,वाटिका आर्गन समृद्ध हेयर ऑयल,,Personal Care,1,Rack 50
Vatika Black Seed Enriched Hair Oil,వాటికా బ్లాక్ సీడ్ ఎన్రిచ్డ్ హెయిర్ ఆయిల్,वाटिका ब्लैक सीड एनरिच्ड हेयर ऑयल,vegetable oil,Personal Care,1,Rack 50
Himani Navratna Ayurvedic Oil,హిమానీ నవరత్న ఆయుర్వేదిక్ ఆయిల్,हिमानी नवरत्न आयुर्वेदिक तेल,,Oils & Ghee,1,Rack 52
Parachute Advansed Hot Oil,పారాచూట్ అడ్వాన్స్‌డ్ హాట్ ఆయిల్,पैराशूट एडवांस्ड हॉट ऑयल,vegetable oil,Oils & Ghee,1,Rack 52
Patanjali Kesh Kanti Tel,పతంజలి కేశ కాంతి టెల్,पतंजलि केश कांति दूरभाष,,Oils & Ghee,1,Rack 52
Dabur Amla Jasmine Hair Oil,డాబర్ ఆమ్లా జాస్మిన్ హెయిర్ ఆయిల్,डाबर आंवला जैस्मीन हेयर ऑयल,vegetable oil,Personal Care,1,Rack 53
Keo Karpin Non-Sticky Hair Oil,కియో కార్పిన్ నాన్-స్టిక్కీ హెయిర్ ఆయిల్,केओ कार्पिन नॉन-स्टिकी हेयर ऑयल,vegetable oil,Personal Care,1,Rack 53
Dabur Amla Hair Fall Control Hair Oil,డాబర్ ఆమ్లా హెయిర్ ఫాల్ కంట్రోల్ హెయిర్ ఆయిల్,डाबर आंवला हेयर फॉल कंट्रोल हेयर ऑयल,,Personal Care,1,Rack 53
Magic Bins Tall Kitchen Bags 13 Gallon,మ్యాజిక్ బిన్స్ పొడవైన వంటగది సంచులు 13 గ్యాలన్లు,मैजिक बिन्स टॉल किचन बैग 13 गैलन,,Household & Cleaning,1,Rack 42
Ayur Herbal Skin Toner & Astringent (Boxes),ఆయుర్ హెర్బల్ స్కిన్ టోనర్ & ఆస్ట్రింజెంట్ (బాక్సులు),आयुर् हर्बल स्किन टोनर और एस्ट्रिंजेंट (बॉक्स),,Personal Care,1,Rack 42
Harpic Power Plus 10x Toilet Cleaner,హార్పిక్ పవర్ ప్లస్ 10x టాయిలెట్ క్లీనర్,हार्पिक पावर प्लस 10x टॉयलेट क्लीनर,toilet bowl cleaner,Household & Cleaning,1,Rack 43
Lattafa Perfumed Body Spray,లత్తాఫా పెర్ఫ్యూమ్డ్ బాడీ స్ప్రే,लत्ताफा परफ्यूम्ड बॉडी स्प्रे,,Personal Care,1,Rack 43
Enchanteur Perfumed Deo Spray,ఎంచాంట్యూర్ పెర్ఫ్యూమ్డ్ డియో స్ప్రే,एनचैंटर परफ्यूम्ड डियो स्प्रे,,Personal Care,1,Rack 43
Dettol Lather Shaving Cream,డెట్టాల్ లాథర్ షేవింగ్ క్రీమ్,डेटॉल लैदर शेविंग क्रीम,,Personal Care,1,Rack 44
Axe Deodorant Body Spray,యాక్స్ డియోడరెంట్ బాడీ స్ప్రే,एक्स डिओडोरेंट बॉडी स्प्रे,,Personal Care,1,Rack 44
Lattafa Yara Perfume Spray,లత్తాఫా యారా పెర్ఫ్యూమ్ స్ప్రే,लत्ताफा यारा परफ्यूम स्प्रे,,Personal Care,1,Rack 44
Rin Detergent Bar,రిన్ డిటర్జెంట్ బార్,रिन डिटर्जेंट बार,,Household & Cleaning,1,Rack 45
Ayur Cucumber Face Pack,ఆయుర్ దోసకాయ ఫేస్ ప్యాక్,आयुर् खीरा फेस पैक,cucumber face pack|ayurvedic face pack,Personal Care,1,Rack 45
Ayur Rose Face Pack,ఆయుర్ రోజ్ ఫేస్ ప్యాక్,आयुर् रोज़ फेस पैक,rose face pack|ayurvedic face pack,Personal Care,1,Rack 45
Ayur Neem Face Pack,ఆయుర్ వేప ఫేస్ ప్యాక్,आयुर् नीम फेस पैक,ayurvedic face pack,Personal Care,1,Rack 45
Ayur Multani Mitti Face Pack,ఆయుర్ ముల్తానీ మిట్టి ఫేస్ ప్యాక్,आयुर् मुल्तानी मिट्टी फेस पैक,ayurvedic face pack,Personal Care,1,Rack 45
Cinthol Lime Soap,సింథోల్ లైమ్ సబ్బు,सिंथोल लाइम साबुन,,Personal Care,1,Rack 45
Cinthol Cool Soap,సింథోల్ కూల్ సోప్,सिंथोल कूल साबुन,,Personal Care,1,Rack 45
Cinthol Original Soap,సింథోల్ ఒరిజినల్ సోప్,सिंथोल ओरिजिनल साबुन,,Personal Care,1,Rack 45
Lifebuoy Total Soap,లైఫ్‌బాయ్ టోటల్ సోప్,लाइफबॉय टोटल सोप,,Personal Care,1,Rack 45
Reshma Turmeric Soap,రేష్మా పసుపు సబ్బు,रेशमा हल्दी साबुन,haldi|pasupu,Personal Care,1,Rack 45
Ayur Herbal Shampoo,ఆయుర్ హెర్బల్ షాంపూ,आयुर् हर्बल शैम्पू,,Personal Care,1,Rack 46
Meera Herbal Shampoo,మీరా హెర్బల్ షాంపూ,मीरा हर्बल शैम्पू,,Personal Care,1,Rack 46
Sunsilk Soft & Smooth Shampoo,సన్‌సిల్క్ సాఫ్ట్ & స్మూత్ షాంపూ,सनसिल्क सॉफ्ट एंड स्मूथ शैम्पू,,Personal Care,1,Rack 46
Sunsilk Stunning Black Shine Shampoo,సన్‌సిల్క్ స్టన్నింగ్ బ్లాక్ షైన్ షాంపూ,सनसिल्क स्टनिंग ब्लैक शाइन शैम्पू,,Personal Care,1,Rack 46
Sunsilk Lusciously Thick & Long Shampoo,సన్‌సిల్క్ లూసియస్లీ థిక్ & లాంగ్ షాంపూ,सनसिल्क लशियसली थिक एंड लॉन्ग शैम्पू,,Personal Care,1,Rack 46
Clinic Plus Strong & Long Shampoo,క్లినిక్ ప్లస్ స్ట్రాంగ్ & లాంగ్ షాంపూ,क्लिनिक प्लस स्ट्रॉन्ग एंड लॉन्ग शैम्पू,,Personal Care,1,Rack 46
Laxmi Sona Masoori Rice,లక్ష్మి సోనా మసూరి రైస్,लक्ष्मी सोना मसूरी चावल,brown rice|chawal|biyyam|long grain rice|indian rice,Rice,1,Rack 47
Royal Authentic Basmati Rice,రాయల్ అథెంటిక్ బాస్మతి రైస్,रॉयल ऑथेंटिक बासमती चावल,long grain rice|indian rice|chawal|biyyam,Rice,1,Rack 47
Dehraduni Basmati Rice,డెహ్రాడూని బాస్మతి బియ్యం,देहरादून बासमती चावल,long grain rice|indian rice|chawal|biyyam,Rice,1,Rack 47
Sujata Gold Atta,సుజాత గోల్డ్ అట్టా,सुजाता गोल्ड अट्टा,,Atta & Flours,1,Rack 48
Sujata Chakki Atta,సుజాత చక్కి అట్ట,सुजाता चक्की आटा,,Atta & Flours,1,Rack 48
Aashirvaad Atta with Multigrains,మల్టీగ్రెయిన్‌లతో ఆశీర్వాదం అట్టా,मल्टीग्रेन के साथ आशीर्वाद आटा,flour,Atta & Flours,1,Rack 48
Harpic Power Plus Toilet Cleaner,హార్పిక్ పవర్ ప్లస్ టాయిలెట్ క్లీనర్,हार्पिक पावर प्लस टॉयलेट क्लीनर,toilet bowl cleaner,Household & Cleaning,1,Rack 1
Ziploc Double Zipper Freezer Bags,జిప్లాక్ డబుల్ జిప్పర్ ఫ్రీజర్ బ్యాగులు,ज़िपलॉक डबल ज़िपर फ्रीज़र बैग,,Household & Cleaning,1,Rack 1
Vicco Turmeric Skin Cream,విక్కో పసుపు చర్మ క్రీమ్,विको हल्दी त्वचा क्रीम,haldi|pasupu,Personal Care,1,Rack 2
Himalaya Purifying Neem Face Wash,హిమాలయా ప్యూరిఫైయింగ్ నీమ్ ఫేస్ వాష్,हिमालय प्यूरिफाइंग नीम फेस वॉश,,Personal Care,1,Rack 2
Colgate Strong Teeth Toothpaste,కోల్గేట్ స్ట్రాంగ్ టీత్ టూత్‌పేస్ట్,कोलगेट स्ट्रॉन्ग टीथ टूथपेस्ट,,Personal Care,1,Rack 3
Clinic Plus Strong & Long Health Shampoo,క్లినిక్ ప్లస్ స్ట్రాంగ్ & లాంగ్ హెల్త్ షాంపూ,क्लिनिक प्लस स्ट्रॉन्ग एंड लॉन्ग हेल्थ शैम्पू,,Personal Care,1,Rack 4
Vatika Naturals Shampoo,వాటికా నాచురల్స్ షాంపూ,वाटिका नैचुरल्स शैम्पू,,Personal Care,1,Rack 4
Aashirvaad Superior MP Atta,ఆశీర్వాద్ సుపీరియర్ ఎంపీ అట్టా,आशीर्वाद सुपीरियर एमपी अट्टा,,Atta & Flours,1,Rack 6
Royal Basmati Rice,రాయల్ బాస్మతి రైస్,रॉयल बासमती चावल,long grain rice|indian rice|chawal|biyyam,Rice,1,Rack 3
,#VALUE!,#VALUE!,,,,
Mother's Recipe Paneer Tikka Masala Ready-To-Cook,అమ్మ వంటకం పనీర్ టిక్కా మసాలా వండటానికి సిద్ధంగా ఉంది,माँ की रेसिपी से बना पनीर टिक्का मसाला (पकाने के लिए तैयार),,Ready to Eat & Instant,2,Rack 1
Rasoi Magic Paneer Bhurji Spice Mix,రసోయి మ్యాజిక్ పనీర్ భుర్జీ మసాలా మిక్స్,रसोई मैजिक पनीर भुर्जी मसाला मिक्स,,Spices & Masalas,2,Rack 1
Rasoi Magic Misal Rassa Spice Mix,రసోయి మ్యాజిక్ మిసల్ రస్సా స్పైస్ మిక్స్,रसोई मैजिक मिसल रस्सा मसाला मिश्रण,,Spices & Masalas,2,Rack 1
Rasoi Magic Veg Specials Chicken Curry Spice Mix,రసోయ్ మ్యాజిక్ వెజ్ స్పెషల్స్ చికెన్ కర్రీ స్పైస్ మిక్స్,रसोई मैजिक वेज स्पेशल चिकन करी मसाला मिक्स,,Spices & Masalas,2,Rack 1
Jawari Peanut Chutney Powder,జొన్న వేరుశెనగ చట్నీ పొడి,ज्वारी मूंगफली चटनी पाउडर,groundnuts,Sauces & Pastes,2,Rack 1
Jawari Flax Seed Chutney Powder,జొన్న అవిసె గింజల చట్నీ పొడి,ज्वारी अलसी चटनी पाउडर,,Sauces & Pastes,2,Rack 1
Shan Chicken Broast Mix,షాన్ చికెన్ బ్రోస్ట్ మిక్స్,शान चिकन ब्रोस्ट मिक्स,chicken tikka mix|tikka chicken mix|marinade for chicken,Ready to Eat & Instant,2,Rack 2
Shan Chicken Masala Mix,షాన్ చికెన్ మసాలా మిక్స్,शान चिकन मसाला मिक्स,,Spices & Masalas,2,Rack 2
Shan Bihari Kabab Mix,షాన్ బిహారీ కబాబ్ మిక్స్,शान बिहारी कबाब मिक्स,kebabs,Spices & Masalas,2,Rack 2
Shan Biryani Masala,షాన్ బిర్యానీ మసాలా,शान बिरयानी मसाला,mutton rice|indian rice dish,Spices & Masalas,2,Rack 2
Patak's Sweet Mango Chutney,పటాక్స్ స్వీట్ మ్యాంగో చట్నీ,पाटक की मीठी आम की चटनी,,Pickles & Chutneys,2,Rack 2
Shan Aaloo Bhaji Mix,షాన్ ఆలూ భాజీ మిక్స్,शान आलू भाजी मिक्स,,Ready to Eat & Instant,2,Rack 2
Shan Achar Gosht Mix,షాన్ అచార్ గోష్ట్ మిక్స్,शान अचार गोश्त मिक्स,,Ready to Eat & Instant,2,Rack 2
MDH Chunky Chat Masala,MDH చంకీ చాట్ మసాలా,एमडीएच चंकी चाट मसाला,spices,Spices & Masalas,2,Rack 3
MDH Curry Masala for Chicken,చికెన్ కోసం MDH కర్రీ మసాలా,एमडीएच चिकन करी मसाला,,Spices & Masalas,2,Rack 3
MDH Chana Masala,MDH చనా మసాలా,एमडीएच चना मसाला,chickpea|chickpeas,Dals & Pulses,2,Rack 3
MDH Chutney Podina Masala,MDH చట్నీ పొడినా మసాలా,एमडीएच चटनी पुदीना मसाला,,Spices & Masalas,2,Rack 3
MDH Baingan Bharta Masala,MDH బైంగన్ భర్తా మసాలా,एमडीएच बैंगन भरता मसाला,,Spices & Masalas,2,Rack 3
MDH Curry Masala for Butter Chicken,MDH బటర్ చికెన్ కర్రీ మసాలా,बटर चिकन के लिए एमडीएच करी मसाला,,Spices & Masalas,2,Rack 3
MDH Bombay Biryani Masala,MDH బొంబాయి బిర్యానీ మసాలా,एमडीएच बॉम्बे बिरयानी मसाला,spice,Spices & Masalas,2,Rack 3
MDH Arhar Dal Masala,MDH అర్హర్ దాల్ మసాలా,एमडीएच अरहर दाल मसाला,spice,Spices & Masalas,2,Rack 3
MDH Amchur Powder,MDH ఆమ్చూర్ పౌడర్,एमडीएच आमचूर पाउडर,rice,Spices & Masalas,2,Rack 3
MDH Achari Gosht Masala,MDH అచారి గోష్ట్ మసాలా,एमडीएच अचारी गोश्त मसाला,,Spices & Masalas,2,Rack 3
MDH Achari Aloo Masala,MDH అచారి ఆలూ మసాలా,एमडीएच अचारी आलू मसाला,spice,Spices & Masalas,2,Rack 3
MDH Achari Chicken Masala,MDH అచారి చికెన్ మసాలా,एमडीएच अचारी चिकन मसाला,chicken curry|chicken tikka masala,Spices & Masalas,2,Rack 3
MDH Anardana Powder,MDH అనార్దానా పౌడర్,एमडीएच अनारदाना पाउडर,,Spices & Masalas,2,Rack 3
777 Tandoori Chicken Masala,777 తందూరి చికెన్ మసాలా,777 तंदूरी चिकन मसाला,chicken curry|chicken tikka masala,Spices & Masalas,2,Rack 4
777 Madras Sambar Powder,777 మద్రాస్ సాంబార్ పౌడర్,777 मद्रास सांभर पाउडर,madras mix|spice mix,Spices & Masalas,2,Rack 4
777 Madras Rasam Powder,777 మద్రాస్ రసం పౌడర్,777 मद्रास रसम पाउडर,madras mix|spice mix,Spices & Masalas,2,Rack 4
777 Instant Puliyodharai Mix,777 ఇన్‌స్టంట్ పులియోధరై మిక్స్,777 इंस्टेंट पुलियोधराई मिक्स,rice|powder,Ready to Eat & Instant,2,Rack 4
777 Idly Chilly Chutney Powder,777 ఇడ్లీ మిరపకాయ చట్నీ పొడి,777 इडली मिर्च चटनी पाउडर,,Spices & Masalas,2,Rack 4
777 Special Egg Curry Masala,777 స్పెషల్ ఎగ్ కర్రీ మసాలా,777 स्पेशल एग करी मसाला,,Spices & Masalas,2,Rack 4
777 Madras Chicken 65 Masala,777 మద్రాస్ చికెన్ 65 మసాలా,777 मद्रास चिकन 65 मसाला,,Spices & Masalas,2,Rack 4
777 Biryani Pulav Masala,777 బిర్యానీ పులావ్ మసాలా,777 बिरयानी पुलाव मसाला,,Spices & Masalas,2,Rack 4
National Mutton Biryani Masala,నేషనల్ మటన్ బిర్యానీ మసాలా,नेशनल मटन बिरयानी मसाला,mutton curry masala,Spices & Masalas,2,Rack 4
National Biryani Masala,నేషనల్ బిర్యానీ మసాలా,नेशनल बिरयानी मसाला,,Spices & Masalas,2,Rack 4
Laxmi Black Pepper Powder,లక్ష్మి నల్ల మిరియాల పొడి,लक्ष्मी काली मिर्च पाउडर,,Spices & Masalas,2,Rack 5
Swad Black Pepper Coarse,స్వాద్ నల్ల మిరియాలు ముతకగా,स्वाद काली मिर्च दरदरी,,Spices & Masalas,2,Rack 5
Aara White Pepper Whole,ఆరా తెల్ల మిరియాలు మొత్తం,आरा सफेद मिर्च साबुत,,Spices & Masalas,2,Rack 5
Laxmi Star Anise Seeds,లక్ష్మి స్టార్ సోంపు గింజలు,लक्ष्मी स्टार अनीस के बीज,chiya bij|chiya beeja,Spices & Masalas,2,Rack 5
Laxmi Ajwain Seeds,లక్ష్మి వాము విత్తనాలు,लक्ष्मी अजवाइन के बीज,carom seeds,Spices & Masalas,2,Rack 5
Laxmi Amchur Powder,లక్ష్మి ఆమ్చూర్ పౌడర్,लक्ष्मी आमचूर पाउडर,,Spices & Masalas,2,Rack 5
Swad Anardana Powder,స్వాద్ అనార్దన పొడి,स्वाद अनारदाना पाउडर,,Spices & Masalas,2,Rack 5
Deep Pani Puri Golgappa,దీప్ పానీ పూరి గొల్గప్ప,दीप पानी पुरी गोलगप्पा,,Snacks & Namkeen,2,Rack 6
Haldiram's Pani Puri Kit,హల్దీరామ్స్ పానీ పూరీ కిట్,हल्दीराम की पानी पूरी किट,puchka masala|golgappas spice,Snacks & Namkeen,2,Rack 6
Shana Pani Puri Shells,షానా పానీ పూరీ షెల్స్,शाना पानी पुरी शैल,puchka masala|golgappas spice,Snacks & Namkeen,2,Rack 6
Rubicon Mango Juice Drink,రూబికాన్ మామిడి రసం పానీయం,रुबिकॉन मैंगो जूस ड्रिंक,,Beverages,2,Rack 1
Rubicon Guava Juice Drink,రూబికాన్ జామ రసం పానీయం,रुबिकॉन अमरूद का जूस पेय,,Beverages,2,Rack 1
MTR Rava Dosa Mix,MTR రవ్వ దోస మిక్స్,एमटीआर रवा डोसा मिक्स,,Ready to Eat & Instant,2,Rack 1
MTR Rava Idli Mix,MTR రవ్వ ఇడ్లీ మిక్స్,एमटीआर रवा इडली मिक्स,rice rava,Ready to Eat & Instant,2,Rack 1
Vidhya Foods Pav Bhaji Buns,విద్యా ఫుడ్స్ పావ్ భాజీ బన్స్,विद्या फूड्स पाव भाजी बन्स,,Snacks & Namkeen,2,Rack 5
Shan Chana Masala,షాన్ చనా మసాలా,शान चना मसाला,,Spices & Masalas,2,Rack 1
Shan Chicken Masala,షాన్ చికెన్ మసాలా,शान चिकन मसाला,,Spices & Masalas,2,Rack 1
MDH Kasuri Methi,MDH కసూరి మేథి,एमडीएच कसूरी मेथी,,Spices & Masalas,2,Rack 2
MDH Fish Curry Masala,MDH ఫిష్ కర్రీ మసాలా,एमडीएच फिश करी मसाला,,Spices & Masalas,2,Rack 2
Chef Chicken Curry Mix,చెఫ్ చికెన్ కర్రీ మిక్స్,शेफ चिकन करी मिक्स,,Ready to Eat & Instant,2,Rack 7
Chef Butter Chicken Mix,చెఫ్ బటర్ చికెన్ మిక్స్,शेफ बटर चिकन मिक्स,chicken curry,Ready to Eat & Instant,2,Rack 7
Verbest Chicken Curry,వెర్బెస్ట్ చికెన్ కర్రీ,वर्बेस्ट चिकन करी,,Ready to Eat & Instant,2,Rack 7
Mother's Recipe Chicken Curry,అమ్మ వంటకం చికెన్ కర్రీ,माँ की रेसिपी से बनी चिकन करी,,Ready to Eat & Instant,2,Rack 7
Mother's Recipe Chicken Tikka Masala,అమ్మ వంటకం చికెన్ టిక్కా మసాలా,माँ की रेसिपी चिकन टिक्का मसाला,,Sauces & Pastes,2,Rack 7
Shan Haleem,షాన్ హలీమ్,शान हलीम,slow cooked stew,Ready to Eat & Instant,2,Rack 8
Shan Fried Chops / Steaks,షాన్ ఫ్రైడ్ చాప్స్ / స్టీక్స్,शान फ्राइड चॉप्स / स्टेक,indian snacks,Snacks & Namkeen,2,Rack 8
Shan Fried Fish,షాన్ ఫ్రైడ్ ఫిష్,शान तली हुई मछली,,Frozen Foods,2,Rack 8
Shan Fish Biryani,షాన్ ఫిష్ బిర్యానీ,शान फिश बिरयानी,indian rice dish,Frozen Foods,2,Rack 8
Shan Daal Masala,షాన్ దాల్ మసాలా,शान दाल मसाला,,Spices & Masalas,2,Rack 8
Shan Curry Powder,షాన్ కర్రీ పౌడర్,शान करी पाउडर,hot curry powder,Spices & Masalas,2,Rack 8
Shan Chicken Tikka,షాన్ చికెన్ టిక్కా,शान चिकन टिक्का,chicken tikka mix|tikka chicken mix,Ready to Eat & Instant,2,Rack 8
Shan Chicken 65,షాన్ చికెన్ 65,शान चिकन 65,kodi 65|kodi sixty five,Ready to Eat & Instant,2,Rack 8
Shan Chaat Masala,షాన్ చాట్ మసాలా,शान चाट मसाला,,Spices & Masalas,2,Rack 8
MDH Pakora Masala,MDH పకోరా మసాలా,एमडीएच पकोड़ा मसाला,golgappas spice,Spices & Masalas,2,Rack 9
MDH Pav Bhaji Masala,MDH పావ్ భాజీ మసాలా,एमडीएच पाव भाजी मसाला,,Spices & Masalas,2,Rack 9
MDH Karahi Gosht,MDH కరాహి గోష్ట్,एमडीएच कराही गोश्त,,Spices & Masalas,2,Rack 9
MDH Karahi Chicken,MDH కరాహీ చికెన్,एमडीएच कराही चिकन,,Spices & Masalas,2,Rack 9
MDH Peacock Kasoori Methi,MDH నెమలి కసూరి మెంతి,एमडीएच पीकॉक कसूरी मेथी,,Spices & Masalas,2,Rack 9
MDH Kitchen King,MDH కిచెన్ కింగ్,एमडीएच किचन किंग,,Spices & Masalas,2,Rack 9
MDH Fish Curry Masala,MDH ఫిష్ కర్రీ మసాలా,एमडीएच फिश करी मसाला,,Spices & Masalas,2,Rack 9
MDH Dahivada Raita Masala,MDH దహివాడ రైతా మసాలా,एमडीएच दहीवड़ा रायता मसाला,,Spices & Masalas,2,Rack 9
MDH Chunky Chat Masala,MDH చంకీ చాట్ మసాలా,एमडीएच चंकी चाट मसाला,spices,Spices & Masalas,2,Rack 9
Just Organic Turmeric Powder,జస్ట్ ఆర్గానిక్ టర్మరిక్ పౌడర్,जस्ट ऑर्गेनिक हल्दी पाउडर,pasupu|haldi,Spices & Masalas,2,Rack 10
Just Organic Coriander Powder,జస్ట్ ఆర్గానిక్ కొత్తిమీర పొడి,जस्ट ऑर्गेनिक धनिया पाउडर,dhania|dhaniyalu,Spices & Masalas,2,Rack 10
Just Organic Mustard,జస్ట్ ఆర్గానిక్ మస్టర్డ్,जस्ट ऑर्गेनिक मस्टर्ड,rai|aavalu,Spices & Masalas,2,Rack 10
Just Organic Red Chilli,జస్ట్ ఆర్గానిక్ రెడ్ చిల్లీ,जस्ट ऑर्गेनिक लाल मिर्च,chili|mirchi,Spices & Masalas,2,Rack 10
Patel Brothers Malapudi,పటేల్ బ్రదర్స్ మలపుడి,"पटेल ब्रदर्स, मलपुड़ी",,Dals & Pulses,2,Rack 10
Janani Malapudi,జనని మాలపుడి,जननी मलपुडी,,Dals & Pulses,2,Rack 10
Century Khichdi Masala,సెంచరీ ఖిచ్డీ మసాలా,सेंचुरी खिचड़ी मसाला,garam masala,Spices & Masalas,2,Rack 10
Century Sabji Masala,సెంచరీ సబ్జీ మసాలా,सेंचुरी सब्जी मसाला,garam masala,Spices & Masalas,2,Rack 10
Century Panipuri Masala,సెంచరీ పానీపూరి మసాలా,सेंचुरी पानीपुरी मसाला,puchka masala|golgappas spice,Spices & Masalas,2,Rack 10
Century Momo Masala,సెంచరీ మోమో మసాలా,सेंचुरी मोमो मसाला,chicken masala,Spices & Masalas,2,Rack 10
Century Garam Masala,సెంచరీ గరం మసాలా,सेंचुरी गरम मसाला,spice,Spices & Masalas,2,Rack 10
Century Chatpate Masala,సెంచరీ చాట్‌పటే మసాలా,सेंचुरी चटपटे मसाला,,Spices & Masalas,2,Rack 10
Swad Cumin Powder,స్వాద్ జీలకర్ర పొడి,स्वाद जीरा पाउडर,jeera|jilakarra|cumin seeds,Spices & Masalas,2,Rack 11
Laxmi Cumin Seeds,లక్ష్మి జీలకర్ర గింజలు,लक्ष्मी जीरा के बीज,jeera|jilakarra|chiya bij|chiya beeja,Spices & Masalas,2,Rack 11
Laxmi Bay Leaves,లక్ష్మి బే ఆకులు,लक्ष्मी तेज पत्ते,,Spices & Masalas,2,Rack 11
Swad Bay Leaves,స్వాద్ బే ఆకులు,स्वाद तेज पत्ता,,Spices & Masalas,2,Rack 11
Swad Whole Black Pepper,స్వాద్ మొత్తం నల్ల మిరియాలు,स्वाद साबुत काली मिर्च,,Spices & Masalas,2,Rack 11
Laxmi Whole Black Pepper,"లక్ష్మి, మొత్తం నల్ల మిరియాలు",लक्ष्मी साबुत काली मिर्च,,Spices & Masalas,2,Rack 11
Laxmi Black Pepper Powder,లక్ష్మి నల్ల మిరియాల పొడి,लक्ष्मी काली मिर्च पाउडर,,Spices & Masalas,2,Rack 11
Aara Pani Puri (Gol Gappe),ఆరా పానీ పూరీ (గోల్ గప్పే),आरा पानी पुरी (गोल गप्पे),puchka masala|golgappas spice,Snacks & Namkeen,2,Rack 12
Saab Ragi Golgappa with Masala,మసాలాతో సాబ్ రాగి గోల్గప్పా,साब रागी गोलगप्पा मसाला के साथ,puchka masala|golgappas spice,Snacks & Namkeen,2,Rack 12
Desi Pani Puri,దేశీ పానీ పూరీ,देसी पानी पूरी,puchka masala|golgappas spice,Snacks & Namkeen,2,Rack 12
Mother's Recipe Paneer Butter Masala,అమ్మ రెసిపీ పనీర్ బటర్ మసాలా,माँ की रेसिपी पनीर बटर मसाला,puchka masala|golgappas spice,Ready to Eat & Instant,2,Rack 1
Mother's Recipe Paneer Tikka Masala,అమ్మ వంటకం పనీర్ టిక్కా మసాలా,माँ की रेसिपी पनीर टिक्का मसाला,puchka masala|golgappas spice,Ready to Eat & Instant,2,Rack 1
Rasoi Magic Paneer Bhurji Mix,రసోయి మ్యాజిక్ పనీర్ బుర్జీ మిక్స్,रसोई मैजिक पनीर भुर्जी मिक्स,paneer cheese,Ready to Eat & Instant,2,Rack 1
Rasoi Magic Mix Veg Special,రసోయి మ్యాజిక్ మిక్స్ వెజ్ స్పెషల్,रसोई मैजिक मिक्स वेज स्पेशल,,Ready to Eat & Instant,2,Rack 1
Shan Chicken Masala,షాన్ చికెన్ మసాలా,शान चिकन मसाला,,Spices & Masalas,2,Rack 2
Shan Special Bombay Biryani Mix,షాన్ స్పెషల్ బాంబే బిర్యానీ మిక్స్,शान स्पेशल बॉम्बे बिरयानी मिक्स,,Spices & Masalas,2,Rack 2
Shan Butter Chicken Mix,షాన్ బటర్ చికెన్ మిక్స్,शान बटर चिकन मिक्स,,Ready to Eat & Instant,2,Rack 2
Shan Bihari Kabab Masala,షాన్ బిహారీ కబాబ్ మసాలా,शान बिहारी कबाब मसाला,,Spices & Masalas,2,Rack 2
Shan Char Masala,షాన్ చార్ మసాలా,शान चार मसाला,char magaj,Spices & Masalas,2,Rack 2
Shan Aaloo Bhaji Recipe & Seasoning Mix,షాన్ ఆలూ భాజీ రెసిపీ & మసాలా మిక్స్,शान आलू भाजी रेसिपी और मसाला मिश्रण,,Ready to Eat & Instant,2,Rack 2
Shan Achar Gosht Masala,షాన్ అచార్ గోష్ట్ మసాలా,शान अचार गोश्त मसाला,,Spices & Masalas,2,Rack 2
MDH Chana Dal Masala,MDH చనా దాల్ మసాలా,एमडीएच चना दाल मसाला,,Spices & Masalas,2,Rack 3
MDH Baingan Bhartaa Masala,MDH బైంగన్ భర్తా మసాలా,एमडीएच बैंगन भरता मसाला,,Spices & Masalas,2,Rack 3
Laxmi White Pepper Whole,లక్ష్మి తెల్ల మిరియాలు,लक्ष्मी सफेद मिर्च साबुत,,Spices & Masalas,2,Rack 5
Laxmi White Pepper Powder,లక్ష్మి తెల్ల మిరియాల పొడి,लक्ष्मी सफेद काली मिर्च पाउडर,,Spices & Masalas,2,Rack 5
Haldiram's Gobbles Pani Puri Kit,హల్దీరామ్ గాబుల్స్ పానీ పూరి కిట్,हल्दीराम गोबल्स पानी पुरी किट,puchka masala|golgappas spice,Snacks & Namkeen,2,Rack 6
Pani Puri Shells Pack,పానీ పూరీ షెల్స్ ప్యాక్,पानी पूरी के छिलके पैक,puchka masala|golgappas spice,Snacks & Namkeen,2,Rack 6
BYADGI CHILLI (With Stem),బ్యాడ్గి మిరపకాయ (కాండంతో),ब्याडगी मिर्च (डंठल सहित),chili|mirchi,Spices & Masalas,2,Rack 56
DRY WHOLE RED CHILLIES - BYADGI,ఎండిన ఎర్ర మిరపకాయలు - BYADGI,सूखी साबुत लाल मिर्च - ब्याडगी,dry whole chilli|spices|chilli|mirchi|chili,Spices & Masalas,2,Rack 56
DRY WHOLE RED CHILLIES,ఎండిన ఎర్ర మిరపకాయలు,सूखी साबुत लाल मिर्च,dry whole chilli|spices|chilli|mirchi|chili,Spices & Masalas,2,Rack 56
Anand 2002 DRY WHOLE & DRY WHOLE CHILLIES TEJA KARNATAKA BYADAGI,ఆనంద్ 2002 ఎండిన మిరపకాయలు తేజ కర్ణాటక బ్యాడగి,आनंद 2002 सूखी साबुत मिर्चें तेजा कर्नाटक ब्यादगी,dry whole chilli|spices|chilli|mirchi|chili,Spices & Masalas,2,Rack 57
Jiyas Spice Bottle (Red),జియాస్ స్పైస్ బాటిల్ (ఎరుపు),जियास मसाला बोतल (लाल),,Spices & Masalas,2,Rack 57
Jiyas Spice Bottle (Green),జియాస్ స్పైస్ బాటిల్ (ఆకుపచ్చ),जियास मसाला बोतल (हरा),,Spices & Masalas,2,Rack 57
kwikmeal Kwik Chicken Masala,క్విక్‌మీల్ క్విక్ చికెన్ మసాలా,क्विकमील क्विक चिकन मसाला,chicken tikka masala,Spices & Masalas,2,Rack 57
Chef's Kebab,చెఫ్స్ కబాబ్,शेफ का कबाब,chicken kabab,Snacks & Namkeen,2,Rack 57
SWAD KASHMIRI WHOLE CHILLI,స్వాద్ కాశ్మీరీ మొత్తం మిరపకాయ,स्वाद कश्मीरी साबुत मिर्च,mirchi|chili,Spices & Masalas,2,Rack 58
SWAD TEJA CHILLI,స్వాద్ తేజ మిరపకాయ,स्वाद तेजा मिर्च,chili|mirchi|powder chilli|chilli powder swad,Spices & Masalas,2,Rack 58
Telugu WHOLE RED CHILLIES,తెలుగు మొత్తం ఎర్ర మిరపకాయలు,तेलुगु साबुत लाल मिर्च,chili,Spices & Masalas,2,Rack 58
LAXMI WHOLE KASHMIRI WHOLE CHILLIES,లక్ష్మి హోల్ కాశ్మీరీ హోల్ చిల్లీస్,लक्ष्मी साबुत कश्मीरी साबुत मिर्च,chilli|mirchi|chili|spices,Spices & Masalas,2,Rack 58
LAXMI ROUND RED CHILIES,లక్ష్మి గుండ్రని ఎర్ర మిరపకాయలు,लक्ष्मी गोल लाल मिर्च,chilli|mirchi|chili,Spices & Masalas,2,Rack 59
LAXMI WHOLE RED CHILLIES,లక్ష్మి ఎండు మిరపకాయలు,लक्ष्मी साबुत लाल मिर्च,chilli|mirchi|chili|spices,Spices & Masalas,2,Rack 59
Richi product,రిచి ఉత్పత్తి,रिची उत्पाद,,Other,2,Rack 59
LAXMI WHOLE DRY RED CHILLIES,లక్ష్మి ఎండు మిరపకాయలు,लक्ष्मी साबुत सूखी लाल मिर्च,chilli|mirchi|dry whole chilli|spices|chili,Spices & Masalas,2,Rack 59
Ching's Secret Veg Hakka Noodles,చింగ్స్ సీక్రెట్ వెజ్ హక్కా నూడుల్స్,चिंग के सीक्रेट वेज हक्का नूडल्स,rice vermicelli,Rice,2,Below Rack 59
VSPICE Veggies Cup Noodles Manchow,VSPICE వెజ్జీస్ కప్ నూడుల్స్ మంచో,वीस्पाइस वेजीज़ कप नूडल्स मंचो,rice vermicelli,Rice,2,Below Rack 59
MAGGI 2-Minute Noodles,మ్యాగీ 2-నిమిషాల నూడుల్స్,मैगी 2-मिनट नूडल्स,atta,Rice,2,Below Rack 59
Aachi MASALA,ఆచీ మసాలా,आची मसाला,,Spices & Masalas,2,Below Rack 59
Anand's product,ఆనంద్ ఉత్పత్తి,आनंद का उत्पाद,,Other,2,Below Rack 59
LAXMI WHOLE KASHMIRI RED CHILIES,లక్ష్మి హోల్ కాశ్మీరీ రెడ్ చిల్లీస్,लक्ष्मी होल कश्मीरी रेड चिलीज़,chilli|mirchi|chili|spices,Spices & Masalas,2,Rack 52
LAXMI WHOLE JAVANTRI,లక్ష్మి హోల్ జావంత్రి,लक्ष्मी होल जावंतरी,,Spices & Masalas,2,Rack 53
SWAD GINGER POWDER,స్వాద్ అల్లం పొడి,स्वाद अदरक पाउडर,adarak|adrak|allam,Spices & Masalas,2,Rack 53
SWAD GARAM MASALA,స్వాద్ గరం మసాలా,स्वाद गरम मसाला,spice|spices,Spices & Masalas,2,Rack 53
Instant Noodles,తక్షణ నూడుల్స్,तत्काल नूडल्स,,Rice,2,Rack 54
SPICY CHEESY,స్పైసీ చీజీ,मसालेदार चीज़,spicy muruku,Snacks & Namkeen,2,Rack 54
Banna Nawab Paya Nihari,బన్నా నవాబ్ పాయా నిహారి,बन्ना नवाब पाया निहारी,indian spice mix,Ready to Eat & Instant,2,Rack 51
Banna Nawab Paneer Butter,బన్నా నవాబ్ పనీర్ బటర్,बन्ना नवाब पनीर बटर,paneer cheese,Dairy & Paneer,2,Rack 51
Banna Nawab Mutton Masala,బన్నా నవాబ్ మటన్ మసాలా,बन्ना नवाब मटन मसाला,mutton curry masala,Spices & Masalas,2,Rack 51
Banna Nawab Biryani,బన్నా నవాబ్ బిర్యానీ,बन्ना नवाब बिरयानी,indian rice dish,Rice,2,Rack 51
Everest Kasuri Methi,ఎవరెస్ట్ కసూరి మేథి,एवरेस्ट कसूरी मेथी,,Spices & Masalas,2,Rack 40
Swad Kasuri Methi,స్వాద్ కసూరి మేథి,स्वाद कसूरी मेथी,,Spices & Masalas,2,Rack 40
Aashirvaad Aata,ఆశీర్వాద్ ఆటా,आशीर्वाद आता,atta|wheat flour,Atta & Flours,2,Rack 40
Ching's Secret Veg Manchurian Masala Mix,చింగ్స్ సీక్రెట్ వెజ్ మంచూరియన్ మసాలా మిక్స్,चिंग का सीक्रेट वेज मंचूरियन मसाला मिक्स,,Sauces & Pastes,2,Rack 50
Ching's Secret Paneer Chilli Masala,చింగ్స్ సీక్రెట్ పనీర్ చిల్లీ మసాలా,चिंग का सीक्रेट पनीर चिली मसाला,,Sauces & Pastes,2,Rack 50
Ching's Secret Chicken 65,చింగ్స్ సీక్రెట్ చికెన్ 65,चिंग का सीक्रेट चिकन 65,kodi 65|kodi sixty five,Ready to Eat & Instant,2,Rack 50
Sakthi Garlic Rice Mix,శక్తి గార్లిక్ రైస్ మిక్స్,शक्ति लहसुन चावल मिक्स,,Rice,2,Rack 50
Sakthi Chicken Mix,శక్తి చికెన్ మిక్స్,शक्ति चिकन मिक्स,,Ready to Eat & Instant,2,Rack 50
Sakthi Biryani Masala,శక్తి బిర్యానీ మసాలా,शक्ति बिरयानी मसाला,,Spices & Masalas,2,Rack 50
Aachi Chicken Masala,ఆచీ చికెన్ మసాలా,आची चिकन मसाला,,Spices & Masalas,2,Rack 50
Aachi Mutton Masala,ఆచీ మటన్ మసాలా,आची मटन मसाला,mutton curry masala,Spices & Masalas,2,Rack 50
Shan Paya Nehari,షాన్ పాయా నెహారి,शान पाया नेहारी,,Spices & Masalas,2,Rack 51
Shan Pav Bhaji,షాన్ పావ్ భాజీ,शान पाव भाजी,,Ready to Eat & Instant,2,Rack 51
Shan Taster Butter Chicken Mix,షాన్ టేస్టర్ బటర్ చికెన్ మిక్స్,शान टेस्टर बटर चिकन मिक्स,,Ready to Eat & Instant,2,Rack 51
Shan Nihari Masala,షాన్ నిహారి మసాలా,शान निहारी मसाला,,Spices & Masalas,2,Rack 51
Shan Bombay Biryani Mix,షాన్ బొంబాయి బిర్యానీ మిక్స్,शान बॉम्बे बिरयानी मिक्स,masala|spice|indian rice dish|mixed rice|indian spices,Spices & Masalas,2,Rack 51
Shan Mutton Masala,షాన్ మటన్ మసాలా,शान मटन मसाला,mutton curry masala,Spices & Masalas,2,Rack 51
Shan Chicken Karahi,షాన్ చికెన్ కరాహీ,शान चिकन कराही,chicken masala|indian spices,Spices & Masalas,2,Rack 51
Shan Master Curry,షాన్ మాస్టర్ కర్రీ,शान मास्टर करी,curry powder|hot curry powder,Spices & Masalas,2,Rack 51
Shan Haleem Mix,షాన్ హలీమ్ మిక్స్,शान हलीम मिक्स,spice mix,Spices & Masalas,2,Rack 51
Shan Achari Chicken Masala,షాన్ అచారి చికెన్ మసాలా,शान अचारी चिकन मसाला,chicken tikka masala,Spices & Masalas,2,Rack 51
Shan Fish Fry,షాన్ ఫిష్ ఫ్రై,शान फिश फ्राई,,Spices & Masalas,2,Rack 51
Shan Fried Fish Masala,షాన్ ఫ్రైడ్ ఫిష్ మసాలా,शान फ्राइड फिश मसाला,,Spices & Masalas,2,Rack 51
Laxmi XXL Whole Red Chillies,లక్ష్మి XXL మొత్తం ఎర్ర మిరపకాయలు,लक्ष्मी XXL साबुत लाल मिर्च,chilli|mirchi|chili,Spices & Masalas,2,Rack 52
Laxmi Kala Jeera,లక్ష్మి కాలా జీరా,लक्ष्मी काला जीरा,cumin,Spices & Masalas,2,Rack 52
Laxmi Whole Cumin Seeds,లక్ష్మి జీలకర్ర గింజలు,लक्ष्मी साबुत जीरा,jeera|jilakarra|chiya bij|chiya beeja,Spices & Masalas,2,Rack 52
Laxmi Whole Black Pepper,"లక్ష్మి, మొత్తం నల్ల మిరియాలు",लक्ष्मी साबुत काली मिर्च,,Spices & Masalas,2,Rack 52
Laxmi Whole Green Cardamom,"లక్ష్మి, పచ్చి యాలకులు",लक्ष्मी साबुत हरी इलायची,elaichi seeds,Spices & Masalas,2,Rack 52
Laxmi Whole Cloves,లక్ష్మి లవంగాలు,लक्ष्मी साबुत लौंग,,Spices & Masalas,2,Rack 52
Laxmi Star Anise,లక్ష్మి స్టార్ సోంపు,लक्ष्मी स्टार अनीस,,Spices & Masalas,2,Rack 52
Laxmi Bay Leaves,లక్ష్మి బే ఆకులు,लक्ष्मी तेज पत्ते,,Spices & Masalas,2,Rack 52
Laxmi Cinnamon Sticks,లక్ష్మి దాల్చినచెక్కలు,लक्ष्मी दालचीनी की छड़ें,dalchini,Spices & Masalas,2,Rack 52
Laxmi Whole Fenugreek Seeds,లక్ష్మి పూర్తి మెంతి గింజలు,लक्ष्मी साबुत मेथी के बीज,aavalu,Spices & Masalas,2,Rack 52
Laxmi Dry Whole Chillies,లక్ష్మి ఎండు మిరపకాయలు,लक्ष्मी सूखी साबुत मिर्च,chilli|mirchi|dry whole chilli|chili,Spices & Masalas,2,Rack 52
Laxmi Kalonji Seeds,లక్ష్మి కలంజి విత్తనాలు,लक्ष्मी कलौंजी के बीज,carom seeds|elaichi seeds,Spices & Masalas,2,Rack 53
Swad Garlic Powder,స్వాద్ వెల్లుల్లి పొడి,स्वाद लहसुन पाउडर,lahsun|vellulli,Spices & Masalas,2,Rack 53
Butt's Ginger Powder,బట్స్ అల్లం పొడి,बट का अदरक पाउडर,adarak|adrak|allam,Spices & Masalas,2,Rack 53
Swad Garam Masala Whole,స్వాద్ గరం మసాలా మొత్తం,स्वाद गरम मसाला साबुत,spice,Spices & Masalas,2,Rack 53
Laxmi Whole Cumin Seeds,లక్ష్మి జీలకర్ర గింజలు,लक्ष्मी साबुत जीरा,jeera|jilakarra|chiya bij|chiya beeja,Spices & Masalas,2,Rack 53
Laxmi Fennel Seeds,లక్ష్మి సోంపు గింజలు,लक्ष्मी सौंफ के बीज,jeera|jilakarra|chiya bij|chiya beeja|rai|aavalu,Spices & Masalas,2,Rack 53
Laxmi Lazseeds,లక్ష్మి లాజ్‌సీడ్స్,लक्ष्मी लाज़सीड्स,,Spices & Masalas,2,Rack 53
Swad Coriander Powder,స్వాద్ కొత్తిమీర పొడి,स्वाद धनिया पाउडर,dhania|dhaniyalu|kotthimera,Spices & Masalas,2,Rack 53
Swad Turmeric Powder,స్వాద్ పసుపు పొడి,स्वाद हल्दी पाउडर,pasupu|haldi,Spices & Masalas,2,Rack 53
Swad Red Chilli Powder,స్వాద్ రెడ్ చిల్లీ పౌడర్,स्वाद लाल मिर्च पाउडर,chili|mirchi|spices,Spices & Masalas,2,Rack 53
Capit Instant Noodles,కాపిట్ ఇన్‌స్టంట్ నూడుల్స్,कैपिट इंस्टेंट नूडल्स,,"Rava, Poha & Grains",2,Rack 54
Maggi 2-Minute Instant Noodles,మ్యాగీ 2-నిమిషాల ఇన్‌స్టంట్ నూడుల్స్,मैगी 2-मिनट इंस्टेंट नूडल्स,atta,"Rava, Poha & Grains",2,Rack 54
Mumbai Instant Noodles,ముంబై ఇన్‌స్టంట్ నూడుల్స్,मुंबई इंस्टेंट नूडल्स,atta,"Rava, Poha & Grains",2,Rack 54
Spicy Cheesy Instant Noodles,స్పైసీ చీజీ ఇన్‌స్టంట్ నూడుల్స్,मसालेदार चीज़ी इंस्टेंट नूडल्स,atta,"Rava, Poha & Grains",2,Rack 54
Aachi Garam Masala,ఆచీ గరం మసాలా,आची गरम मसाला,spice|spices,Spices & Masalas,2,Rack 50
Aachi Rasam Powder,ఆచి రసం పొడి,आची रसम पाउडर,rasam powder,Spices & Masalas,2,Rack 50
Aachi Madras Sambar,ఆచీ మద్రాస్ సాంబార్,आची मद्रास सांभर,madras mix|spice mix,Spices & Masalas,2,Rack 44
Aachi Garam Masala,ఆచీ గరం మసాలా,आची गरम मसाला,spice|spices,Spices & Masalas,2,Rack 44
Aachi Fish Fry Masala,ఆచీ ఫిష్ ఫ్రై మసాలా,आची फिश फ्राई मसाला,,Spices & Masalas,2,Rack 44
Daane Nawab's Mutton Biryani,దానే నవాబ్ మటన్ బిర్యానీ,दाने नवाब की मटन बिरयानी,mutton rice,Rice,2,Rack 51
Daane Nawab's Mutton Curry,దానే నవాబ్ మటన్ కర్రీ,दाने नवाब की मटन करी,mutton masala,Ready to Eat & Instant,2,Rack 51
Daane Nawab's Haleem,దానే నవాబ్ హలీమ్,दाने नवाब का हलीम,,Ready to Eat & Instant,2,Rack 51
Daane Nawab's Kadahi Chicken,దానే నవాబ్ కడాయి చికెన్,दाने नवाब का कढ़ाई चिकन,,Ready to Eat & Instant,2,Rack 51
Daane Nawab's Fish Fry,దానే నవాబ్ చేపల వేపుడు,दाने नवाब की मछली फ्राई,indian spice mix,Ready to Eat & Instant,2,Rack 51
Daane Nawab's Fry Masala,దానే నవాబ్ ఫ్రై మసాలా,दाने नवाब का फ्राई मसाला,indian spice mix,Spices & Masalas,2,Rack 51
Daane Nawab's Chicken Lollipops,దానే నవాబ్ చికెన్ లాలీపాప్స్,दाने नवाब का चिकन लॉलीपॉप,,Ready to Eat & Instant,2,Rack 45
Daane Nawab's Pan ka Chicken,దానే నవాబ్ పాన్ కా చికెన్,दाने नवाब का पान का चिकन,,Ready to Eat & Instant,2,Rack 45
Daane Nawab's Chicken Bhuna,దానే నవాబ్ చికెన్ భునా,दाने नवाब का चिकन भुना,,Ready to Eat & Instant,2,Rack 45
Daane Nawab's Chicken Qorma,దానే నవాబ్ చికెన్ ఖోర్మా,दाने नवाब का चिकन कोरमा,,Ready to Eat & Instant,2,Rack 45
SWAD Mustard,SWAD మస్టర్డ్,स्वाद सरसों,rai|aavalu,Spices & Masalas,2,Rack 52
SWAD Kadi Masala,స్వాద్ కడి మసాలా,स्वाद कढ़ी मसाला,boondi masala,Spices & Masalas,2,Rack 46
Laxmi Mustard Seeds,లక్ష్మి ఆవాలు గింజలు,लक्ष्मी सरसों के बीज,rai|aavalu,Spices & Masalas,2,Rack 46
Laxmi Cumin (Jeera) Whole,లక్ష్మి జీలకర్ర (జీరా) మొత్తం,लक्ष्मी जीरा (साबुत),jilakarra|cumin seeds,Spices & Masalas,2,Rack 46
Laxmi Fenugreek Leaves (Methi),లక్ష్మి మెంతి ఆకులు,लक्ष्मी मेथी के पत्ते,,Spices & Masalas,2,Rack 46
Patel's Ginger Whole,పటేల్స్ అల్లం మొత్తం,पटेल का अदरक साबुत,adrak|allam|adarak,Spices & Masalas,2,Rack 53
Patel's Ginger Powder,పటేల్ అల్లం పొడి,पटेल का अदरक पाउडर,adarak|adrak|allam,Spices & Masalas,2,Rack 53
SWAD Methi Dana,SWAD మేథి దాన,स्वाद मेथी दाना,,Dals & Pulses,2,Rack 53
LAXMI Coriander Powder,లక్ష్మి కొత్తిమీర పొడి,लक्ष्मी धनिया पाउडर,dhania|dhaniyalu|kotthimera,Spices & Masalas,2,Rack 53
SWAD Premium Quality Flax Seeds,స్వాద్ ప్రీమియం నాణ్యత గల అవిసె గింజలు,स्वाद प्रीमियम गुणवत्ता वाले अलसी के बीज,,Dry Fruits & Nuts,2,Rack 53
LAXMI Flaxseeds,లక్ష్మి అవిసె గింజలు,लक्ष्मी अलसी के बीज,,Dry Fruits & Nuts,2,Rack 53
SWAD Cumin Powder,స్వాద్ జీలకర్ర పొడి,स्वाद जीरा पाउडर,jeera|jilakarra|cumin seeds,Spices & Masalas,2,Rack 47
LAXMI Anise Seeds / Saunf,లక్ష్మి సోంపు గింజలు / సౌంఫ్,लक्ष्मी (सौंफ के बीज),,Spices & Masalas,2,Rack 47
LAXMI Cumin Whole,లక్ష్మి జీలకర్ర,लक्ष्मी जीरा साबुत,jeera|jilakarra|cumin seeds,Spices & Masalas,2,Rack 47
LAXMI Dried Dill Leaves,లక్ష్మి ఎండిన సోంపు ఆకులు,लक्ष्मी सूखे डिल के पत्ते,,Spices & Masalas,2,Rack 47
LAXMI Cardamom Green,లక్ష్మి యాలకుల పచ్చదనం,लक्ष्मी इलायची हरी,elaichi seeds|elaichi powder,Spices & Masalas,2,Rack 47
Maggi Masala Noodles,మ్యాగీ మసాలా నూడుల్స్,मैगी मसाला नूडल्स,,Ready to Eat & Instant,2,Rack 48
Soya Chunks,సోయా చంక్స్,सोया चंक्स,,Dry Fruits & Nuts,2,Rack 48
Aachi Rasam Powder,ఆచి రసం పొడి,आची रसम पाउडर,rasam powder,Spices & Masalas,2,Rack 44
Aachi Egg Curry Masala,ఆచీ ఎగ్ కర్రీ మసాలా,आची अंडा करी मसाला,,Spices & Masalas,2,Rack 44
Aachi Dhall Rice Powder,ఆచి పప్పు బియ్యం పొడి,आची दाल चावल पाउडर,,"Rava, Poha & Grains",2,Rack 44
Aachi Curry Masala,ఆచీ కర్రీ మసాలా,आची करी मसाला,,Spices & Masalas,2,Rack 44
Daana Nawab's Try Masala,దానా నవాబ్ ట్రై మసాలా,दाना नवाब का मसाला आजमाएं,,Spices & Masalas,2,Rack 45
Daana Nawab's Chicken Lollipop,దానా నవాబ్ చికెన్ లాలిపాప్,दाना नवाब का चिकन लॉलीपॉप,,Frozen Foods,2,Rack 45
Daana Nawab's Dum Ki Chicken,దానా నవాబ్ దమ్ కి చికెన్,दाना नवाब का दम की चिकन,,Frozen Foods,2,Rack 45
Daana Nawab's Shahi Mutton Biryani,దానా నవాబ్ షాహీ మటన్ బిర్యానీ,दाना नवाब की शाही मटन बिरयानी,mutton rice,Frozen Foods,2,Rack 45
Daana Nawab's Chicken Qorma,దానా నవాబ్ చికెన్ ఖోర్మా,दाना नवाब का चिकन कोरमा,,Frozen Foods,2,Rack 45
Daana Nawab's Bombay Mutton Biryani,దానా నవాబు బొంబాయి మటన్ బిర్యానీ,दाना नवाब की बॉम्बे मटन बिरयानी,mutton rice,Frozen Foods,2,Rack 45
Daana Nawab's Chicken Masala,దానా నవాబ్ చికెన్ మసాలా,दाना नवाब का चिकन मसाला,spice,Spices & Masalas,2,Rack 45
Daana Nawab's BBQ Masala,దానా నవాబ్ యొక్క BBQ మసాలా,दाना नवाब का बारबेक्यू मसाला,biryani|spice,Spices & Masalas,2,Rack 45
Daana Nawab's Butter Chicken,దానా నవాబ్ బటర్ చికెన్,दाना नवाब का बटर चिकन,,Spices & Masalas,2,Rack 45
SWAD Mustard Seeds,స్వాద్ ఆవాలు గింజలు,स्वाद सरसों के बीज,rai|aavalu,Spices & Masalas,2,Rack 46
SWAD Methi Seeds,స్వాద్ మెంతి విత్తనాలు,स्वाद मेथी के बीज,,Spices & Masalas,2,Rack 46
Mustard Seeds,ఆవాలు గింజలు,सरसों के बीज,mustard|rai|aavalu,Spices & Masalas,2,Rack 46
Methi Seeds,మెంతి గింజలు,मेथी के बीज,,Spices & Masalas,2,Rack 46
LAXMI Premium Quality Flax Seeds,లక్ష్మి ప్రీమియం నాణ్యత గల అవిసె గింజలు,लक्ष्मी प्रीमियम क्वालिटी अलसी के बीज,,"Rava, Poha & Grains",2,Rack 47
LAXMI Flaxseeds,లక్ష్మి అవిసె గింజలు,लक्ष्मी अलसी के बीज,,Dry Fruits & Nuts,2,Rack 47
SWAD Fenugreek Seeds,SWAD మెంతి గింజలు,स्वाद मेथी के बीज,chiya bij|chiya beeja,Spices & Masalas,2,Rack 47
LAXMI Fenugreek Seeds,లక్ష్మి మెంతి గింజలు,लक्ष्मी मेथी के बीज,chiya bij|chiya beeja,Spices & Masalas,2,Rack 47
LAXMI Fennel Seeds,లక్ష్మి సోంపు గింజలు,लक्ष्मी सौंफ के बीज,jeera|jilakarra|chiya bij|chiya beeja|rai|aavalu,Spices & Masalas,2,Rack 47
Asia Fennel Seeds Lucknow,ఆసియా సోంపు విత్తనాలు లక్నో,"एशिया सौंफ के बीज, लखनऊ",rai|aavalu,Spices & Masalas,2,Rack 47
JIYAS Dagad Phool,జియాస్ దగద్ ఫూల్,जियास दगड़ फूल,,Spices & Masalas,2,Rack 47
JIYAS Cumin Seeds 200gm,జియాస్ జీలకర్ర గింజలు 200 గ్రాములు,जियास जीरा 200 ग्राम,jeera|jilakarra,Spices & Masalas,2,Rack 47
Maggi 2-Minute Masala Noodles,మ్యాగీ 2-నిమిషాల మసాలా నూడుల్స్,मैगी 2-मिनट मसाला नूडल्स,,Ready to Eat & Instant,2,Rack 48
Cheetos,చీటోస్,Cheetos,,Snacks & Namkeen,2,Rack 48
Banne Nawab's Chicken Korma,బన్నే నవాబ్ చికెన్ కోర్మా,बन्ने नवाब का चिकन कोरमा,indian curries|indian spices,Ready to Eat & Instant,2,Rack 44
Banne Nawab's Bombay Chicken Biryani,బన్నె నవాబ్ యొక్క బొంబాయి చికెన్ బిర్యానీ,बन्ने नवाब की बॉम्बे चिकन बिरयानी,indian food|indian spices|masala|spice,Ready to Eat & Instant,2,Rack 44
Banne Nawab's Chicken Masala,బన్నే నవాబ్ చికెన్ మసాలా,बन्ने नवाब का चिकन मसाला,chicken curry|spice,Ready to Eat & Instant,2,Rack 44
Banne Nawab's BBQ Masala,బన్నే నవాబ్ యొక్క BBQ మసాలా,बन्ने नवाब का बारबेक्यू मसाला,spice|indian spice mix,Spices & Masalas,2,Rack 44
Banne Nawab's Butter Chicken,బన్నే నవాబ్ బటర్ చికెన్,बन्ने नवाब का बटर चिकन,chicken curry|indian spices|indian food,Ready to Eat & Instant,2,Rack 44
Banne Nawab's Apollo Fish,బన్నే నవాబ్ యొక్క అపోలో చేప,बन्ने नवाब की अपोलो मछली,,Pickles & Chutneys,2,Rack 44
Badshah UNDHIA MASALA,బాద్షా ఉంధియా మసాలా,बादशाह उन्धिया मसाला,,Pickles & Chutneys,2,Rack 44
LAXMI METHI SEEDS,లక్ష్మి మెంతి విత్తనాలు,लक्ष्मी मेथी के बीज,jeera|jilakarra,Spices & Masalas,2,Rack 45
SWAD MADRAS,స్వాద్ మద్రాస్,स्वाद मद्रास,madras mix|spice mix,Spices & Masalas,2,Rack 45
LAXMI WHOLE NUTMEG,లక్ష్మి జాజికాయ,लक्ष्मी होल जायफल,nut,Spices & Masalas,2,Rack 45
LAXMI FENNEL SEEDS,లక్ష్మి సోంపు గింజలు,लक्ष्मी सौंफ के बीज,jeera|jilakarra|chiya bij|chiya beeja|rai|aavalu,Spices & Masalas,2,Rack 46
JIYA'S DAGAD PHOOL STONE FLOWER,జియాస్ దగద్ ఫూల్ స్టోన్ ఫ్లవర్,जिया का दगड़ फूल पत्थर का फूल,,Spices & Masalas,2,Rack 46
BANSI Roasted Dhana Dal,బాన్సీ వేయించిన ధనియాల పప్పు,बंसी भुनी हुई धना दाल,split black gram,Dals & Pulses,2,Rack 46
SWAHA DHANA,స్వాహా ధన,स्वाहा धना,split black gram,Dals & Pulses,2,Rack 46
SWAD DILL SEEDS,స్వాద్ సోంపు గింజలు,स्वाद डिल के बीज,jeera|rai|chiya beeja|carom seeds,Spices & Masalas,2,Rack 46
LAXMI BLACK CARDAMOM,లక్ష్మి నల్ల యాలకులు,लक्ष्मी काली इलायची,elaichi seeds,Spices & Masalas,2,Rack 46
MAGGI SOYA CHUNKS 100% Vegetarian,మ్యాగీ సోయా చంక్స్ 100% శాకాహారం,मैगी सोया चंक्स 100% शाकाहारी,,Dry Fruits & Nuts,2,Rack 47
MAGGI 2 MINUTE NOODLES,మ్యాగీ 2 నిమిషాల నూడుల్స్,मैगी 2 मिनट नूडल्स,atta,Rice,2,Rack 47
MANCHURIAN,మంచూరియన్,मंचूरियन,,Snacks & Namkeen,2,Rack 47
Banu Nawab's Mutton Chicken Biryani,బాను నవాబ్ మటన్ చికెన్ బిర్యానీ,बानू नवाब की मटन चिकन बिरयानी,mutton rice,Rice,2,Rack 1
Banu Nawab's Apollo Fish,బాను నవాబు యొక్క అపోలో చేప,बानू नवाब की अपोलो मछली,,Frozen Foods,2,Rack 1
Badshah Undhia Masala,బాద్షా ఉంధియా మసాలా,बादशाह उंधिया मसाला,,Pickles & Chutneys,2,Rack 1
Badshah Mutton Biryani Masala,బాద్షా మటన్ బిర్యానీ మసాలా,बादशाह मटन बिरयानी मसाला,mutton rice|mutton curry masala,Spices & Masalas,2,Rack 1
Badshah MOMO Masala,బాద్షా మోమో మసాలా,बादशाह मोमो मसाला,,Spices & Masalas,2,Rack 1
Badshah,బాద్షా,बादशाह,,Snacks & Namkeen,2,Rack 1
SWAD,స్వాద్,स्वाद,,Other,2,Rack 2
Laxmi Whole Nutmeg,లక్ష్మి జాజికాయ,लक्ष्मी साबुत जायफल,nut,Spices & Masalas,2,Rack 2
Laxmi Nutmeg Powder,లక్ష్మి జాజికాయ పొడి,लक्ष्मी जायफल पाउडर,pasupu,Spices & Masalas,2,Rack 2
Ziyad Onion Powder,జియాద్ ఉల్లిపాయ పొడి,ज़ियाद प्याज पाउडर,,Spices & Masalas,2,Rack 2
Laxmi,లక్ష్మి,लक्ष्मी,tuvar dal,Dals & Pulses,2,Rack 2
Laxmi Fennel Seeds,లక్ష్మి సోంపు గింజలు,लक्ष्मी सौंफ के बीज,jeera|jilakarra|chiya bij|chiya beeja|rai|aavalu,Spices & Masalas,2,Rack 3
Jiya's Dagad Phool Stone Flower,జియా యొక్క దగద్ ఫూల్ స్టోన్ ఫ్లవర్,जिया के दगड़ फूल पत्थर फूल,,Spices & Masalas,2,Rack 3
Bansi Roasted Dhana Dal,బన్సీ వేయించిన ధనియాల పప్పు,बंसी रोस्टेड धना दाल,split black gram,Dals & Pulses,2,Rack 3
Aala Dhana,ఆల ధన,आला धना,,Dals & Pulses,2,Rack 3
Swad Dill Seeds,స్వాద్ డిల్ విత్తనాలు,स्वाद डिल के बीज,jeera|rai|chiya beeja|carom seeds,Spices & Masalas,2,Rack 3
Laxmi Black Cardamom,లక్ష్మి నల్ల యాలకులు,लक्ष्मी काली इलायची,elaichi seeds,Spices & Masalas,2,Rack 3
Cardamom Black,యాలకుల నలుపు,काली इलायची,,Spices & Masalas,2,Rack 3
Cardamom Powder,యాలకుల పొడి,इलायची पाउडर,elaichi powder,Spices & Masalas,2,Rack 3
Laxmi Cardamom Powder,లక్ష్మి యాలకుల పొడి,लक्ष्मी इलायची पाउडर,elaichi powder,Spices & Masalas,2,Rack 3
Soya Chunks,సోయా చంక్స్,सोया चंक्स,,Dry Fruits & Nuts,2,Rack 4
Maggi 2-Minute Noodles,మ్యాగీ 2-నిమిషాల నూడుల్స్,मैगी 2-मिनट नूडल्स,atta,Rice,2,Rack 4
Manchurian,మంచూరియన్,मंचूरियन,,Snacks & Namkeen,2,Rack 4
Veeba Hakka Noodles,వీబా హక్కా నూడుల్స్,वीबा हक्का नूडल्स,rice vermicelli,Rice,2,Rack 4
Badshah Ginger Powder,బాద్షా అల్లం పొడి,बादशाह अदरक पाउडर,adarak|adrak|allam,Spices & Masalas,2,Rack 39
Badshah Chicken Masala,బాద్షా చికెన్ మసాలా,बादशाह चिकन मसाला,,Spices & Masalas,2,Rack 39
Badshah Swad Sugaron Ka Raja,బాద్షా స్వాద్ సుగరోన్ కా రాజా,बादशाह स्वाद सुगरों का राजा,tuvar dal|pigeon pea,Dals & Pulses,2,Rack 39
Mr Bengali Mix Pie,మిస్టర్ బెంగాలీ మిక్స్ పై,श्री बंगाली मिक्स पाई,indian sweets,Sweets & Mithai,2,Rack 39
Brahmin's Kashmiri Chilli Powder,బ్రాహ్మణుల కాశ్మీరీ మిరప పొడి,ब्राह्मण का कश्मीरी मिर्च पाउडर,chili|mirchi,Spices & Masalas,2,Rack 39
Swetha Telugu Velluri Karam Podi,శ్వేత తెలుగు వెల్లూరి కారం పొడి,स्वेता तेलुगु वेल्लुरी करम पोदी,,Spices & Masalas,2,Rack 39
Everest,ఎవరెస్ట్,एवेरेस्ट,,Other,2,Rack 39
Ziyad Premium Onion Powder,జియాద్ ప్రీమియం ఉల్లిపాయ పొడి,ज़ियाद प्रीमियम प्याज पाउडर,pyaz|ullipaya|erragaddalu,Spices & Masalas,2,Rack 40
Laxmi Poppy,లక్ష్మి పాపీ,लक्ष्मी अफीम,,Dry Fruits & Nuts,2,Rack 40
Best Taste Swad In India,భారతదేశంలో అత్యుత్తమ రుచిగల స్వాద్,भारत में सबसे स्वादिष्ट स्वाद,,Sweets & Mithai,2,Rack 40
Paprika,మిరపకాయ,पेपरिका,,Spices & Masalas,2,Rack 40
Swad Premium,స్వాద్ ప్రీమియం,स्वाद प्रीमियम,,Atta & Flours,2,Rack 40
Deer Deep,డీర్ డీప్,हिरण गहरा,sooji|rava|semolina,"Rava, Poha & Grains",2,Rack 40
Daiv,దైవ్,दैव,,Oils & Ghee,2,Rack 40
Salad Cardamom Black,సలాడ్ యాలకులు నలుపు,सलाद इलायची काली,elaichi seeds,Spices & Masalas,2,Rack 41
Laxmi Cardamom Powder,లక్ష్మి యాలకుల పొడి,लक्ष्मी इलायची पाउडर,elaichi powder,Spices & Masalas,2,Rack 41
Aashirvaad Green Cardamom,ఆశీర్వాద్ పచ్చ యాలకులు,आशीर्वाद हरी इलायची,,Spices & Masalas,2,Rack 41
Deep Green Cardamom,ముదురు ఆకుపచ్చ యాలకులు,गहरे हरे रंग की इलायची,,Spices & Masalas,2,Rack 41
Cardamom Seeds,యాలకుల గింజలు,इलायची के बीज,elaichi seeds,Spices & Masalas,2,Rack 41
Ching's Veg Hakka Noodles,చింగ్స్ వెజ్ హక్కా నూడుల్స్,चिंग के वेज हक्का नूडल्स,hakka noodles|veg noodles,Ready to Eat & Instant,2,Rack 42
Instant Noodles,తక్షణ నూడుల్స్,तत्काल नूडल्स,,Rice,2,Rack 42
Anand Masala,ఆనంద్ మసాలా,आनंद मसाला,chicken masala,Spices & Masalas,2,Rack 42
Brahmin's Kashmiri Chilli Powder,బ్రాహ్మణుల కాశ్మీరీ మిరప పొడి,ब्राह्मण का कश्मीरी मिर्च पाउडर,chili|mirchi,Spices & Masalas,2,Rack 33
Swetha Telugu Vellulli Karam Podi,శ్వేత తెలుగు వెల్లుల్లి కారం పొడి,स्वेता तेलुगु वेल्लुल्ली करम पोदी,,Spices & Masalas,2,Rack 33
Swetha Telugu Sambar Powder,శ్వేత తెలుగు సాంబార్ పౌడర్,श्वेता तेलुगु सांभर पाउडर,rice,Spices & Masalas,2,Rack 33
Swetha Telugu Rasam Powder,శ్వేత తెలుగు రసం పౌడర్,श्वेता तेलुगु रसम पाउडर,rice,Spices & Masalas,2,Rack 33
Swetha Telugu Putnala Karam Podi Roasted Chickpea & Mix Powder,శ్వేత తెలుగు పుట్నాల కారం పొడి వేయించిన చిక్పీ & మిక్స్ పౌడర్,स्वेता तेलुगू पुटनाला करम पोदी भुना हुआ चना और मिक्स पाउडर,rice,Spices & Masalas,2,Rack 33
Swetha Telugu Kothimeera Karam Podi Coriander Leaf Spice Mix Powder,శ్వేత తెలుగు కోతిమీర కారం పొడి కొత్తిమీర ఆకు మసాలా మిక్స్ పౌడర్,स्वेता तेलुगु कोथिमीरा करम पोदी धनिया पत्ता मसाला मिक्स पाउडर,dhania|dhaniyalu|kotthimera,Spices & Masalas,2,Rack 33
Swetha Telugu Madras Sambar,శ్వేత తెలుగు మద్రాస్ సాంబార్,श्वेता तेलुगु मद्रास सांभर,,Dals & Pulses,2,Rack 33
Swetha Telugu Pali Karam Podi Red Chili Mix Powder,శ్వేత తెలుగు పాలీ కారం పొడి రెడ్ చిల్లి మిక్స్ పౌడర్,स्वेता तेलुगु पाली करम पोडी लाल मिर्च मिक्स पाउडर,,Spices & Masalas,2,Rack 33
Swetha Telugu Munagaku Karam Podi Moringa Leaf Spice Mix Powder,శ్వేత తెలుగు మునగాకు కరమ్ పొడి మొరింగ ఆకు మసాలా మిక్స్ పౌడర్,स्वेता तेलुगु मुनागाकु करम पोदी मोरिंगा लीफ स्पाइस मिक्स पाउडर,,Spices & Masalas,2,Rack 33
Dalvi Sesame Seeds,దాల్వి నువ్వులు,दालवी तिल के बीज,rai|aavalu,Dry Fruits & Nuts,2,Rack 34
Dalvi White Sesame Seeds,దల్వి తెల్ల నువ్వులు,दालवी सफेद तिल,rai|aavalu,Spices & Masalas,2,Rack 34
Laxmi Brown Sesame Seeds,లక్ష్మి బ్రౌన్ నువ్వులు,लक्ष्मी ब्राउन तिल के बीज,rai|aavalu,Spices & Masalas,2,Rack 34
Sesame Seeds Brown,గోధుమ రంగు నువ్వులు,भूरे तिल,rai|aavalu,Spices & Masalas,2,Rack 34
Green Cardamom Elaichi,పచ్చ యాలకులు ఏలకులు,हरी इलायची,elaichi seeds|elaichi powder,Spices & Masalas,2,Rack 35
Laxmi Cardamom Seeds,లక్ష్మి యాలకుల విత్తనాలు,लक्ष्मी इलायची के बीज,elaichi seeds|elaichi powder|chiya bij|chiya beeja,Spices & Masalas,2,Rack 35
Swad Cinnamon Sticks (Flat),స్వాద్ దాల్చినచెక్కలు (ఫ్లాట్),स्वाद दालचीनी की छड़ें (चपटी),dalchini,Spices & Masalas,2,Rack 35
Laxmi Cinnamon Sticks (Flat) Net Wt 7oz (200g),లక్ష్మి దాల్చినచెక్క పుల్లలు (ఫ్లాట్) నికర బరువు 7oz (200గ్రా),लक्ष्मी दालचीनी की छड़ें (चपटी) शुद्ध वजन 7 औंस (200 ग्राम),dalchini,Spices & Masalas,2,Rack 35
Cinnamon Stick Flat,దాల్చిన చెక్క చదును,दालचीनी की छड़ी चपटी,dalchini,Spices & Masalas,2,Rack 35
Laxmi Cinnamon Sticks (Round) Net Wt 3.5oz (100g),లక్ష్మి దాల్చినచెక్క పుల్లలు (గుండ్రంగా) నికర బరువు 3.5oz (100గ్రా),लक्ष्मी दालचीनी की छड़ें (गोल) शुद्ध वजन 3.5 औंस (100 ग्राम),dalchini,Spices & Masalas,2,Rack 35
Swad Roli Cinnamon Sticks,స్వాద్ రోలీ దాల్చినచెక్కలు,स्वाद रोली दालचीनी स्टिक्स,dalchini,Spices & Masalas,2,Rack 35
Swad Whole Cloves,స్వాద్ పూర్తి లవంగాలు,स्वाद साबुत लौंग,,Spices & Masalas,2,Rack 35
Ching's Veg Hakka Noodles,చింగ్స్ వెజ్ హక్కా నూడుల్స్,चिंग के वेज हक्का नूडल्स,hakka noodles|veg noodles,Ready to Eat & Instant,2,Rack 36
Babco Foods International LLC. Anand Masala,బాబ్కో ఫుడ్స్ ఇంటర్నేషనల్ LLC. ఆనంద్ మసాలా,बाबको फूड्स इंटरनेशनल एलएलसी. आनंद मसाला,,Spices & Masalas,2,Rack 36
EVEREST,ఎవరెస్ట్,एवरेस्ट,,Other,2,Rack 1
Swetha Telugu,శ్వేత తెలుగు,श्वेता तेलुगु,garam masala,Other,2,Rack 1
Swetha Telugu PUTNALA KARAM PODI,శ్వేత తెలుగు పుట్నాల కారం పొడి,स्वेता तेलुगु पुत्नाला करम पोदी,,Spices & Masalas,2,Rack 2
Swetha Telugu CHAT MASALA,శ్వేత తెలుగు చాట్ మసాలా,श्वेता तेलुगु चाट मसाला,garam masala,Spices & Masalas,2,Rack 2
Swetha Telugu CHICKEN MASALA,శ్వేత తెలుగు చికెన్ మసాలా,श्वेता तेलुगु चिकन मसाला,,Spices & Masalas,2,Rack 2
Swetha Telugu CHICKEN 65 MASALA,శ్వేత తెలుగు చికెన్ 65 మసాలా,स्वेता तेलुगु चिकन 65 मसाला,,Spices & Masalas,2,Rack 2
Swetha Telugu HYDERABADI,శ్వేత తెలుగు హైదరాబాద్,श्वेता तेलुगु हैदराबादी,,Spices & Masalas,2,Rack 2
Telugu Aviriginjala Karam Podi,తెలుగు అవిరిగింజల కారం పొడి,तेलुगु अविरिगिंजला करम पोदी,,Spices & Masalas,2,Rack 2
Eastern Fish Masala,తూర్పు చేపల మసాలా,पूर्वी मछली मसाला,,Spices & Masalas,2,Rack 2
Eastern Chicken,తూర్పు కోడి,पूर्वी चिकन,,Dals & Pulses,2,Rack 2
Eastern,తూర్పు,पूर्वी,,Other,2,Rack 2
SWAD WHITE SESAME SEEDS,స్వాద్ తెల్ల నువ్వులు,स्वाद सफेद तिल,rai|aavalu,Spices & Masalas,2,Rack 3
LAXMI ORGANIC SESAME SEEDS,లక్ష్మి ఆర్గానిక్ నువ్వులు,लक्ष्मी ऑर्गेनिक तिल,rai|aavalu,Spices & Masalas,2,Rack 3
SWAD SESAME SEEDS (WHITE),స్వాద్ నువ్వులు (తెలుపు),स्वाद तिल (सफेद),,Spices & Masalas,2,Rack 3
SWAD SESAME SEEDS,స్వాద్ నువ్వులు,स्वाद तिल के बीज,rai|aavalu,Spices & Masalas,2,Rack 3
BLACK SESAME SEEDS,నల్ల నువ్వులు,काले तिल,rai|aavalu,Dry Fruits & Nuts,2,Rack 3
Aala SESAME SEEDS,ఆలా నువ్వులు,आला तिल के बीज,rai|aavalu,Dry Fruits & Nuts,2,Rack 3
Rachav SESAME SEEDS (BLACK),రాచవ్ నువ్వులు (నలుపు),राचाव तिल (काले),,Dry Fruits & Nuts,2,Rack 3
SWAD CHANA DAL,స్వాద్ చనా పప్పు,स्वाद चना दाल,chickpeas|chickpea,Dals & Pulses,2,Rack 3
SWAD CINNAMON STICKS (FLAT),స్వాద్ దాల్చినచెక్కలు (ఫ్లాట్),स्वाद दालचीनी की छड़ें (चपटी),dalchini,Spices & Masalas,2,Rack 4
SWAD CINNAMON STICKS,స్వాద్ దాల్చినచెక్కలు,स्वाद दालचीनी की छड़ें,dalchini,Spices & Masalas,2,Rack 4
ROUND CHILLIES,గుండ్రని మిరపకాయలు,गोल मिर्च,chili|chilli|mirchi,Spices & Masalas,2,Rack 4
SWAD WHOLE CLOVES,స్వాద్ మొత్తం లవంగాలు,स्वाद साबुत लौंग,,Spices & Masalas,2,Rack 4
WHOLE CLOVES,మొత్తం లవంగాలు,साबुत लौंग,,Spices & Masalas,2,Rack 4
SWAD CLOVE POWDER,స్వాద్ లవంగ పొడి,स्वाद लौंग पाउडर,elaichi powder,Spices & Masalas,2,Rack 4
SWAD CORIANDER SEEDS,స్వాద్ కొత్తిమీర విత్తనాలు,स्वाद धनिया के बीज,dhania|dhaniyalu|kotthimera,Spices & Masalas,2,Rack 4
CORIANDER SEEDS,కొత్తిమీర గింజలు,धनिये के बीज,coriander|seeds,Spices & Masalas,2,Rack 4
NISSIN VEG NOODLES,నిస్సిన్ వెజ్ నూడుల్స్,निसिन वेज नूडल्स,rice vermicelli,"Rava, Poha & Grains",2,Rack 5
DELICIOUS INSTANT NOODLES,రుచికరమైన తక్షణ నూడుల్స్,स्वादिष्ट इंस्टेंट नूडल्स,atta,"Rava, Poha & Grains",2,Rack 5
Tea Time,టీ సమయం,चाय का समय,bags,Tea & Coffee,2,Rack 5
TOP RAMEN,టాప్ రామెన్,टॉप रामेन,,"Rava, Poha & Grains",2,Rack 5
NISSIN TOP RAMEN,నిస్సిన్ టాప్ రామెన్,निसिन टॉप रामेन,,"Rava, Poha & Grains",2,Rack 5
Everest Black Pepper,ఎవరెస్ట్ బ్లాక్ పెప్పర్,एवरेस्ट काली मिर्च,,Spices & Masalas,2,Rack 26
Red Chili Powder,ఎర్ర మిరప పొడి,लाल मिर्च पाउडर,powder chilli,Spices & Masalas,2,Rack 26
Shan Zafraan Garam Masala Powder,షాన్ జఫ్రాన్ గరం మసాలా పౌడర్,शान ज़फ़रान गरम मसाला पाउडर,,Spices & Masalas,2,Rack 26
Black Pepper Powder,నల్ల మిరియాల పొడి,काली मिर्च पाउडर,,Spices & Masalas,2,Rack 26
Shan,షాన్,शान,,Other,2,Rack 26
Tikka Seekh Kabab,టిక్కా సీఖ్ కబాబ్,टिक्का सीख कबाब,chicken kabab|kebabs,Snacks & Namkeen,2,Rack 26
Eastern Fish Masala,తూర్పు చేపల మసాలా,पूर्वी मछली मसाला,,Spices & Masalas,2,Rack 26
Eastern Chicken Biryani Masala,తూర్పు చికెన్ బిర్యానీ మసాలా,ईस्टर्न चिकन बिरयानी मसाला,spice,Spices & Masalas,2,Rack 26
Eastern Chicken 65 Masala,తూర్పు చికెన్ 65 మసాలా,ईस्टर्न चिकन 65 मसाला,chicken curry,Spices & Masalas,2,Rack 26
Priya Verusenaga podi,ప్రియా వెరుసెనగా పొడి,प्रिया वेरुसेनागा पोडी,dosa podi,Dry Fruits & Nuts,2,Rack 26
Priya Tandoori Masala,ప్రియా తందూరి మసాలా,प्रिया तंदूरी मसाला,spices|spice,Spices & Masalas,2,Rack 26
Priya Rasam,ప్రియా రసం,प्रिया रसम,rasam powder,Sauces & Pastes,2,Rack 26
Priya Sambar,ప్రియా సాంబార్,प्रिया सांबार,,Sauces & Pastes,2,Rack 26
Priya Kura Karam,ప్రియా కురా కరం,प्रिया कुरा करम,,Sauces & Pastes,2,Rack 26
Priya Kandi podi,ప్రియా కండి పొడి,प्रिया कंडी पोडी,dosa podi|brahmins dosa powder,Spices & Masalas,2,Rack 26
Rachav Sesame Seeds (Black),రాచవ్ నువ్వులు (నలుపు),राचाव तिल (काले),,Dry Fruits & Nuts,2,Rack 27
A. Plantain Chips,ఎ. అరటి చిప్స్,ए. केले के चिप्स,snacks,Snacks & Namkeen,2,Rack 27
Aara [Green Peas],ఆరా [పచ్చి బఠానీలు],आरा [हरी मटर],,Dry Fruits & Nuts,2,Rack 27
Tukmaria,టుక్మారియా,तुकमारिया,haldi|pasupu,Spices & Masalas,2,Rack 27
S Tukmaria 7oz,ఎస్ టుక్మారియా 7oz,एस टुकमारिया 7 औंस,haldi|pasupu,Spices & Masalas,2,Rack 27
Patt's Turmeric,ప్యాట్స్ పసుపు,पैट की हल्दी,haldi|pasupu|turmeric powder,Spices & Masalas,2,Rack 27
Aara Turmeric Powder,ఆరా పసుపు పొడి,आरा हल्दी पाउडर,pasupu|haldi,Spices & Masalas,2,Rack 27
Turmeric Powder,పసుపు పొడి,हल्दी पाउडर,turmeric|haldi|pasupu,Spices & Masalas,2,Rack 27
Swad Clove Powder,స్వాద్ లవంగం పొడి,स्वाद लौंग पाउडर,elaichi powder,Spices & Masalas,2,Rack 28
Laxmi Coriander Seeds,లక్ష్మి కొత్తిమీర విత్తనాలు,लक्ष्मी धनिया के बीज,dhania|dhaniyalu|kotthimera,Spices & Masalas,2,Rack 28
Dalvi Coriander Powder,దాల్వి కొత్తిమీర పొడి,दालवी धनिया पाउडर,dhania|dhaniyalu|kotthimera,Spices & Masalas,2,Rack 28
Swad Coriander Powder,స్వాద్ కొత్తిమీర పొడి,स्वाद धनिया पाउडर,dhania|dhaniyalu|kotthimera,Spices & Masalas,2,Rack 28
Swad Coriander Powder 200gm,స్వాద్ కొత్తిమీర పొడి 200 గ్రాములు,स्वाद धनिया पाउडर 200 ग्राम,dhania|dhaniyalu|kotthimera,Spices & Masalas,2,Rack 28
Britannia Marie Gold,బ్రిటానియా మేరీ గోల్డ్,ब्रिटानिया मैरी गोल्ड,britannia|marie gold|biscuits,Biscuits & Bakery,2,Rack 29
Top Ramen Noodles,టాప్ రామెన్ నూడుల్స్,टॉप रामेन नूडल्स,,Rice,2,Rack 29
Top Ramen Curry Noodles,టాప్ రామెన్ కర్రీ నూడుల్స్,टॉप रामेन करी नूडल्स,,Rice,2,Rack 29
Shan Tikka,షాన్ టిక్కా,शान टिक्का,,Spices & Masalas,2,Rack 1
Mantra Sindhi Biryani,మంత్ర సింధీ బిర్యానీ,मंत्रा सिंधी बिरयानी,indian rice dish|mixed rice,Rice,2,Rack 1
Mantra Garam Masala,మంత్ర గరం మసాలా,मंत्रा गरम मसाला,spice,Spices & Masalas,2,Rack 1
Mantra Pilau Biryani,మంత్ర పిలావ్ బిర్యానీ,मंत्रा पुलाव बिरयानी,indian rice dish|mixed rice|rice rava,Rice,2,Rack 1
Mantra Punjabi Biryani,మంత్ర పంజాబీ బిర్యానీ,मंत्रा पंजाबी बिरयानी,masala|spice|mixed rice|indian rice dish,Ready to Eat & Instant,2,Rack 1
Priya Kura Karam,ప్రియా కురా కరం,प्रिया कुरा करम,,Sauces & Pastes,2,Rack 2
Priya Kandi Podi,ప్రియా కండి పొడి,प्रिया कंडी पोडी,dosa podi|brahmins dosa powder,Spices & Masalas,2,Rack 2
Priya Nuvvula Podi,ప్రియ నువ్వుల పొడి,प्रिया नुव्वुला पोडी,dosa podi|brahmins dosa powder,Spices & Masalas,2,Rack 2
Priya Nalla Karam,ప్రియా నల్ల కరం,प्रिया नल्ला करम,,Spices & Masalas,2,Rack 2
Priya Madras Curry Powder,ప్రియా మద్రాస్ కర్రీ పౌడర్,प्रिया मद्रास करी पाउडर,hot curry powder|madras mix|spice mix,Spices & Masalas,2,Rack 2
Priya Meat Masala Powder,ప్రియా మీట్ మసాలా పౌడర్,प्रिया मीट मसाला पाउडर,,Spices & Masalas,2,Rack 2
Priya Idli Karam,ప్రియా ఇడ్లీ కారం,प्रिया इडली करम,idli rava,Ready to Eat & Instant,2,Rack 2
Priya Garam Masala,ప్రియా గరం మసాలా,प्रिया गरम मसाला,,Spices & Masalas,2,Rack 2
Priya Fish Masala Powder,ప్రియా ఫిష్ మసాలా పౌడర్,प्रिया फिश मसाला पाउडर,,Spices & Masalas,2,Rack 2
Priya Chicken Masala,ప్రియా చికెన్ మసాలా,प्रिया चिकन मसाला,,Spices & Masalas,2,Rack 2
Swad Turmeric Powder 400g,స్వాద్ పసుపు పొడి 400గ్రా,स्वाद हल्दी पाउडर 400 ग्राम,pasupu|haldi,Spices & Masalas,2,Rack 3
Swad Turmeric Powder 200g,స్వాద్ పసుపు పొడి 200గ్రా,स्वाद हल्दी पाउडर 200 ग्राम,pasupu|haldi,Spices & Masalas,2,Rack 3
Swad Turmeric Powder,స్వాద్ పసుపు పొడి,स्वाद हल्दी पाउडर,pasupu|haldi,Spices & Masalas,2,Rack 3
Tea Masala,టీ మసాలా,चाय मसाला,tea spice,Spices & Masalas,2,Rack 3
Swad Tea Masala,స్వాద్ టీ మసాలా,स्वाद टी मसाला,tea spice,Spices & Masalas,2,Rack 3
S. Amla Salted 7oz,ఎస్. ఆమ్లా సాల్టెడ్ 7oz,एस. आंवला नमकीन 7 औंस,,"Sugar, Salt & Jaggery",2,Rack 3
Swad Coriander Powder 200g,స్వాద్ కొత్తిమీర పొడి 200గ్రా,स्वाद धनिया पाउडर 200 ग्राम,dhania|dhaniyalu|kotthimera,Spices & Masalas,2,Rack 4
Swad Coriander Powder 14 oz,స్వాద్ కొత్తిమీర పొడి 14 oz,स्वाद धनिया पाउडर 14 औंस,dhania|dhaniyalu|kotthimera,Spices & Masalas,2,Rack 4
Swad Premium Quality Chilli Powder Extra Hot 400g,"స్వాద్ ప్రీమియం క్వాలిటీ మిరప పొడి, అధిక కారం 400గ్రా","स्वाद प्रीमियम क्वालिटी मिर्च पाउडर, अतिरिक्त तीखा, 400 ग्राम",chili|mirchi,Spices & Masalas,2,Rack 4
Swad Chilli Powder Extra Hot 14 oz (400g),స్వాడ్ చిల్లీ పౌడర్ ఎక్స్‌ట్రా హాట్ 14 oz (400గ్రా),स्वाद मिर्च पाउडर अतिरिक्त गर्म 14 औंस (400 ग्राम),chili|mirchi,Spices & Masalas,2,Rack 4
Dana Red Chilli Powder 14 oz (400g),దానా రెడ్ చిల్లీ పౌడర్ 14 oz (400g),दाना लाल मिर्च पाउडर 14 औंस (400 ग्राम),chili|mirchi,Spices & Masalas,2,Rack 4
Dana Extra Hot Chilli Powder 14 oz (400g),డానా ఎక్స్‌ట్రా హాట్ చిల్లీ పౌడర్ 14 oz (400g),दाना एक्स्ट्रा हॉट चिली पाउडर 14 औंस (400 ग्राम),chili|mirchi|spices,Spices & Masalas,2,Rack 4
Swad Extra Hot Chilli Powder 14 oz (400g),స్వాడ్ ఎక్స్‌ట్రా హాట్ చిల్లీ పౌడర్ 14 oz (400గ్రా),स्वैड एक्स्ट्रा हॉट मिर्च पाउडर 14 औंस (400 ग्राम),chili|mirchi|spices,Spices & Masalas,2,Rack 4
Top Ramen Masala 480g,టాప్ రామెన్ మసాలా 480గ్రా,टॉप रामेन मसाला 480 ग्राम,spice,Spices & Masalas,2,Rack 5
Top Ramen Masala 360g,టాప్ రామెన్ మసాలా 360గ్రా,टॉप रामेन मसाला 360 ग्राम,spice,Spices & Masalas,2,Rack 5
Top Ramen Masala,టాప్ రామెన్ మసాలా,टॉप रामेन मसाला,spice,Spices & Masalas,2,Rack 5
Shan Pilau Biryani,షాన్ పిలావ్ బిర్యానీ,शान पुलाव बिरयानी,spice,Rice,2,Rack 20
Shan Punjabi Yakhni Pilau,షాన్ పంజాబీ యఖ్నీ పిలావ్,शान पंजाबी यखनी पुलाव,spice,Spices & Masalas,2,Rack 20
Shan Paya,షాన్ పాయా,शान पाया,,Ready to Eat & Instant,2,Rack 20
Shan Pani Puri Masala,షాన్ పానీ పూరీ మసాలా,शान पानी पूरी मसाला,puchka masala|golgappas spice,Spices & Masalas,2,Rack 20
Shan Mutton Biryani,షాన్ మటన్ బిర్యానీ,शान मटन बिरयानी,mutton rice|indian rice dish,Ready to Eat & Instant,2,Rack 20
Shan Meat Tenderizer,షాన్ మాంసం మెత్తబరిచేది,शान मीट टेंडराइज़र,marinade for chicken,Ready to Eat & Instant,2,Rack 20
Shan Chicken Biryani,షాన్ చికెన్ బిర్యానీ,शान चिकन बिरयानी,indian rice dish,Ready to Eat & Instant,2,Rack 20
Priya Garam Masala,ప్రియా గరం మసాలా,प्रिया गरम मसाला,,Spices & Masalas,2,Rack 21
Priya Fish Masala Powder,ప్రియా ఫిష్ మసాలా పౌడర్,प्रिया फिश मसाला पाउडर,,Spices & Masalas,2,Rack 21
Priya Chicken Masala Powder,ప్రియా చికెన్ మసాలా పౌడర్,प्रिया चिकन मसाला पाउडर,,Spices & Masalas,2,Rack 21
Priya Curry Leaf Powder,ప్రియా కరివేపాకు పొడి,प्रिया करी पत्ता पाउडर,pasupu,Spices & Masalas,2,Rack 21
Priya Biryani Masala Powder,ప్రియా బిర్యానీ మసాలా పౌడర్,प्रिया बिरयानी मसाला पाउडर,,Spices & Masalas,2,Rack 21
24 Mantra Sambar Powder,24 మంత్ర సాంబార్ పొడి,24 मंत्र सांभर पाउडर,pasupu,Spices & Masalas,2,Rack 21
24 Mantra Prawn Masala,24 మంత్ర రొయ్యల మసాలా,24 मंत्रा प्रॉन मसाला,,Spices & Masalas,2,Rack 21
24 Mantra Paneer Masala,24 మంత్ర పనీర్ మసాలా,24 मंत्रा पनीर मसाला,,Spices & Masalas,2,Rack 21
24 Mantra Meat Masala,24 మంత్ర మీట్ మసాలా,24 मंत्रा मीट मसाला,,Spices & Masalas,2,Rack 21
24 Mantra Kitchen King Masala,24 మంత్ర కిచెన్ కింగ్ మసాలా,24 मंत्रा किचन किंग मसाला,,Spices & Masalas,2,Rack 21
24 Mantra Aram Masala,24 మంత్ర ఆరం మసాలా,24 मंत्र अरम मसाला,garam masala,Spices & Masalas,2,Rack 21
Swad Tea Masala,స్వాద్ టీ మసాలా,स्वाद टी मसाला,tea spice,Spices & Masalas,2,Rack 22
Himalayan Salted 7oz,హిమాలయన్ సాల్టెడ్ 7oz,हिमालयन सॉल्टेड 7 औंस,,"Sugar, Salt & Jaggery",2,Rack 22
Shaals Le Camingos,షాల్స్ లే కామింగోస్,Shaals Le Camingos,samosas|deep fried samosas,Snacks & Namkeen,2,Rack 22
Deep Sesame Seeds,లోతైన నువ్వులు,गहरे तिल के बीज,rai|aavalu,Dry Fruits & Nuts,2,Rack 22
Deep Coriander,లోతైన కొత్తిమీర,गहरा धनिया,dhania|dhaniyalu|kotthimera,Spices & Masalas,2,Rack 22
Deep Cumin,లోతైన జీలకర్ర,गहरा जीरा,cumin seeds|jeera|jilakarra,Spices & Masalas,2,Rack 22
Swad Chilli Powder Jutka Hot,స్వాద్ మిరప పొడి జుట్కా హాట్,स्वाद मिर्च पाउडर जूटका गरम,chili|mirchi,Spices & Masalas,2,Rack 23
Daivi Extra Hot Chilli Powder,దైవి ఎక్స్‌ట్రా హాట్ చిల్లీ పౌడర్,दैवी एक्स्ट्रा हॉट चिली पाउडर,chili|mirchi,Spices & Masalas,2,Rack 23
Laxmi Extra Hot Chili Powder 14oz (400g),లక్ష్మి ఎక్స్‌ట్రా హాట్ చిల్లీ పౌడర్ 14oz (400గ్రా),लक्ष्मी एक्स्ट्रा हॉट चिली पाउडर 14 औंस (400 ग्राम),powder chilli|hot curry powder,Spices & Masalas,2,Rack 23
Laxmi Extra Hot Chilli Powder 7oz (198g),లక్ష్మి ఎక్స్‌ట్రా హాట్ చిల్లీ పౌడర్ 7oz (198గ్రా),लक्ष्मी एक्स्ट्रा हॉट चिली पाउडर 7 औंस (198 ग्राम),chili|mirchi|hot curry powder,Spices & Masalas,2,Rack 23
Asira Chilli Powder Extra Hot,అసిరా మిరప పొడి చాలా ఘాటుగా ఉంటుంది,"असिरा मिर्च पाउडर, अतिरिक्त तीखा",chili|mirchi|hot curry powder|pasupu,Spices & Masalas,2,Rack 23
Red Chili Powder,ఎర్ర మిరప పొడి,लाल मिर्च पाउडर,powder chilli,Spices & Masalas,2,Rack 23
Laxmi Red Chili Powder,లక్ష్మి ఎర్ర మిరప పొడి,लक्ष्मी लाल मिर्च पाउडर,powder chilli|dalchini powder|pasupu,Spices & Masalas,2,Rack 23
Kashmiri Chili Powder 7oz (198g),కాశ్మీరీ కారం పొడి 7oz (198గ్రా),कश्मीरी मिर्च पाउडर 7 औंस (198 ग्राम),powder chilli,Spices & Masalas,2,Rack 23
Chilli Powder Kashmiri,కారం పొడి కాశ్మీరీ,कश्मीरी मिर्च पाउडर,chili|mirchi,Spices & Masalas,2,Rack 23
Maggi Masala Noodles,మ్యాగీ మసాలా నూడుల్స్,मैगी मसाला नूडल्स,,Ready to Eat & Instant,2,Rack 24
Buldak Spicy Chicken Ramen (Black),బుల్డాక్ స్పైసీ చికెన్ రామెన్ (నలుపు),बुलडक स्पाइसी चिकन रामेन (ब्लैक),,Frozen Foods,2,Rack 24
Buldak Carbonara Hot Chicken Flavor Ramen (Pink),బుల్డాక్ కార్బోనారా హాట్ చికెన్ ఫ్లేవర్ రామెన్ (పింక్),बुलडक कार्बोनारा हॉट चिकन फ्लेवर रामेन (गुलाबी),,Frozen Foods,2,Rack 24
Buldak 2X Spicy Hot Chicken Flavor Ramen (Red),బుల్డాక్ 2X స్పైసీ హాట్ చికెన్ ఫ్లేవర్ రామెన్ (రెడ్),बुलडक 2X स्पाइसी हॉट चिकन फ्लेवर रामेन (लाल),,Frozen Foods,2,Rack 24
Shan MUTTON BIRYANI,షాన్ మటన్ బిర్యానీ,शान मटन बिरयानी,mutton rice|indian rice dish,Ready to Eat & Instant,2,Rack 14
Shan MEAT TENDERIZER,షాన్ మీట్ టెండరైజర్,शान मीट टेंडराइज़र,marinade for chicken,Ready to Eat & Instant,2,Rack 14
Shan MALAY CHICKEN BIRYANI 1KG,షాన్ మలయ్ చికెన్ బిర్యానీ 1 కేజీ,शान मलय चिकन बिरयानी 1 किलो,masala|spice,Spices & Masalas,2,Rack 14
Shan LIVER MASALA,షాన్ లివర్ మసాలా,शान लिवर मसाला,,Spices & Masalas,2,Rack 14
Shan LAHORI CHARGA,షాన్ లాహోరి ఛార్జ్గా,शान लाहोरी चरगा,,Spices & Masalas,2,Rack 14
Shan KORMA,షాన్ కోర్మా,शान कोरमा,,Spices & Masalas,2,Rack 14
Shan KOFTA,షాన్ కోఫ్టా,शान कोफ्ता,,Spices & Masalas,2,Rack 14
Shan KITCHEN KING,షాన్ కిచెన్ కింగ్,शान किचन किंग,,Spices & Masalas,2,Rack 14
Shan KEEMA,షాన్ కీమా,शान कीमा,,Spices & Masalas,2,Rack 14
24 Mantra SAMBAR POWDER,24 మంత్ర సాంబార్ పౌడర్,24 मंत्र सांभर पाउडर,pasupu,Spices & Masalas,2,Rack 15
24 Mantra PANEER MASAL,24 మంత్రాల పనీర్ మసాలా,24 मंत्रा पनीर मसाला,,Spices & Masalas,2,Rack 15
24 Mantra MEAT MASALA,24 మంత్ర మీట్ మసాలా,24 मंत्रा मीट मसाला,,Spices & Masalas,2,Rack 15
24 Mantra KITCHEN KING MASALA,24 మంత్ర కిచెన్ కింగ్ మసాలా,24 मंत्रा किचन किंग मसाला,,Spices & Masalas,2,Rack 15
24 Mantra GARAM MASALA,24 మంత్రాలు గరం మసాలా,24 मंत्र गरम मसाला,spice,Spices & Masalas,2,Rack 15
24 Mantra FISH MASALA,24 మంత్ర ఫిష్ మసాలా,24 मंत्रा फिश मसाला,,Spices & Masalas,2,Rack 15
24 Mantra EGG MASALA,24 మంత్రాల ఎగ్ మసాలా,24 मंत्रा एग मसाला,,Spices & Masalas,2,Rack 15
24 Mantra CHOLE MASALA,24 మంత్రాలు చోలే మసాలా,24 मंत्रा छोले मसाला,,Spices & Masalas,2,Rack 15
MDH T.PLUS MASALA,MDH T.PLUS మసాలా,एमडीएच टी.प्लस मसाला,garam masala,Spices & Masalas,2,Rack 15
MDH TAVAH BIRYANI MASALA,MDH తవాహ్ బిర్యానీ మసాలా,एमडीएच तवाह बिरयानी मसाला,garam masala,Spices & Masalas,2,Rack 15
MDH BBQ CHICKEN MASALA,MDH BBQ చికెన్ మసాలా,एमडीएच बारबेक्यू चिकन मसाला,,Spices & Masalas,2,Rack 15
MDH PANEER MASALA,MDH పనీర్ మసాలా,एमडीएच पनीर मसाला,garam masala,Spices & Masalas,2,Rack 15
MDH SHAHI PANEER MASALA,MDH షాహి పనీర్ మసాలా,एमडीएच शाही पनीर मसाला,garam masala,Spices & Masalas,2,Rack 15
MDH HYDERABADI BIRYANI MASALA,MDH హైదరాబాద్ బిర్యానీ మసాలా,एमडीएच हैदराबादी बिरयानी मसाला,,Spices & Masalas,2,Rack 15
MDH CHOLE MASALA,MDH చోలే మసాలా,एमडीएच छोले मसाला,,Spices & Masalas,2,Rack 15
DesiGhee SESAME seeds,దేశీ నెయ్యి నువ్వులు,देसी घी तिल के बीज,rai|aavalu,Dry Fruits & Nuts,2,Rack 16
DesiGhee CORIANDER seeds,దేశీ నెయ్యి కొత్తిమీర గింజలు,"देसी घी, धनिया के बीज",dhania|dhaniyalu|kotthimera,Spices & Masalas,2,Rack 16
DesiGhee CUMIN seeds,దేశీ నెయ్యి జీలకర్ర గింజలు,देसी घी जीरा के बीज,jeera|chiya bij|chiya beeja,Oils & Ghee,2,Rack 16
24 Mantra ORGANIC GARAM POWDER,24 మంత్ర ఆర్గానిక్ గరం పౌడర్,24 मंत्रा ऑर्गेनिक गरम पाउडर,,Spices & Masalas,2,Rack 16
24 Mantra ORGANIC CUMIN POWDER,24 మంత్ర ఆర్గానిక్ జీలకర్ర పొడి,24 मंत्रा ऑर्गेनिक जीरा पाउडर,jeera|cumin seeds,Spices & Masalas,2,Rack 16
24 Mantra ORGANIC CORIANDER POWDER,24 మంత్ర ఆర్గానిక్ కొత్తిమీర పొడి,24 मंत्रा ऑर्गेनिक धनिया पाउडर,dhania|dhaniyalu|kotthimera,Spices & Masalas,2,Rack 16
Laxmi CHILLI POWDER,లక్ష్మి మిరప పొడి,लक्ष्मी मिर्च पाउडर,chili|mirchi,Spices & Masalas,2,Rack 17
Swad EXTRA HOT CHILLI POWDER,స్వాద్ ఎక్స్‌ట్రా హాట్ చిల్లీ పౌడర్,स्वाद एक्स्ट्रा हॉट चिली पाउडर,chili|mirchi|spices,Spices & Masalas,2,Rack 17
Laxmi KASHMIRI CHILLI POWDER,లక్ష్మి కాశ్మీరీ మిరప పొడి,लक्ष्मी कश्मीरी मिर्च पाउडर,chili|mirchi,Spices & Masalas,2,Rack 17
Clio's CUMIN POWDER,క్లియో జీలకర్ర పొడి,क्लियो का जीरा पाउडर,jeera|jilakarra,Spices & Masalas,2,Rack 17
Aara CUMIN CORIANDER POWDER,ఆరా జీలకర్ర ధనియాల పొడి,आरा जीरा धनिया पाउडर,dhania|dhaniyalu|kotthimera|jeera|jilakarra,Spices & Masalas,2,Rack 17
Laxmi CUMIN POWDER,లక్ష్మి జీలకర్ర పొడి,लक्ष्मी जीरा पाउडर,jeera|jilakarra,Spices & Masalas,2,Rack 17
Buldak Carbonara Hot Chicken Flavor Ramen,బుల్డాక్ కార్బోనారా హాట్ చికెన్ ఫ్లేవర్ రామెన్,बुलडक कार्बोनारा हॉट चिकन फ्लेवर रामेन,snack,Frozen Foods,2,Rack 18
Buldak Spicy Chicken Roasted Noodles,బుల్డాక్ స్పైసీ చికెన్ రోస్టెడ్ నూడుల్స్,बुलडक स्पाइसी चिकन रोस्टेड नूडल्स,spicy mixture,Rice,2,Rack 18
Buldak 2X Spicy Hot Chicken Flavor Ramen,బుల్డాక్ 2X స్పైసీ హాట్ చికెన్ ఫ్లేవర్ రామెన్,बुलडक 2X स्पाइसी हॉट चिकन फ्लेवर रामेन,spicy mixture,Rice,2,Rack 18
Buldak Curry Hot Chicken Flavor Ramen,బుల్డాక్ కర్రీ హాట్ చికెన్ ఫ్లేవర్ రామెన్,बुलडक करी हॉट चिकन फ्लेवर रामेन,,Rice,2,Rack 18
Bambino PEPPA PASTA,బంబినో పెప్పా పాస్తా,बम्बिनो पेप्पा पास्ता,,Rice,2,Rack 18
Shan Rogan Josh Masala,షాన్ రోగన్ జోష్ మసాలా,शान रोगन जोश मसाला,,Spices & Masalas,2,Rack 14
Shan Beef Biryani,షాన్ బీఫ్ బిర్యానీ,शान बीफ बिरयानी,masala|spice|mixed rice|indian rice dish,Ready to Eat & Instant,2,Rack 14
Shan Karahi,షాన్ కరాహి,शान कराही,non stick karahi,Kitchenware,2,Rack 14
Shan Kat-A-Kat,షాన్ కాట్-ఎ-కాట్,शान कट-ए-कट,,Other,2,Rack 14
Shan Haleem,షాన్ హలీమ్,शान हलीम,slow cooked stew,Ready to Eat & Instant,2,Rack 14
Shan Ops/Steaks,షాన్ ఆప్స్/స్టీక్స్,शान ऑप्स/स्टेक्स,,Other,2,Rack 14
MDH T-Plus Masala,MDH T-ప్లస్ మసాలా,एमडीएच टी-प्लस मसाला,garam masala,Spices & Masalas,2,Rack 15
MDH Stuffed Parantha,MDH స్టఫ్డ్ పరాఠా,एमडीएच स्टफ्ड परांठा,aloo paratha|aloo paratha bulk|aloo pyaz paratha,Biscuits & Bakery,2,Rack 15
MDH Sabji Masala,MDH సబ్జీ మసాలా,एमडीएच सब्जी मसाला,spice,Spices & Masalas,2,Rack 15
MDH Sambhar Masala,MDH సాంబార్ మసాలా,एमडीएच सांभर मसाला,spice,Spices & Masalas,2,Rack 15
MDH Rajmah Masala,MDH రాజ్మా మసాలా,एमडीएच राजमा मसाला,spice,Spices & Masalas,2,Rack 15
MDH Pakora Masala,MDH పకోరా మసాలా,एमडीएच पकोड़ा मसाला,golgappas spice,Spices & Masalas,2,Rack 15
Laxmi Turmeric Powder,లక్ష్మి పసుపు పొడి,लक्ष्मी हल्दी पाउडर,turmeric powder|pasupu,Spices & Masalas,2,Rack 16
Laxmi Coriander Powder,లక్ష్మి కొత్తిమీర పొడి,लक्ष्मी धनिया पाउडर,dhania|dhaniyalu|kotthimera,Spices & Masalas,2,Rack 16
Laxmi Cumin Powder,లక్ష్మి జీలకర్ర పొడి,लक्ष्मी जीरा पाउडर,jeera|jilakarra,Spices & Masalas,2,Rack 16
Swad Cumin Powder,స్వాద్ జీలకర్ర పొడి,स्वाद जीरा पाउडर,jeera|jilakarra|cumin seeds,Spices & Masalas,2,Rack 16
Aala Cumin Powder,ఆలా జీలకర్ర పొడి,आला जीरा पाउडर,jeera|jilakarra,Spices & Masalas,2,Rack 16
Laxmi Cumin Seeds,లక్ష్మి జీలకర్ర గింజలు,लक्ष्मी जीरा के बीज,jeera|jilakarra|chiya bij|chiya beeja,Spices & Masalas,2,Rack 16
Swad Cumin Seeds,స్వాద్ జీలకర్ర గింజలు,स्वाद जीरा के बीज,jeera,Spices & Masalas,2,Rack 16
Aala Pani Puri (Gol Gappe),ఆలా పానీ పూరీ (గోల్ గప్పే),आला पानी पूरी (गोल गप्पे),golgappas spice,Ready to Eat & Instant,2,Rack 18
Curry Powder,కర్రీ పౌడర్,कढ़ी चूर्ण,hot curry powder,Spices & Masalas,2,Rack 8
MDH Meat Curry,MDH మాంసం కూర,एमडीएच मीट करी,,Sauces & Pastes,2,Rack 9
Peacock Kasoori Methi,నెమలి కసూరి మెంతి,मोर कसूरी मेथी,,Spices & Masalas,2,Rack 9
MDH Dahivada Raita,MDH దహివాడ రైతా,एमडीएच दहिवाडा रायता,rice rava,Ready to Eat & Instant,2,Rack 9
MDH Makhan Masala,MDH మఖన్ మసాలా,एमडीएच मक्खन मसाला,,Spices & Masalas,2,Rack 9
Organic Turmeric Powder,సేంద్రీయ పసుపు పొడి,जैविक हल्दी पाउडर,pasupu|haldi,Spices & Masalas,2,Rack 10
Organic Chilli Powder,సేంద్రీయ మిరప పొడి,ऑर्गेनिक मिर्च पाउडर,chili|mirchi,Spices & Masalas,2,Rack 10
Organic Ginger Powder,సేంద్రీయ అల్లం పొడి,जैविक अदरक पाउडर,adarak|adrak|allam,Spices & Masalas,2,Rack 10
Organic Mustard,సేంద్రీయ ఆవాలు,ऑर्गेनिक सरसों,aavalu,Spices & Masalas,2,Rack 10
Organic Red Chilli,సేంద్రీయ ఎర్ర మిరపకాయ,जैविक लाल मिर्च,chili|mirchi,Spices & Masalas,2,Rack 10
Patel Brothers Spices,పటేల్ బ్రదర్స్ స్పైసెస్,पटेल ब्रदर्स स्पाइसेस,,Spices & Masalas,2,Rack 10
Century Khichdi,సెంచరీ ఖిచ్డీ,सेंचुरी खिचड़ी,,"Rava, Poha & Grains",2,Rack 10
Swad Cumin Seeds,స్వాద్ జీలకర్ర గింజలు,स्वाद जीरा के बीज,jeera,Spices & Masalas,2,Rack 11
Aala Pani Puri (Gol Gappe),ఆలా పానీ పూరీ (గోల్ గప్పే),आला पानी पूरी (गोल गप्पे),golgappas spice,Ready to Eat & Instant,2,Rack 12
Daab Sabut Dhania Whole Coriander with Masala,మసాలాతో దాబ్ సబుత్ ధనియా హోల్ కొత్తిమీర,मसाला के साथ दाब साबुत धनिया साबुत धनिया,spices,Spices & Masalas,2,Rack 12
Vicinia Pani Puri,విసినియా పానీ పూరి,विसिनिया पानी पुरी,puchka masala|golgappas spice,Snacks & Namkeen,2,Rack 12
MDH Peacock Kasoori Methi,MDH నెమలి కసూరి మెంతి,एमडीएच पीकॉक कसूरी मेथी,,Spices & Masalas,2,Rack 1
MDH Fish Curry Masala,MDH ఫిష్ కర్రీ మసాలా,एमडीएच फिश करी मसाला,,Spices & Masalas,2,Rack 1
MDH Dahivada Raita Masala,MDH దహివాడ రైతా మసాలా,एमडीएच दहीवड़ा रायता मसाला,,Spices & Masalas,2,Rack 1
MDH Dal Makhani Masala,MDH దాల్ మఖానీ మసాలా,एमडीएच दाल मखनी मसाला,,Spices & Masalas,2,Rack 1
MDH Chunky Chat Masala,MDH చంకీ చాట్ మసాలా,एमडीएच चंकी चाट मसाला,spices,Spices & Masalas,2,Rack 1
MDH Curry Masala For Chicken,చికెన్ కోసం MDH కర్రీ మసాలా,एमडीएच चिकन करी मसाला,,Spices & Masalas,2,Rack 1
MDH Chana Dal Masala,MDH చనా దాల్ మసాలా,एमडीएच चना दाल मसाला,,Spices & Masalas,2,Rack 1
MDH Chana Masala,MDH చనా మసాలా,एमडीएच चना मसाला,chickpea|chickpeas,Dals & Pulses,2,Rack 1
MDH Chutney Podina Masala,MDH చట్నీ పొడినా మసాలా,एमडीएच चटनी पुदीना मसाला,,Spices & Masalas,2,Rack 1
Sri Ganeshmill Tandoori Chicken Masala,శ్రీ గణేష్‌మిల్ తందూరి చికెన్ మసాలా,श्री गणेशमिल तंदूरी चिकन मसाला,,Spices & Masalas,2,Rack 4
Sri Ganeshmill Madras Sambar Powder,శ్రీ గణేష్‌మిల్ మద్రాస్ సాంబార్ పౌడర్,श्री गणेशमिल मद्रास सांभर पाउडर,pasupu,Spices & Masalas,2,Rack 4
Sri Ganeshmill Madras Rasam Powder,శ్రీ గణేష్‌మిల్ మద్రాస్ రసం పౌడర్,श्री गणेशमिल मद्रास रसम पाउडर,,Spices & Masalas,2,Rack 4
Sri Ganeshmill Instant Puliyodharai Mix,శ్రీ గణేష్‌మిల్ ఇన్‌స్టంట్ పులియోధరై మిక్స్,श्री गणेशमिल इंस्टेंट पुलियोधराई मिक्स,rice|powder,Ready to Eat & Instant,2,Rack 4
Deep Black Pepper Powder,గాఢమైన నల్ల మిరియాల పొడి,गहरा काला मिर्च पाउडर,,Spices & Masalas,2,Rack 11
Swad Black Pepper (Coarse),స్వాద్ నల్ల మిరియాలు (ముతక),स्वाद काली मिर्च (मोटी कटी हुई),,Spices & Masalas,2,Rack 11
Aara White Pepper Powder,ఆరా తెల్ల మిరియాల పొడి,आरा सफेद काली मिर्च पाउडर,,Spices & Masalas,2,Rack 11
Deep Pani Puri Golgappa,దీప్ పానీ పూరి గొల్గప్ప,दीप पानी पुरी गोलगप्पा,,Snacks & Namkeen,2,Rack 12
Haldiram's Pani Puri,హల్దీరామ్స్ పానీ పూరి,हल्दीराम की पानी पूरी,,Snacks & Namkeen,2,Rack 12
MDH Chana Masala for Chicken,చికెన్ కోసం MDH చనా మసాలా,एमडीएच चिकन के लिए चना मसाला,,Ready to Eat & Instant,2,Rack 3
MDH Dal Makhani Masala,MDH దాల్ మఖానీ మసాలా,एमडीएच दाल मखनी मसाला,,Spices & Masalas,2,Rack 3
MDH Bombaiya Biryani Masala,MDH బొంబైయా బిర్యానీ మసాలా,एमडीएच बॉम्बेया बिरयानी मसाला,garam masala,Spices & Masalas,2,Rack 3
Century Chatpat Masala,సెంచరీ చాట్‌పట్ మసాలా,सेंचुरी चटपट मसाला,garam masala,Spices & Masalas,2,Rack 4
GFF Tandoori Chicken Masala,జిఎఫ్ఎఫ్ తందూరి చికెన్ మసాలా,जीएफएफ तंदूरी चिकन मसाला,,Spices & Masalas,2,Rack 4
GFF Madras Sambar Powder,జిఎఫ్ఎఫ్ మద్రాస్ సాంబార్ పౌడర్,जीएफएफ मद्रास सांभर पाउडर,madras mix,Spices & Masalas,2,Rack 4
GFF Madras Rasam Powder,జిఎఫ్ఎఫ్ మద్రాస్ రసం పౌడర్,जीएफएफ मद्रास रसम पाउडर,madras mix,Spices & Masalas,2,Rack 4
GFF Instant Puliyodharai Mix,జిఎఫ్ఎఫ్ ఇన్స్టంట్ పులియోధరై మిక్స్,जीएफएफ इंस्टेंट पुलियोधराई मिक्स,rice|powder,Ready to Eat & Instant,2,Rack 4
GFF Idly Chilly Chutney Powder,జిఎఫ్ఎఫ్ ఇడ్లీ మిరపకాయ చట్నీ పొడి,जीएफएफ इडली मिर्च चटनी पाउडर,,Spices & Masalas,2,Rack 4
GFF Special Egg Curry Masala,జిఎఫ్ఎఫ్ స్పెషల్ ఎగ్ కర్రీ మసాలా,जीएफएफ स्पेशल एग करी मसाला,,Spices & Masalas,2,Rack 4
GFF Madras Chicken 65 Masala,జిఎఫ్ఎఫ్ మద్రాస్ చికెన్ 65 మసాలా,जीएफएफ मद्रास चिकन 65 मसाला,,Spices & Masalas,2,Rack 4
GFF Biryani Pulao Masala,జిఎఫ్ఎఫ్ బిర్యానీ పులావ్ మసాలా,जीएफएफ बिरयानी पुलाव मसाला,,Spices & Masalas,2,Rack 4
LP Black Pepper Powder,ఎల్పీ నల్ల మిరియాల పొడి,एलपी काली मिर्च पाउडर,,Spices & Masalas,2,Rack 5
Deep Black Pepper,గాఢమైన నల్ల మిరియాల పొడి,गहरी काली मिर्च,,Spices & Masalas,2,Rack 5
SWAD Black Pepper (Coarse),SWAD నల్ల మిరియాలు (ముతక),स्वाद काली मिर्च (मोटी कटी हुई),,Spices & Masalas,2,Rack 5
AAAA White Pepper Powder,AAAA తెల్ల మిరియాల పొడి,एएएए सफेद काली मिर्च पाउडर,,Spices & Masalas,2,Rack 5
Haldiram's Street Style Pani Puri,హల్దీరామ్ స్ట్రీట్ స్టైల్ పానీ పూరి,हल्दीराम की स्ट्रीट स्टाइल पानी पुरी,puchka masala|golgappas spice,Snacks & Namkeen,2,Rack 6
Haldiram's Pani Puri,హల్దీరామ్స్ పానీ పూరి,हल्दीराम की पानी पूरी,,Snacks & Namkeen,2,Rack 6
Shana Pani Puri,షానా పానీ పూరి,शाना पानी पुरी,puchka masala|golgappas spice,Snacks & Namkeen,2,Rack 6
MDH Achari Gosht,MDH అచారి గోష్ట్,एमडीएच अचारी गोश्त,achari masala,Pickles & Chutneys,2,Rack 3
CEE Instant Pulyodharat Mix,CEE ఇన్‌స్టంట్ పులియోధరత్ మిక్స్,सीईई इंस्टेंट पुल्योधारट मिक्स,,Ready to Eat & Instant,2,Rack 4
CEE Idly Chilly Chutney Powder,సిఈఈ ఇడ్లీ మిరపకాయ చట్నీ పొడి,सीईई इडली मिर्च चटनी पाउडर,,Spices & Masalas,2,Rack 4
CEE Special Egg Curry Masala,సిఈఈ స్పెషల్ ఎగ్ కర్రీ మసాలా,सीईई स्पेशल एग करी मसाला,,Spices & Masalas,2,Rack 4
CEE Madras Chicken 65 Masala,సిఈఈ మద్రాస్ చికెన్ 65 మసాలా,सीईई मद्रास चिकन 65 मसाला,,Spices & Masalas,2,Rack 4
CEE Biryani Pulav Masala,సిఈఈ బిర్యానీ పులావ్ మసాలా,सीईई बिरयानी पुलाव मसाला,spice,Spices & Masalas,2,Rack 4
National Mutton Biryani,నేషనల్ మటన్ బిర్యానీ,राष्ट्रीय मटन बिरयानी,mutton rice,Rice,2,Rack 4
National Biryani,నేషనల్ బిర్యానీ,राष्ट्रीय बिरयानी,indian rice dish|mixed rice,Rice,2,Rack 4
Swad Anardana Powder,స్వాద్ అనార్దన పొడి,स्वाद अनारदाना पाउडर,,Spices & Masalas,2,Rack 4
Swad White Pepper Powder,స్వాద్ తెల్ల మిరియాల పొడి,स्वाद सफेद काली मिर्च पाउडर,,Spices & Masalas,2,Rack 5
Aara White Pepper Powder 3.5oz,ఆరా తెల్ల మిరియాల పొడి 3.5oz,आरा सफेद काली मिर्च पाउडर 3.5 औंस,,Spices & Masalas,2,Rack 5
Laxmi Ajwain Seeds 14oz,లక్ష్మి వాము గింజలు 14oz,लक्ष्मी अजवाइन के बीज 14 औंस,carom seeds,Spices & Masalas,2,Rack 5
Swad Anardana Powder (bag),స్వాద్ అనార్దన పొడి (సంచి),स्वाद अनारदाना पाउडर (बैग),,Spices & Masalas,2,Rack 5
Shana Chaat Puri,షానా చాట్ పూరి,शाना चाट पूरी,golgappas spice|flatbread|indian bread,Snacks & Namkeen,2,Rack 6
What's your favourite Chaat Puri,మీకు ఇష్టమైన చాట్ పూరీ ఏది?,आपकी पसंदीदा चाट पूरी कौन सी है?,puchka masala|golgappas spice|flatbread|indian bread,Snacks & Namkeen,2,Rack 6
Ching's Secret Green Chili Sauce,చింగ్ యొక్క రహస్య పచ్చి మిరపకాయ సాస్,चिंग की गुप्त हरी मिर्च की चटनी,,Sauces & Pastes,2,Rack 61
Ching's Secret Dark Soy Sauce,చింగ్ యొక్క రహస్య ముదురు సోయా సాస్,चिंग का सीक्रेट डार्क सोया सॉस,soya sauce,Sauces & Pastes,2,Rack 61
Swad Tamarind Concentrate,స్వాద్ చింతపండు కాన్సంట్రేట్,स्वाद इमली का सांद्रण,,Sauces & Pastes,2,Rack 62
Tamicon Tamarind Concentrate,టమికాన్ చింతపండు కాన్సంట్రేట్,टैमिकॉन इमली सांद्रण,,Sauces & Pastes,2,Rack 62
Swad Seedless Tamarind,స్వాద్ విత్తనాలు లేని చింతపండు,स्वाद बीज रहित इमली,,Spices & Masalas,2,Rack 63
Aeroplane Seedless Tamarind,ఏరోప్లేన్ విత్తనాలు లేని చింతపండు,एरोप्लेन सीडलेस इमली,,Spices & Masalas,2,Rack 63
Nandhari's Sweet Tamarind,నంధారి తీపి చింతపండు,नंदारी की मीठी इमली,,Spices & Masalas,2,Rack 63
Ching's Secret Manchow Soup,చింగ్ యొక్క రహస్య మంచో సూప్,चिंग का गुप्त मंचो सूप,,Sauces & Pastes,2,Rack 64
Ching's Secret Hot & Sour Soup,చింగ్ యొక్క రహస్య హాట్ & సోర్ సూప్,चिंग का गुप्त हॉट एंड सॉर सूप,,Ready to Eat & Instant,2,Rack 64
Ching's Secret Mix Veg Soup,చింగ్ యొక్క రహస్య మిశ్రమ కూరగాయల సూప్,चिंग का सीक्रेट मिक्स वेज सूप,,Ready to Eat & Instant,2,Rack 64
Knorr Mixed Vegetable Soup,నార్ మిక్స్డ్ వెజిటబుల్ సూప్,नॉर मिक्स्ड वेजिटेबल सूप,,Ready to Eat & Instant,2,Rack 64
Knorr Hot & Sour Vegetable Soup,నార్ హాట్ & సోర్ వెజిటబుల్ సూప్,नॉर हॉट एंड सॉर वेजिटेबल सूप,,Ready to Eat & Instant,2,Rack 65
Knorr Mixed Vegetable Soup,నార్ మిక్స్డ్ వెజిటబుల్ సూప్,नॉर मिक्स्ड वेजिटेबल सूप,,Ready to Eat & Instant,2,Rack 65
Ching's Secret Green Chilli Sauce,చింగ్ యొక్క రహస్య పచ్చి మిరపకాయ సాస్,चिंग की गुप्त हरी मिर्च की चटनी,,Sauces & Pastes,2,Rack 61
Wet Tamarind,తడి చింతపండు,गीली इमली,,Pickles & Chutneys,2,Rack 63
Ching's Secret Tomato Soup,చింగ్ యొక్క రహస్య టమోటా సూప్,चिंग का गुप्त टमाटर का सूप,,Sauces & Pastes,2,Rack 64
Knorr Soup,నార్ సూప్,नॉर सूप,,Sauces & Pastes,2,Rack 64
Knorr Soup,నార్ సూప్,नॉर सूप,,Sauces & Pastes,2,Rack 65
MTR Poha Express,MTR పోహా ఎక్స్‌ప్రెస్,एमटीआर पोहा एक्सप्रेस,,Ready to Eat & Instant,2,Rack 1
MTR Upma Express,MTR ఉప్మా ఎక్స్‌ప్రెస్,एमटीआर उपमा एक्सप्रेस,,Ready to Eat & Instant,2,Rack 1
MTR Dal Chawal Express,MTR దాల్ చావల్ ఎక్స్‌ప్రెస్,एमटीआर दाल चावल एक्सप्रेस,chickpea rice,Ready to Eat & Instant,2,Rack 1
Ching's Secret Green Chilli Sauce,చింగ్ యొక్క రహస్య పచ్చి మిరపకాయ సాస్,चिंग की गुप्त हरी मिर्च की चटनी,,Sauces & Pastes,2,Rack 1
Ching's Secret Chilli Sauce,చింగ్ యొక్క రహస్య మిరప సాస్,चिंग की गुप्त मिर्च की चटनी,chili|mirchi,Sauces & Pastes,2,Rack 1
Ching's Secret Dark Soy Sauce,చింగ్ యొక్క రహస్య ముదురు సోయా సాస్,चिंग का सीक्रेट डार्क सोया सॉस,soya sauce,Sauces & Pastes,2,Rack 1
Ching's Secret Green Chilli Sauce,చింగ్ యొక్క రహస్య పచ్చి మిరపకాయ సాస్,चिंग की गुप्त हरी मिर्च की चटनी,,Sauces & Pastes,2,Rack 2
Ching's Secret Chilli Sauce,చింగ్ యొక్క రహస్య మిరప సాస్,चिंग की गुप्त मिर्च की चटनी,chili|mirchi,Sauces & Pastes,2,Rack 2
Ching's Secret Dark Soy Sauce,చింగ్ యొక్క రహస్య ముదురు సోయా సాస్,चिंग का सीक्रेट डार्क सोया सॉस,soya sauce,Sauces & Pastes,2,Rack 2
Swad Tamarind Concentrate,స్వాద్ చింతపండు కాన్సంట్రేట్,स्वाद इमली का सांद्रण,,Sauces & Pastes,2,Rack 2
Swad Seedless Tamarind,స్వాద్ విత్తనాలు లేని చింతపండు,स्वाद बीज रहित इमली,,Spices & Masalas,2,Rack 3
Ching's Secret Manchow Soup,చింగ్ యొక్క రహస్య మంచో సూప్,चिंग का गुप्त मंचो सूप,,Sauces & Pastes,2,Rack 4
Ching's Secret Tomato Soup,చింగ్ యొక్క రహస్య టమోటా సూప్,चिंग का गुप्त टमाटर का सूप,,Sauces & Pastes,2,Rack 4
Ching's Secret Hot & Sour Soup,చింగ్ యొక్క రహస్య హాట్ & సోర్ సూప్,चिंग का गुप्त हॉट एंड सॉर सूप,,Ready to Eat & Instant,2,Rack 4
Ching's Secret Mix Veg Soup,చింగ్ యొక్క రహస్య మిశ్రమ కూరగాయల సూప్,चिंग का सीक्रेट मिक्स वेज सूप,,Ready to Eat & Instant,2,Rack 4
Shan Chilli Pickle,షాన్ మిరపకాయ ఊరగాయ,शान मिर्च का अचार,green chilli pickle|chili|mirchi,Pickles & Chutneys,2,Rack 4
Shan Mango Pickle,షాన్ మామిడి ఊరగాయ,शान आम का अचार,tomato pickle|pickle chilli|ginger pickle|green chilli pickle|garlic pickle,Pickles & Chutneys,2,Rack 4
Shan Lemon Pickle,షాన్ నిమ్మకాయ ఊరగాయ,शान नींबू का अचार,tomato pickle|ginger pickle|garlic pickle|pickle chilli,Pickles & Chutneys,2,Rack 4
Knorr Hot & Sour Vegetable Soup,నార్ హాట్ & సోర్ వెజిటబుల్ సూప్,नॉर हॉट एंड सॉर वेजिटेबल सूप,,Ready to Eat & Instant,2,Rack 5
Haldiram's Minute Khana Upma,హల్దీరామ్స్ మినిట్ ఖానా ఉప్మా,हल्दीराम का मिनट खाना उपमा,chickpea rice,Ready to Eat & Instant,2,Rack 67
Haldiram's Minute Khana Poha,హల్దీరామ్స్ మినిట్ ఖానా పోహా,हल्दीराम का मिनट खाना पोहा,,Ready to Eat & Instant,2,Rack 67
Haldiram's Minute Khana Dal Chawal,హల్దీరామ్ యొక్క నిమిషం ఖానా దాల్ చావల్,हल्दीराम मिनट खाना दाल चावल,split black gram,Ready to Eat & Instant,2,Rack 67
Haldiram's Poha Sev,హల్దీరామ్ పోహా సేవ్,हल्दीराम का पोहा सेव,crunchy sev,Snacks & Namkeen,2,Rack 67
Ching's Secret Red Chilli Sauce,చింగ్ యొక్క రహస్య ఎర్ర మిరప సాస్,चिंग की गुप्त लाल मिर्च की चटनी,chili|mirchi,Sauces & Pastes,2,Rack 68
Ching's Secret Chilli Vinegar,చింగ్ యొక్క రహస్య మిరప వెనిగర్,चिंग का सीक्रेट चिली विनेगर,chili|mirchi,Sauces & Pastes,2,Rack 68
Ching's Secret Dark Soy Sauce,చింగ్ యొక్క రహస్య ముదురు సోయా సాస్,चिंग का सीक्रेट डार्क सोया सॉस,soya sauce,Sauces & Pastes,2,Rack 68
Ching's Secret Green Chilli Sauce,చింగ్ యొక్క రహస్య పచ్చి మిరపకాయ సాస్,चिंग की गुप्त हरी मिर्च की चटनी,,Sauces & Pastes,2,Rack 68
Swad Telugu Karela Pickle,స్వాద్ తెలుగు కాకరకాయ ఊరగాయ,स्वाद तेलुगु करेला अचार,adukura pacchadi,Pickles & Chutneys,2,Rack 69
Swad Telugu Pickle,స్వాద్ తెలుగు ఊరగాయ,स्वाद तेलुगु अचार,adukura pacchadi|velulli pacchadi,Pickles & Chutneys,2,Rack 69
Shan Garlic Pickle,షాన్ వెల్లుల్లి ఊరగాయ,शान लहसुन का अचार,velulli pacchadi|adukura pacchadi,Pickles & Chutneys,2,Rack 70
Shan Hyderabadi Pickle,షాన్ హైదరాబాదీ ఊరగాయ,शान हैदराबादी अचार,velulli pacchadi,Pickles & Chutneys,2,Rack 70
Shan Lemon Pickle,షాన్ నిమ్మకాయ ఊరగాయ,शान नींबू का अचार,tomato pickle|ginger pickle|garlic pickle|pickle chilli,Pickles & Chutneys,2,Rack 70
Shan Mango Pickle,షాన్ మామిడి ఊరగాయ,शान आम का अचार,tomato pickle|pickle chilli|ginger pickle|green chilli pickle|garlic pickle,Pickles & Chutneys,2,Rack 70
Aara Moong Dal,ఆరా మూంగ్ దాల్,आरा मूंग दाल,split black gram,Dals & Pulses,2,Rack 70
Swad Ganthoda Powder,స్వాద్ గంథోడా పొడి,स्वाद गंथोडा पाउडर,,Spices & Masalas,2,Rack 70
Deep Vermicelli Upma,డీప్ వెర్మిసెల్లి ఉప్మా,डीप वर्मीसेली उपमा,,"Rava, Poha & Grains",2,Rack 1
Deep Khatta Mitha Poha Sev,దీప్ ఖట్టా మిఠా పోహా సేవ్,दीप खट्टा मीठा पोहा सेव,,"Rava, Poha & Grains",2,Rack 1
Deep Poha Sev,దీప్ పోహా సేవ్,दीप पोहा सेव,,"Rava, Poha & Grains",2,Rack 1
Deep Express Meals Upma,డీప్ ఎక్స్‌ప్రెస్ మీల్స్ ఉప్మా,डीप एक्सप्रेस मील्स उपमा,,Ready to Eat & Instant,2,Rack 1
Haldiram's Minute Khana Poha,హల్దీరామ్స్ మినిట్ ఖానా పోహా,हल्दीराम का मिनट खाना पोहा,,Ready to Eat & Instant,2,Rack 1
Ching's Secret Schezwan Chutney,చింగ్స్ సీక్రెట్ షెజ్వాన్ చట్నీ,चिंग्स सीक्रेट शेज़वान चटनी,,Sauces & Pastes,2,Rack 75
Deep Red Chilli Sauce,ముదురు ఎరుపు మిరప సాస్,गहरे लाल रंग की मिर्च की चटनी,chili|mirchi,Sauces & Pastes,2,Rack 75
Ching's Secret Dark Soy Sauce,చింగ్ యొక్క రహస్య ముదురు సోయా సాస్,चिंग का सीक्रेट डार्क सोया सॉस,soya sauce,Sauces & Pastes,2,Rack 75
Ching's Secret Chilli Vinegar,చింగ్ యొక్క రహస్య మిరప వెనిగర్,चिंग का सीक्रेट चिली विनेगर,chili|mirchi,Sauces & Pastes,2,Rack 75
Ching's Secret Green Chilli Sauce,చింగ్ యొక్క రహస్య పచ్చి మిరపకాయ సాస్,चिंग की गुप्त हरी मिर्च की चटनी,,Sauces & Pastes,2,Rack 75
Swad Garlic Pickle,స్వాద్ వెల్లుల్లి ఊరగాయ,स्वाद लहसुन का अचार,velulli pacchadi|lahsun|vellulli,Pickles & Chutneys,2,Rack 76
Swetha Telugu Dondakaya Pickle,శ్వేత తెలుగు దొండకాయ ఊరగాయ,स्वेता तेलुगु डोंडाकाया अचार,tomato pickle|pickle chilli|ginger pickle|adukura pacchadi|green chilli pickle|garlic pickle|velulli pacchadi,Pickles & Chutneys,2,Rack 76
Swetha Telugu Karela Pickle,శ్వేత తెలుగు కాకరకాయ ఊరగాయ,श्वेता तेलुगु करेला अचार,adukura pacchadi,Pickles & Chutneys,2,Rack 76
Edible Camphor,తినదగిన కర్పూరం,खाद्य कपूर,,Other,2,Rack 77
Threaded Mishri,థ్రెడెడ్ మిశ్రి,धागे में पिरोई हुई मिश्री,,"Sugar, Salt & Jaggery",2,Rack 77
Rock Sugar,రాక్ షుగర్,मिश्री,chini,"Sugar, Salt & Jaggery",2,Rack 77
Tukari Powder,టుకారి పౌడర్,तुकारी पाउडर,powder chilli,Spices & Masalas,2,Rack 77
Katira Gum,కతిరా గమ్,कटिरा गम,,Spices & Masalas,2,Rack 77
Ganthoda Powder,గంథోడా పొడి,गंथोडा पाउडर,,Spices & Masalas,2,Rack 77
Aara Edible Gum,ఆరా ఎడిబుల్ గమ్,आरा एडिबल गम,,Spices & Masalas,2,Rack 77
Shan Garlic Pickle,షాన్ వెల్లుల్లి ఊరగాయ,शान लहसुन का अचार,velulli pacchadi|adukura pacchadi,Pickles & Chutneys,2,Rack 77
Deep Instant Mix Rava Idli,డీప్ ఇన్‌స్టంట్ మిక్స్ రవ్వ ఇడ్లీ,डीप इंस्टेंट मिक्स रवा इडली,rice rava,Ready to Eat & Instant,2,Rack 73
Chitale Foods Gulab Jamun,చిటాలే ఫుడ్స్ గులాబ్ జామున్,चिताले फूड्स गुलाब जामुन,,Sweets & Mithai,2,Rack 73
Deep Khatta Mitha Poha Sev,దీప్ ఖట్టా మిఠా పోహా సేవ్,दीप खट्टा मीठा पोहा सेव,,"Rava, Poha & Grains",2,Rack 73
Deep Vermicelli Upma,డీప్ వెర్మిసెల్లి ఉప్మా,डीप वर्मीसेली उपमा,,"Rava, Poha & Grains",2,Rack 73
Habanero Sauce,హబానెరో సాస్,हबानेरो सॉस,,Sauces & Pastes,2,Rack 74
Ching's Secret Schezwan Chutney,చింగ్స్ సీక్రెట్ షెజ్వాన్ చట్నీ,चिंग्स सीक्रेट शेज़वान चटनी,,Sauces & Pastes,2,Rack 74
Ching's Secret Red Chilli Sauce,చింగ్ యొక్క రహస్య ఎర్ర మిరప సాస్,चिंग की गुप्त लाल मिर्च की चटनी,chili|mirchi,Sauces & Pastes,2,Rack 74
Priya Coriander Pickle,ప్రియా కొత్తిమీర ఊరగాయ,प्रिया धनिया का अचार,dhania|dhaniyalu,Pickles & Chutneys,2,Rack 75
Deep Achaar Chundo Pickle,డీప్ అచార్ చుండో పచ్చడి,दीप अचार चुंडो अचार,,Pickles & Chutneys,2,Rack 75
Deep Achaar Garlic Pickle,డీప్ అచార్ గార్లిక్ పికిల్,दीप अचार लहसुन का अचार,lahsun|vellulli,Pickles & Chutneys,2,Rack 75
Swad Sweet Makhana,స్వాద్ స్వీట్ మఖానా,स्वाद स्वीट मखाना,,Dry Fruits & Nuts,2,Rack 77
Zaika Threaded Mishri,జైకా థ్రెడెడ్ మిశ్రి,ज़ाइका थ्रेडेड मिश्री,,"Sugar, Salt & Jaggery",2,Rack 76
Raghav Rock Sugar,రాఘవ్ రాక్ షుగర్,राघव रॉक शुगर,,"Sugar, Salt & Jaggery",2,Rack 76
Bhakti Edible Camphor,భక్తి తినదగిన కర్పూరం,भक्ति खाद्य कपूर,,Personal Care,2,Rack 77
Uttam Khaman Instant Mix,ఉత్తమ్ ఖమన్ ఇన్‌స్టంట్ మిక్స్,उत्तम खमन इंस्टेंट मिक्स,,Ready to Eat & Instant,2,Shelf 1
Deep Dhokla Instant Mix,దీప్ ధోక్లా ఇన్‌స్టంట్ మిక్స్,दीप ढोकला इंस्टेंट मिक्स,,Ready to Eat & Instant,2,Shelf 1
Deep Khaman Instant Mix,దీప్ ఖమన్ ఇన్‌స్టంట్ మిక్స్,दीप खमन इंस्टेंट मिक्स,rava|snack,Snacks & Namkeen,2,Shelf 1
Deep Rava Idli Instant Mix,దీప్ రవ్వ ఇడ్లీ ఇన్‌స్టంట్ మిక్స్,दीप रवा इडली इंस्टेंट मिक्स,rice rava|indian rice,"Rava, Poha & Grains",2,Shelf 1
Swad Hot & Sweet Chutney,స్వాద్ హాట్ & స్వీట్ చట్నీ,स्वाद हॉट एंड स्वीट चटनी,narial chutney,Pickles & Chutneys,2,Shelf 2
Swad Pani Puri Concentrate,స్వాద్ పానీ పూరీ కాన్సంట్రేట్,स्वाद पानी पूरी कॉन्सेंट्रेट,puchka masala|golgappas spice,Sauces & Pastes,2,Shelf 2
Fire Habanero Green Habanero,ఫైర్ హబానెరో గ్రీన్ హబానెరో,फायर हबानेरो ग्रीन हबानेरो,,Spices & Masalas,2,Shelf 2
Fire Habanero Spice,ఫైర్ హబానెరో స్పైస్,फायर हबानेरो स्पाइस,hot,Spices & Masalas,2,Shelf 2
Huy Fong Chili Garlic Sauce,హుయ్ ఫోంగ్ చిల్లీ గార్లిక్ సాస్,हुय फोंग चिली गार्लिक सॉस,spicy,Sauces & Pastes,2,Shelf 2
Schezwan Chutney,షెజ్వాన్ చట్నీ,शेज़वान चटनी,,Sauces & Pastes,2,Shelf 2
Priya Curry Leaves Powder,ప్రియా కరివేపాకు పొడి,प्रिया करी पत्ता पाउडर,idippam powder,Spices & Masalas,2,Shelf 3
Priya Sweet Ginger Pickle,ప్రియా తీపి అల్లం ఊరగాయ,प्रिया मीठा अदरक का अचार,adrak|allam,Pickles & Chutneys,2,Shelf 3
Priya Ginger Pickle,ప్రియా అల్లం ఊరగాయ,प्रिया अदरक का अचार,adrak|allam,Pickles & Chutneys,2,Shelf 3
Swad Allspice Whole,స్వాద్ ఆల్‌స్పైస్ హోల్,स्वाद ऑलस्पाइस साबुत,,Spices & Masalas,2,Shelf 4
Kheel Patasha,ఖీల్ పటాషా,कील पताशा,,Dals & Pulses,2,Shelf 4
Swad Sweet Makhana,స్వాద్ స్వీట్ మఖానా,स्वाद स्वीट मखाना,,Dry Fruits & Nuts,2,Shelf 4
Bhakti Edible Camphor,భక్తి తినదగిన కర్పూరం,भक्ति खाद्य कपूर,,Personal Care,2,Shelf 4
Gits Rava Idli Mix,గిట్స్ రవ్వ ఇడ్లీ మిక్స్,गिट्स रवा इडली मिक्स,rice rava,Ready to Eat & Instant,2,Rack 79
Gits Rice Idli Mix,గిట్స్ రైస్ ఇడ్లీ మిక్స్,गिट्स राइस इडली मिक्स,indian rice|biyyam|chawal,Ready to Eat & Instant,2,Rack 79
Gits Dosa Mix,గిట్స్ దోస మిక్స్,गिट्स डोसा मिक्स,rava|spice mix,Ready to Eat & Instant,2,Rack 79
Gits Handvo Snack Mix,గిట్స్ హ్యాండ్వో స్నాక్ మిక్స్,गिट्स हैंडवो स्नैक मिक्स,rava,Snacks & Namkeen,2,Rack 79
Gits Khaman Dhokla Snack Mix,గిట్స్ ఖమన్ ధోక్లా స్నాక్ మిక్స్,गिट्स खमन ढोकला स्नैक मिक्स,,Snacks & Namkeen,2,Rack 79
Uttam Khaman Instant Mix,ఉత్తమ్ ఖమన్ ఇన్‌స్టంట్ మిక్స్,उत्तम खमन इंस्टेंट मिक्स,,Ready to Eat & Instant,2,Rack 79
Deep Dhokla Instant Mix,దీప్ ధోక్లా ఇన్‌స్టంట్ మిక్స్,दीप ढोकला इंस्टेंट मिक्स,,Ready to Eat & Instant,2,Rack 79
Deep Khaman Instant Mix,దీప్ ఖమన్ ఇన్‌స్టంట్ మిక్స్,दीप खमन इंस्टेंट मिक्स,rava|snack,Snacks & Namkeen,2,Rack 79
Deep Rava Idli Instant Mix,దీప్ రవ్వ ఇడ్లీ ఇన్‌స్టంట్ మిక్స్,दीप रवा इडली इंस्टेंट मिक्स,rice rava|indian rice,"Rava, Poha & Grains",2,Rack 79
Deep Mint Chutney,డీప్ మింట్ చట్నీ,डीप मिंट चटनी,,Sauces & Pastes,2,Rack 80
Swad Green Chilli Chutney,స్వాద్ పచ్చి మిరపకాయ చట్నీ,स्वाद हरी मिर्च की चटनी,,Sauces & Pastes,2,Rack 80
Swad Coconut Chutney,స్వాద్ కొబ్బరి చట్నీ,स्वाद नारियल चटनी,narial chutney|narial,Pickles & Chutneys,2,Rack 80
Swad Coriander Chutney,స్వాద్ కొత్తిమీర చట్నీ,स्वाद धनिया चटनी,dhania|kotthimera,Pickles & Chutneys,2,Rack 80
Swad Mint Chutney,స్వాద్ పుదీనా చట్నీ,स्वाद पुदीना चटनी,,Pickles & Chutneys,2,Rack 80
Swad Tamarind & Dates Chutney,స్వాద్ చింతపండు & ఖర్జూర చట్నీ,स्वाद इमली और खजूर की चटनी,,Pickles & Chutneys,2,Rack 80
Swad Date Chutney,స్వాద్ ఖర్జూర చట్నీ,स्वाद खजूर की चटनी,,Pickles & Chutneys,2,Rack 80
Swad Hot & Sweet Chutney,స్వాద్ హాట్ & స్వీట్ చట్నీ,स्वाद हॉट एंड स्वीट चटनी,narial chutney,Pickles & Chutneys,2,Rack 80
Swad Pani Puri Concentrate,స్వాద్ పానీ పూరీ కాన్సంట్రేట్,स्वाद पानी पूरी कॉन्सेंट्रेट,puchka masala|golgappas spice,Sauces & Pastes,2,Rack 80
Aachi Pickle,ఆచీ ఊరగాయ,आची अचार,tomato pickle,Pickles & Chutneys,2,Rack 81
Priya Garlic Pickle in Oil,నూనెలో ప్రియా వెల్లుల్లి ఊరగాయ,प्रिया लहसुन का अचार तेल में,lahsun|vellulli,Pickles & Chutneys,2,Rack 81
Priya Roselle Leaves Pickle,ప్రియా రోసెల్ ఆకుల ఊరగాయ,प्रिया रोसेल पत्तों का अचार,,Pickles & Chutneys,2,Rack 81
Priya Sweet Ginger Pickle,ప్రియా తీపి అల్లం ఊరగాయ,प्रिया मीठा अदरक का अचार,adrak|allam,Pickles & Chutneys,2,Rack 81
Triveni Vathals Dried Chillies,త్రివేణి వాతలు ఎండు మిరపకాయలు,त्रिवेणी वाथल्स सूखी मिर्च,chili|chilli|mirchi,Spices & Masalas,2,Rack 82
Swad Allspice Whole,స్వాద్ ఆల్‌స్పైస్ హోల్,स्वाद ऑलस्पाइस साबुत,,Spices & Masalas,2,Rack 82
Deep Black Kokum,డీప్ బ్లాక్ కోకుమ్,डीप ब्लैक कोकुम,,Dry Fruits & Nuts,2,Rack 82
Kheel Patasha,ఖీల్ పటాషా,कील पताशा,,Dals & Pulses,2,Rack 82
Swad Sweet Makhana,స్వాద్ స్వీట్ మఖానా,स्वाद स्वीट मखाना,,Dry Fruits & Nuts,2,Rack 82
Triveni Sugandhi Supari,త్రివేణి సుగంధి సుపారి,त्रिवेनी सुगंधि सुपारी,snack|indian snack,Snacks & Namkeen,2,Rack 83
Mantra Organic Turmeric Powder,మంత్ర ఆర్గానిక్ పసుపు పొడి,मंत्रा ऑर्गेनिक हल्दी पाउडर,haldi|pasupu,Spices & Masalas,2,Rack 83
Gits Upma,గిట్స్ ఉప్మా,गिट्स उपमा,,Ready to Eat & Instant,2,Rack 80
Gits Sambar,గిట్స్ సాంబార్,गिट्स सांबार,,Ready to Eat & Instant,2,Rack 80
Gits Rava Dosa,గిట్స్ రవ్వ దోస,गिट्स रवा डोसा,,Ready to Eat & Instant,2,Rack 80
Gits Rava Idli,గిట్స్ రవ్వ ఇడ్లీ,गिट्स रवा इडली,rice rava|mix,Ready to Eat & Instant,2,Rack 80
Gits Rice Idli,గిట్స్ రైస్ ఇడ్లీ,गिट्स राइस इडली,indian rice|biyyam|chawal|long grain rice,Ready to Eat & Instant,2,Rack 80
Gits Dosa,గిట్స్ దోస,गिट्स डोसा,mix,Ready to Eat & Instant,2,Rack 80
Gits Handvo,గిట్స్ హ్యాండ్వో,गिट्स हैंडवो,,Ready to Eat & Instant,2,Rack 80
Gits Khaman Dhokla,గిట్స్ ఖమన్ ధోక్లా,गिट्स खमन धोकला,khaman mix,Ready to Eat & Instant,2,Rack 80
Deep Chutney,డీప్ చట్నీ,डीप चटनी,narial chutney,Pickles & Chutneys,2,Rack 81
Swad Green Chilli Chutney,స్వాద్ పచ్చి మిరపకాయ చట్నీ,स्वाद हरी मिर्च की चटनी,,Sauces & Pastes,2,Rack 81
Swad Coconut Chutney,స్వాద్ కొబ్బరి చట్నీ,स्वाद नारियल चटनी,narial chutney|narial,Pickles & Chutneys,2,Rack 81
Swad Coriander Chutney,స్వాద్ కొత్తిమీర చట్నీ,स्वाद धनिया चटनी,dhania|kotthimera,Pickles & Chutneys,2,Rack 81
Swad Mint Chutney,స్వాద్ పుదీనా చట్నీ,स्वाद पुदीना चटनी,,Pickles & Chutneys,2,Rack 81
Swad Tamarind & Date Chutney,స్వాద్ చింతపండు & ఖర్జూర చట్నీ,स्वाद इमली और खजूर की चटनी,,Pickles & Chutneys,2,Rack 81
Aachi Mango Pickle,ఆచీ మామిడి ఊరగాయ,आची आम का अचार,,Pickles & Chutneys,2,Rack 82
Aachi Green Chilli Pickle,ఆచీ పచ్చి మిరపకాయల ఊరగాయ,आची हरी मिर्च का अचार,chili,Pickles & Chutneys,2,Rack 82
Aachi Lime Pickle,ఆచీ నిమ్మకాయ ఊరగాయ,आची नींबू का अचार,,Pickles & Chutneys,2,Rack 82
Aachi Garlic Pickle,ఆచీ వెల్లుల్లి ఊరగాయ,आची लहसुन का अचार,garlic pickle|aachi pickle|velulli pacchadi,Pickles & Chutneys,2,Rack 82
Priya Garlic Pickle,ప్రియా వెల్లుల్లి ఊరగాయ,प्रिया लहसुन का अचार,tomato pickle,Pickles & Chutneys,2,Rack 82
Jiya's Ajinomoto,జియా యొక్క అజినోమోటో,जिया का अजीनोमोटो,,Sauces & Pastes,2,Rack 83
Raghav Ajinomoto,రాఘవ్ అజినోమోటో,राघव अजिनोमोटो,,Sauces & Pastes,2,Rack 83
Swad Black Salt Rock,స్వాద్ బ్లాక్ సాల్ట్ రాక్,स्वाद काला नमक चट्टान,kala namak,"Sugar, Salt & Jaggery",2,Rack 83
Jiya's Ginger Slice,జియా అల్లం ముక్క,जिया का अदरक का टुकड़ा,adrak|allam|adarak,Dry Fruits & Nuts,2,Rack 83
Triveni Dried Vathals,త్రివేణి ఎండిన వత్తల్స్,त्रिवेनी सूखे वथल,,Dry Fruits & Nuts,2,Rack 83
Raghav Allspice Whole,రాఘవ్ ఆల్‌స్పైస్ హోల్,राघव ऑलस्पाइस साबुत,,Spices & Masalas,2,Rack 83
Gits Vermicelli Kheer,గిట్స్ వెర్మిసెల్లి ఖీర్,गिट्स वर्मीसेली खीर,kheer mix|rice vermicelli,Ready to Eat & Instant,2,Rack 80
Gits Dahi Vada,గిట్స్ దహి వడ,गिट्स दही वड़ा,indian snack|indian street food,Snacks & Namkeen,2,Rack 80
Gits Medu Vada,గిట్స్ మేడు వాడ,Gits Medu Vada,indian street food|indian snack,Snacks & Namkeen,2,Rack 80
Deep Chutney Coriander,డీప్ చట్నీ కొత్తిమీర,धनिया युक्त डीप चटनी,dhania|dhaniyalu|kotthimera,Pickles & Chutneys,2,Rack 81
Deep Chutney Green Chili,డీప్ చట్నీ గ్రీన్ చిల్లీ,हरी मिर्च की गाढ़ी चटनी,green chilli pickle|chilli|mirchi,Pickles & Chutneys,2,Rack 81
Deep Chutney Mint,డీప్ చట్నీ మింట్,डीप चटनी मिंट,,Pickles & Chutneys,2,Rack 81
Bedekar Pickle (sweet),బెడెకర్ పచ్చడి (తీపి),बेडेकर अचार (मीठा),green chilli pickle,Pickles & Chutneys,2,Rack 82
Aachi Tomato Pickle,ఆచీ టమాటా ఊరగాయ,आची टमाटर का अचार,pickle chilli|green chilli pickle,Pickles & Chutneys,2,Rack 82
Aachi Ginger Pickle,ఆచీ అల్లం ఊరగాయ,आची अदरक का अचार,ginger pickle|aachi pickle|adukura pacchadi,Pickles & Chutneys,2,Rack 82
Aachi Mango Avakaya Pickle,ఆచి మామిడి ఆవకాయ ఊరగాయ,आची आम अवकाया अचार,ginger pickle,Pickles & Chutneys,2,Rack 82
Jiya's Ajinomoto (MSG),జియాస్ అజినోమోటో (MSG),जियाज़ अजीनोमोटो (एमएसजी),,Sauces & Pastes,2,Rack 83
Raghav Ajinomoto (MSG),రాఘవ్ అజినోమోటో (MSG),राघव अजिनोमोटो (एमएसजी),,Sauces & Pastes,2,Rack 83
Raghav Black Salt,రాఘవ్ బ్లాక్ సాల్ట్,राघव काला नमक,seasoning salt|kala namak,"Sugar, Salt & Jaggery",2,Rack 83
Gits Basundi Dessert Mix,గిట్స్ బసుంది డెజర్ట్ మిక్స్,गिट्स बासुंदी मिठाई मिक्स,basmati|chawal|biyyam|long grain rice|indian rice|basmati rice,Sweets & Mithai,2,Rack 85
Gits Bombay Halwa Dessert Mix,గిట్స్ బొంబాయి హల్వా డెజర్ట్ మిక్స్,गिट्स बॉम्बे हलवा मिठाई मिक्स,,Sweets & Mithai,2,Rack 85
Gits Gulab Jamun Dessert Mix,గిట్స్ గులాబ్ జామున్ డెజర్ట్ మిక్స్,गिट्स गुलाब जामुन मिठाई मिक्स,,Sweets & Mithai,2,Rack 85
Gits Basmati Rice Kheer Dessert Mix,గిట్స్ బాస్మతి రైస్ ఖీర్ డెజర్ట్ మిక్స్,गिट्स बासमती चावल की खीर मिठाई मिक्स,chawal|biyyam|long grain rice|indian rice,Sweets & Mithai,2,Rack 85
Gits Vermicelli Kheer Dessert Mix,గిట్స్ వెర్మిసెల్లి ఖీర్ డెజర్ట్ మిక్స్,गिट्स वर्मीसेली खीर डेज़र्ट मिक्स,,Sweets & Mithai,2,Rack 85
Gits Dahi Vada Snack Mix,గిట్స్ దహి వడ స్నాక్ మిక్స్,गिट्स दही वड़ा स्नैक मिक्स,rava,Snacks & Namkeen,2,Rack 85
Gits Medu Vada Breakfast Mix,గిట్స్ మేడు వడ బ్రేక్‌ఫాస్ట్ మిక్స్,गिट्स मेडू वड़ा ब्रेकफास्ट मिक्स,rava|dosa|spice mix,Ready to Eat & Instant,2,Rack 85
Gits Upma Breakfast Mix,గిట్స్ ఉప్మా బ్రేక్‌ఫాస్ట్ మిక్స్,गिट्स उपमा ब्रेकफास्ट मिक्स,,Ready to Eat & Instant,2,Rack 85
Laxmi Kashmiri Rogan Josh,లక్ష్మి కాశ్మీరీ రోగన్ జోష్,लक्ष्मी कश्मीरी रोगन जोश,deep naan,Sauces & Pastes,2,Rack 86
Laxmi Goan Vindaloo Curry,లక్ష్మి గోవాన్ విందాలూ కర్రీ,लक्ष्मी गोअन विंदालू करी,,Sauces & Pastes,2,Rack 86
Laxmi Bombay Vegetable Curry,లక్ష్మి బొంబాయి వెజిటబుల్ కర్రీ,लक्ष्मी बॉम्बे वेजिटेबल करी,indian spices|indian food,Pickles & Chutneys,2,Rack 86
Laxmi Mint Chutney,లక్ష్మి పుదీనా చట్నీ,लक्ष्मी पुदीना चटनी,,Pickles & Chutneys,2,Rack 86
Laxmi Tamarind Date Chutney,లక్ష్మి చింతపండు ఖర్జూర చట్నీ,लक्ष्मी इमली खजूर चटनी,,Pickles & Chutneys,2,Rack 86
Bedekar Lime Chilli Pickle,బెడెకర్ నిమ్మ మిరపకాయ ఊరగాయ,बेडेकर नींबू मिर्च का अचार,,Pickles & Chutneys,2,Rack 87
Bedekar Mango Pickle,బెడెకర్ మామిడి ఊరగాయ,बेडेकर आम का अचार,,Pickles & Chutneys,2,Rack 87
Bedekar Lime Pickle Sweet,బెడెకర్ నిమ్మ ఊరగాయ తీపి,बेडेकर नींबू का मीठा अचार,mango lime pickle,Pickles & Chutneys,2,Rack 87
MTR Gulab Jamun Mix,MTR గులాబ్ జామున్ మిక్స్,एमटीआर गुलाब जामुन मिक्स,,Sweets & Mithai,2,Rack 85
MTR Vermicelli Payasam Mix,MTR సేమియా పాయసం మిక్స్,एमटीआर वर्मीसेली पायसम मिक्स,,Ready to Eat & Instant,2,Rack 85
Gits Phirni Dessert Mix,గిట్స్ ఫిర్నీ డెజర్ట్ మిక్స్,गिट्स फिरनी मिठाई मिश्रण,,Sweets & Mithai,2,Rack 85
Gits Jalebi Dessert Mix,గిట్స్ జలేబి డెజర్ట్ మిక్స్,गिट्स जलेबी मिठाई मिक्स,,Sweets & Mithai,2,Rack 85
Tangy Twisted Date Tamarind Chutney,టాంగీ ట్విస్టెడ్ డేట్ టామరిండ్ చట్నీ,खट्टी-मीठी खजूर और इमली की चटनी,narial chutney,Pickles & Chutneys,2,Rack 86
Laxmi Butter Masala Cooking Sauce,లక్ష్మి బటర్ మసాలా వంట సాస్,लक्ष्मी बटर मसाला कुकिंग सॉस,,Sauces & Pastes,2,Rack 86
Laxmi Rogan Josh Cooking Sauce,లక్ష్మి రోగన్ జోష్ వంట సాస్,लक्ष्मी रोगन जोश कुकिंग सॉस,,Sauces & Pastes,2,Rack 86
Laxmi Vindaloo Curry Sauce,లక్ష్మి విందాలూ కర్రీ సాస్,लक्ष्मी विंदालू करी सॉस,,Sauces & Pastes,2,Rack 86
Laxmi Vegetable Curry Sauce,లక్ష్మి వెజిటబుల్ కర్రీ సాస్,लक्ष्मी वेजिटेबल करी सॉस,,Sauces & Pastes,2,Rack 86
Mother's Recipe Carrot & Chili Pickle,అమ్మ వంటకం క్యారెట్ & మిరపకాయ ఊరగాయ,माँ की रेसिपी से बना गाजर और मिर्च का अचार,pickle chilli,Pickles & Chutneys,2,Rack 87
Mother's Recipe Stuffed Red Chilli Pickle,అమ్మ వంటకం కూరతో నింపిన ఎర్ర మిరపకాయ ఊరగాయ,माँ की रेसिपी से बना भरवां लाल मिर्च का अचार,,Pickles & Chutneys,2,Rack 87
Bedekar Punjabi Mango Pickle,బెడెకర్ పంజాబీ మామిడి ఊరగాయ,बेडेकर पंजाबी आम का अचार,pickle chilli,Pickles & Chutneys,2,Rack 87
Bedekar Lime Chili Pickle,బెడెకర్ నిమ్మ మిరపకాయ ఊరగాయ,बेडेकर नींबू मिर्च का अचार,pickle chilli,Pickles & Chutneys,2,Rack 87
Bedekar Lime Pickle,బెడెకర్ నిమ్మకాయ ఊరగాయ,बेडेकर नींबू का अचार,pickle chilli,Pickles & Chutneys,2,Rack 87
Swad Kewra Water,స్వాద్ కేవ్రా వాటర్,स्वाद केवड़ा जल,,Beverages,2,Rack 88
Swad Rose Water,స్వాద్ గులాబీ నీరు,स्वाद गुलाब जल,,Beverages,2,Rack 88
MTR Minute Rasam Pepper,MTR మినిట్ రసం మిరియాలు,एमटीआर मिनट रसम पेपर,,Ready to Eat & Instant,2,Rack 91
MTR Madras Rasam Powder,MTR మద్రాస్ రసం పౌడర్,एमटीआर मद्रास रसम पाउडर,,Spices & Masalas,2,Rack 91
MTR Sambar Paste,MTR సాంబార్ పేస్ట్,एमटीआर सांभर पेस्ट,,Sauces & Pastes,2,Rack 91
MTR Idli/Dosa/Chilly Chutney,MTR ఇడ్లీ/దోస/చిల్లీ చట్నీ,एमटीआर इडली/डोसा/चिल्ली चटनी,indian spices|south indian,Ready to Eat & Instant,2,Rack 91
MTR Gulab Jamun Dessert Mix,MTR గులాబ్ జామున్ డెజర్ట్ మిక్స్,एमटीआर गुलाब जामुन मिठाई मिक्स,indian sweets,Sweets & Mithai,2,Rack 91
MTR Vermicelli Payasam Mix,MTR సేమియా పాయసం మిక్స్,एमटीआर वर्मीसेली पायसम मिक्स,,Ready to Eat & Instant,2,Rack 91
Gits Phirni Dessert Mix,గిట్స్ ఫిర్నీ డెజర్ట్ మిక్స్,गिट्स फिरनी मिठाई मिश्रण,,Sweets & Mithai,2,Rack 91
Gits Jalebi Dessert Mix,గిట్స్ జలేబి డెజర్ట్ మిక్స్,गिट्स जलेबी मिठाई मिक्स,,Sweets & Mithai,2,Rack 91
Patak's Hot Chilli Pickle,పటాక్ హాట్ చిల్లీ పచ్చడి,पाटक का तीखा मिर्च का अचार,mirchi|chutneys,Pickles & Chutneys,2,Rack 92
Patak's Hot Curry Paste,పటాక్ హాట్ కర్రీ పేస్ట్,पाटक का हॉट करी पेस्ट,,Sauces & Pastes,2,Rack 92
Tangy Twisted Bombay Golden Chutney,టాంగీ ట్విస్టెడ్ బాంబే గోల్డెన్ చట్నీ,चटपटी और अनोखी बॉम्बे गोल्डन चटनी,,Pickles & Chutneys,2,Rack 92
Tangy Twisted Date Tamarind Chutney,టాంగీ ట్విస్టెడ్ డేట్ టామరిండ్ చట్నీ,खट्टी-मीठी खजूर और इमली की चटनी,narial chutney,Pickles & Chutneys,2,Rack 92
Laxmi Punjabi Butter Masala,లక్ష్మి పంజాబీ బటర్ మసాలా,लक्ष्मी पंजाबी बटर मसाला,chicken masala,Sauces & Pastes,2,Rack 92
Mother's Recipe Green Chilli Pickle,అమ్మ వంటకం పచ్చి మిరపకాయల ఊరగాయ,माँ की रेसिपी से बना हरी मिर्च का अचार,velulli pacchadi,Pickles & Chutneys,2,Rack 93
Mother's Recipe Tender Mango Pickle,అమ్మ వంటకం లేత మామిడి ఊరగాయ,माँ की रेसिपी से बना कच्चे आम का अचार,velulli pacchadi,Pickles & Chutneys,2,Rack 93
Mother's Recipe Avakaya Pickle,మదర్స్ రెసిపీ ఆవకాయ ఊరగాయ,माँ की रेसिपी अवकाया अचार,garlic pickle|velulli pacchadi,Pickles & Chutneys,2,Rack 93
Mother's Recipe Mixed Pickle,అమ్మ వంటకం మిశ్రమ పచ్చడి,माँ की रेसिपी से बना मिश्रित अचार,garlic pickle|velulli pacchadi,Pickles & Chutneys,2,Rack 93
Mother's Recipe Carrot & Chilli Pickle,అమ్మ వంటకం క్యారెట్ & మిరపకాయ ఊరగాయ,माँ की रेसिपी से बना गाजर और मिर्च का अचार,green chilli pickle,Pickles & Chutneys,2,Rack 93
Mother's Recipe Punjabi Mango Pickle,అమ్మ వంటకం పంజాబీ మామిడి ఊరగాయ,माँ की रेसिपी से बना पंजाबी आम का अचार,,Pickles & Chutneys,2,Rack 93
Mother's Recipe Stuffed Red Chilli Pickle,అమ్మ వంటకం కూరతో నింపిన ఎర్ర మిరపకాయ ఊరగాయ,माँ की रेसिपी से बना भरवां लाल मिर्च का अचार,,Pickles & Chutneys,2,Rack 93
Bedekar Mango Chilli Pickle,బెడెకర్ మామిడి మిరపకాయ ఊరగాయ,बेडेकर आम मिर्च का अचार,,Pickles & Chutneys,2,Rack 93
Bedekar Traditional Mango Pickle,బెడేకర్ సాంప్రదాయ మామిడికాయ ఊరగాయ,बेडेकर पारंपरिक आम का अचार,,Pickles & Chutneys,2,Rack 93
Tangy Twisted Sweet Lime Pickle,టాంగీ ట్విస్టెడ్ స్వీట్ లైమ్ పికిల్,खट्टा-मीठा नींबू का अचार,,Pickles & Chutneys,2,Rack 94
Anachi Onion Powder,అనాచి ఉల్లిపాయ పొడి,अनाची प्याज पाउडर,pyaz|ullipaya|erragaddalu,Spices & Masalas,2,Rack 94
Bedekar Butter Masala Powder,బెడెకర్ బటర్ మసాలా పౌడర్,बेडेकर बटर मसाला पाउडर,,Spices & Masalas,2,Rack 94
MTR Puliogare Powder,MTR పులియోగారే పౌడర్,एमटीआर पुलियोगारे पाउडर,,Spices & Masalas,2,Rack 91
MTR Lemon Rice Powder,MTR నిమ్మ బియ్యం పొడి,एमटीआर लेमन राइस पाउडर,biyyam|chawal,Rice,2,Rack 91
MTR Gulab Jamun Mix,MTR గులాబ్ జామున్ మిక్స్,एमटीआर गुलाब जामुन मिक्स,,Sweets & Mithai,2,Rack 91
Patak's Hot Lime Pickle,పటాక్ హాట్ లైమ్ పచ్చడి,पटाक का गरम नींबू का अचार,,Pickles & Chutneys,2,Rack 92
Patak's Mango Pickle,పటాక్ మామిడి ఊరగాయ,पाटक का आम का अचार,,Pickles & Chutneys,2,Rack 92
Patak's Tikka Masala Paste,పటాక్స్ టిక్కా మసాలా పేస్ట్,पाटक का टिक्का मसाला पेस्ट,,Sauces & Pastes,2,Rack 92
Mother's Recipe Amba Haldar Pickle,అమ్మ వంటకం అంబా హల్దార్ పచ్చడి,माँ की रेसिपी से बना अंबा हल्दी का अचार,,Pickles & Chutneys,2,Rack 93
Mother's Recipe Karivepaku Karam Powder,మదర్స్ రెసిపీ కరివేపాకు కరమ్ పౌడర్,माँ की रेसिपी करिवेपाकु करम पाउडर,,Spices & Masalas,2,Rack 93
Bedekar Pickle,బెడెకర్ ఊరగాయ,बेडेकर अचार,,Pickles & Chutneys,2,Rack 94
Tangy Twisted Pickle,టాంగీ ట్విస్టెడ్ పికిల్,तीखा घुमावदार अचार,tomato pickle,Pickles & Chutneys,2,Rack 94
Mother's Recipe Sweet Lime Pickle,అమ్మ వంటకం తీపి నిమ్మ ఊరగాయ,माँ की रेसिपी से बना मीठा नींबू का अचार,,Pickles & Chutneys,2,Rack 94
Maggi 2-Minute Noodles,మ్యాగీ 2-నిమిషాల నూడుల్స్,मैगी 2-मिनट नूडल्स,atta,Rice,2,Rack 95
MTR Chana Masala,MTR చనా మసాలా,एमटीआर चना मसाला,,Ready to Eat & Instant,2,Rack 92
MTR Khaman Dhokla,MTR ఖమన్ ధోక్లా,एमटीआर खमन ढोकला,khaman mix,Ready to Eat & Instant,2,Rack 92
MTR Dhokla,MTR ధోక్లా,एमटीआर ढोकला,,Ready to Eat & Instant,2,Rack 92
MTR Puliogare Powder,MTR పులియోగారే పౌడర్,एमटीआर पुलियोगारे पाउडर,,Spices & Masalas,2,Rack 92
MTR Puliogare Paste,MTR పులియోగారే పేస్ట్,एमटीआर पुलियोगारे पेस्ट,adarak|deep paste|condiment,Sauces & Pastes,2,Rack 92
MTR Lemon Rice Powder,MTR నిమ్మ బియ్యం పొడి,एमटीआर लेमन राइस पाउडर,biyyam|chawal,Rice,2,Rack 92
Patak's Hot Lime Pickle,పటాక్ హాట్ లైమ్ పచ్చడి,पटाक का गरम नींबू का अचार,,Pickles & Chutneys,2,Rack 93
Patak's Garlic Pickle,పటాక్ వెల్లుల్లి ఊరగాయ,पटाक का लहसुन का अचार,velulli pacchadi|lahsun|vellulli,Pickles & Chutneys,2,Rack 93
Patak's Mango Pickle,పటాక్ మామిడి ఊరగాయ,पाटक का आम का अचार,,Pickles & Chutneys,2,Rack 93
Patak's Tikka Masala Paste,పటాక్స్ టిక్కా మసాలా పేస్ట్,पाटक का टिक्का मसाला पेस्ट,,Sauces & Pastes,2,Rack 93
All Pulla Reddy Pickles,అన్ని పుల్ల రెడ్డి ఊరగాయలు,सभी पुल्ला रेड्डी अचार,tomato pickle|green chilli pickle,Pickles & Chutneys,2,Rack 94
Mother's Recipe Green Chilli Pickle,అమ్మ వంటకం పచ్చి మిరపకాయల ఊరగాయ,माँ की रेसिपी से बना हरी मिर्च का अचार,velulli pacchadi,Pickles & Chutneys,2,Rack 94
Deep Ancient Millet Jowar Millet,లోతైన పురాతన మిల్లెట్ జోవర్ మిల్లెట్,गहरा प्राचीन बाजरा ज्वार बाजरा,healthy grains,"Rava, Poha & Grains",2,Rack 95
Bedekar Lime Pickle,బెడెకర్ నిమ్మకాయ ఊరగాయ,बेडेकर नींबू का अचार,pickle chilli,Pickles & Chutneys,2,Rack 95
Cadbury Dairy Milk,కాడ్బరీ డైరీ మిల్క్,कैडबरी डेयरी मिल्क,doodh|biscuits,Biscuits & Bakery,2,Rack 97
MTR Masala Rava Idli,MTR మసాలా రవ్వ ఇడ్లీ,एमटीआर मसाला रवा इडली,rice rava,Ready to Eat & Instant,2,Rack 98
MTR Masala Upma,MTR మసాలా ఉప్మా,एमटीआर मसाला उपमा,,Ready to Eat & Instant,2,Rack 98
MTR Bisibele Bhath,MTR బిసిబెలె భత్,एमटीआर बिसीबेले भाथ,,Ready to Eat & Instant,2,Rack 98
MTR Chana Masala,MTR చనా మసాలా,एमटीआर चना मसाला,,Ready to Eat & Instant,2,Rack 98
MTR Khaman Dhokla,MTR ఖమన్ ధోక్లా,एमटीआर खमन ढोकला,khaman mix,Ready to Eat & Instant,2,Rack 98
YRS Soda-Bi,వైఆర్ఎస్ సోడా-బై,वाईआरएस सोडा-बायो,soda bicarb,Household & Cleaning,2,Rack 99
Masala Candy,మసాలా క్యాండీ,मसाला कैंडी,,Sweets & Mithai,2,Rack 99
Patanjali Mixed Fruit Jam,పతంజలి మిక్స్డ్ ఫ్రూట్ జామ్,पतंजलि मिक्स्ड फ्रूट जैम,,Sweets & Mithai,2,Rack 100
All Pulla Reddy Pickles,అన్ని పుల్ల రెడ్డి ఊరగాయలు,सभी पुल्ला रेड्डी अचार,tomato pickle|green chilli pickle,Pickles & Chutneys,2,Rack 100
Maggi Pasta Masala,మ్యాగీ పాస్తా మసాలా,मैगी पास्ता मसाला,,Ready to Eat & Instant,2,Rack 101
Deep Ancient Millet Little Millet,లోతైన పురాతన మిల్లెట్ లిటిల్ మిల్లెట్,गहरा प्राचीन बाजरा छोटा बाजरा,healthy grains,"Rava, Poha & Grains",2,Rack 101
Deep Ancient Millet Jowar Millet,లోతైన పురాతన మిల్లెట్ జోవర్ మిల్లెట్,गहरा प्राचीन बाजरा ज्वार बाजरा,healthy grains,"Rava, Poha & Grains",2,Rack 101
Maggi 2-Minute Noodles Box,మ్యాగీ 2-నిమిషాల నూడుల్స్ బాక్స్,मैगी 2-मिनट नूडल्स बॉक्स,,Ready to Eat & Instant,2,Rack 102
24 Mantra Ragi Idli Mix,24 మంత్ర రాగి ఇడ్లీ మిక్స్,24 मंत्रा रागी इडली मिक्स,idli rava,"Rava, Poha & Grains",2,Rack 98
MTR Rava Dosa,MTR రవ్వ దోస,एमटीआर रवा डोसा,idli rava,"Rava, Poha & Grains",2,Rack 98
Borwick's Baking Powder,బోర్విక్స్ బేకింగ్ పౌడర్,बोरविक का बेकिंग पाउडर,baking powder,Biscuits & Bakery,2,Rack 99
YRS Soda-B Carbonate,వైఆర్ఎస్ సోడా-బి కార్బోనేట్,वाईआरएस सोडा-बी कार्बोनेट,soda bicarb,Beverages,2,Rack 99
Kissan Mixed Fruit Jam,కిస్సాన్ మిక్స్డ్ ఫ్రూట్ జామ్,किसान मिक्स्ड फ्रूट जैम,,Sweets & Mithai,2,Rack 100
Smith & Jones Soya Wadi,స్మిత్ & జోన్స్ సోయా వాడి,स्मिथ एंड जोन्स सोया वाडी,,Snacks & Namkeen,2,Rack 101
Smith & Jones Pasta Masala,స్మిత్ & జోన్స్ పాస్తా మసాలా,स्मिथ एंड जोन्स पास्ता मसाला,,Spices & Masalas,2,Rack 101
The Ancient Millet Little Millet Elbow Macaroni,"ప్రాచీన మిల్లెట్, లిటిల్ మిల్లెట్, ఎల్బో మాకరోనీ","प्राचीन बाजरा, छोटा बाजरा, एल्बो मैकरोनी",,"Rava, Poha & Grains",2,Rack 101
The Ancient Millet Jowar Millet Elbow Macaroni,"ప్రాచీన జొన్న, జొన్న, మోచేయి, మాకరోనీ","प्राचीन बाजरा, ज्वार बाजरा, एल्बो मैकरोनी",,"Rava, Poha & Grains",2,Rack 101
Maggi 2-Minute Noodles,మ్యాగీ 2-నిమిషాల నూడుల్స్,मैगी 2-मिनट नूडल्स,atta,Rice,2,Rack 102
Dabur Real Guava Juice,డాబర్ రియల్ జామ రసం,डाबर रियल अमरूद का जूस,,Beverages,2,Rack 102
Rubicon Mango Juice Drink,రూబికాన్ మామిడి రసం పానీయం,रुबिकॉन मैंगो जूस ड्रिंक,,Beverages,2,Rack 102
Rubicon Lychee Juice Drink,రూబికాన్ లీచీ జ్యూస్ డ్రింక్,रुबिकॉन लीची जूस ड्रिंक,,Beverages,2,Rack 102
Rubicon Guava Juice Drink,రూబికాన్ జామ రసం పానీయం,रुबिकॉन अमरूद का जूस पेय,,Beverages,2,Rack 102
Vidhya Foods Dabeli Buns,విద్యా ఫుడ్స్ డాబెలి బన్స్,विद्या फूड्स डबेली बन्स,,Biscuits & Bakery,2,Rack 103
Bakery Buns,బేకరీ బన్స్,बेकरी बन्स,,Biscuits & Bakery,2,Rack 103
Vidhya Foods Pav Bhaji Buns,విద్యా ఫుడ్స్ పావ్ భాజీ బన్స్,विद्या फूड्स पाव भाजी बन्स,,Snacks & Namkeen,2,Rack 104
Vidhya Foods White Bun,విద్యా ఫుడ్స్ వైట్ బన్,विद्या फूड्स का सफेद बन,,Biscuits & Bakery,2,Rack 104
Soya Wadi,సోయా వాడి,सोया वड़ी,,Ready to Eat & Instant,2,Rack 104
Sliced Bread,ముక్కలుగా కోసిన రొట్టె,कटी हुई ब्रेड,,Biscuits & Bakery,2,Rack 105
KCF Raisin Sweet Bread,KCF ఎండుద్రాక్ష తీపి రొట్టె,केसीएफ किशमिश मीठी ब्रेड,,Biscuits & Bakery,2,Rack 105
Sweet Bread,తీపి రొట్టె,मीठी ब्रेड,,Biscuits & Bakery,2,Rack 105
Achaar Kharek Pickle,అచార్ ఖరేక్ పచ్చడి,अचार खारेक अचार,,Pickles & Chutneys,2,Rack 106
Vixen BADMINTON GIFT SET,విక్సెన్ బ్యాడ్మింటన్ గిఫ్ట్ సెట్,विक्सेन बैडमिंटन गिफ्ट सेट,,Other,2,Rack 107
BALL UTHA NAAM BANA Tennis Balls,బాల్ ఉతా నామ్ బనా టెన్నిస్ బంతులు,बॉल उठा नाम बना टेनिस बॉल्स,,Other,2,Rack 107
NIVIA CRICKET TENNIS BALL,నివియా క్రికెట్ టెన్నిస్ బాల్,निविया क्रिकेट टेनिस बॉल,,Other,2,Rack 107
Chandan Gulab Mix,చందన్ గులాబ్ మిక్స్,चंदन गुलाब मिक्स,spice mix,Spices & Masalas,2,Rack 108
Chandan Elaichi Saunf,చందన్ ఏలకుల సోంపు,चंदन इलायची सौंफ,,Spices & Masalas,2,Rack 108
Adrakh Pachak 150gm,అద్రఖ్ పచక్ 150 గ్రాములు,अद्रख पाचक 150 ग्राम,,Spices & Masalas,2,Rack 108
Royal Rajwadi Mouth Freshener,రాయల్ రాజ్వాడి మౌత్ ఫ్రెషనర్,रॉयल राजवाड़ी माउथ फ्रेशनर,,Personal Care,2,Rack 108
Royal Kashmiri Mouth Freshener,రాయల్ కాశ్మీరీ మౌత్ ఫ్రెషనర్,रॉयल कश्मीरी माउथ फ्रेशनर,masala|spice,Spices & Masalas,2,Rack 108
Khajuri Mix Mouth Freshener,ఖజురి మిక్స్ మౌత్ ఫ్రెషనర్,खजूरी मिक्स माउथ फ्रेशनर,,Spices & Masalas,2,Rack 108
Madrasi Saunf Mouth Freshener,మద్రాసీ సోంపు మౌత్ ఫ్రెషనర్,मद्रासी सौंफ माउथ फ्रेशनर,,Spices & Masalas,2,Rack 108
Calcutta Pan Mouth Freshener,కలకత్తా పాన్ మౌత్ ఫ్రెషనర్,कलकत्ता पान माउथ फ्रेशनर,,Spices & Masalas,2,Rack 108
SWAD Punjabi Mix Mouth Freshener,SWAD పంజాబీ మిక్స్ మౌత్ ఫ్రెషనర్,स्वाद पंजाबी मिक्स माउथ फ्रेशनर,,Spices & Masalas,2,Rack 108
SWAD Pure Chennai Saunf Mouth Freshener,SWAD ప్యూర్ చెన్నై సాన్ఫ్ మౌత్ ఫ్రెషనర్,SWAD प्योर चेन्नई सौंफ माउथ फ्रेशनर,snacks,Snacks & Namkeen,2,Rack 108
SWAD Elaichi Paan Mouth Freshener,SWAD ఎలైచి పాన్ మౌత్ ఫ్రెషనర్,स्वाद इलायची पान माउथ फ्रेशनर,,Spices & Masalas,2,Rack 108
Samridhi Jeera Goli,సమృద్ధి జీరా గోలి,समृद्धि जीरा गोली,cumin,Spices & Masalas,2,Rack 108
Ginger Stick Pachak,అల్లం పచాక్,अदरक की स्टिक पाचक,adrak|allam|adarak,Spices & Masalas,2,Rack 108
Mango Sweet & Salty,మామిడి తీపి & ఉప్పగా,आम मीठा और नमकीन,fruit,Fruits & Vegetables,2,Rack 108
BANSI Jeera Goli,బాన్సీ జీరా గోలీ,बंसी जीरा गोली,cumin|masala|spice,Spices & Masalas,2,Rack 108
SWAD Calcutta Paan,స్వాద్ కలకత్తా పాన్,स्वाद कलकत्ता पान,,Spices & Masalas,2,Rack 109
SWAD Banarasi Paan,స్వాద్ బనారసి పాన్,स्वाद बनारसी पान,,Spices & Masalas,2,Rack 109
SWAD Mughlai Paan,స్వాద్ ముఘలాయ్ పాన్,स्वाद मुगलई पान,,Spices & Masalas,2,Rack 109
Chandan Fresh Mint Rose Mouth Freshener,చందన్ ఫ్రెష్ మింట్ రోజ్ మౌత్ ఫ్రెషనర్,चंदन फ्रेश मिंट रोज़ माउथ फ्रेशनर,gulab,Personal Care,2,Rack 109
Chandan Fresh Mint Green Mouth Freshener,చందన్ ఫ్రెష్ మింట్ గ్రీన్ మౌత్ ఫ్రెషనర్,चंदन फ्रेश मिंट ग्रीन माउथ फ्रेशनर,,Personal Care,2,Rack 109
SWAD Paan Bites,స్వాద్ పాన్ బైట్స్,स्वाद पान बाइट्स,,Snacks & Namkeen,2,Rack 109
Calcutta Special Treats,కలకత్తా ప్రత్యేక విందులు,कलकत्ता के विशेष व्यंजन,snacks,Snacks & Namkeen,2,Rack 109
Gulkand,గుల్కంద్,gulkand,,Sweets & Mithai,2,Rack 109
Cadbury Bournville 50% Dark Fruit & Nut,కాడ్బరీ బౌర్న్‌విల్లే 50% డార్క్ ఫ్రూట్ & నట్,कैडबरी बॉर्नविले 50% डार्क फ्रूट एंड नट,,Biscuits & Bakery,2,Rack 110
Cadbury Dairy Milk Silk,కాడ్బరీ డైరీ మిల్క్ సిల్క్,कैडबरी डेयरी मिल्क सिल्क,,Sweets & Mithai,2,Rack 110
Cadbury Eclairs,కాడ్బరీ ఎక్లేర్స్,कैडबरी एक्लेयर्स,,Sweets & Mithai,2,Rack 110
Gulab Bar Candy,గులాబ్ బార్ క్యాండీ,गुलाब बार कैंडी,chikki,Sweets & Mithai,2,Rack 110
Kalkatta Bar Candy,కలకత్తా బార్ క్యాండీ,कलकट्टा बार कैंडी,chikki,Sweets & Mithai,2,Rack 110
Royal Rajwadi,రాయల్ రాజ్వాడి,रॉयल राजवाड़ी,,Sweets & Mithai,2,Rack 108
Royal Kashmiri,రాయల్ కాశ్మీరీ,शाही कश्मीरी,tea spice,Spices & Masalas,2,Rack 108
Khajuri Mix,ఖజురి మిక్స్,खजूरी मिक्स,snack mix,Snacks & Namkeen,2,Rack 108
Madrasi Saunf,మద్రాసీ సోంపు,मद्रासी सौंफ,tea spice,Spices & Masalas,2,Rack 108
Calcutta Pan,కలకత్తా పాన్,कलकत्ता पैन,,Spices & Masalas,2,Rack 108
Swad Punjabi Mix,స్వాద్ పంజాబీ మిక్స్,स्वाद पंजाबी मिक्स,spicy punjabi mix,Snacks & Namkeen,2,Rack 108
Swad Pure Chenna Saunf,స్వాద్ ప్యురే చెన్నా సౌంఫ్,स्वाद प्योर छेना सौंफ,chickpeas|chickpea,Dals & Pulses,2,Rack 108
Elaichi Paan,యాలకుల పాన్,इलायची पान,,Spices & Masalas,2,Rack 108
Jeera Goli,జీరా గోలి,जीरा गोली,cumin|masala,Spices & Masalas,2,Rack 108
Chandan Fresh & Fine Rose,చందన్ ఫ్రెష్ & ఫైన్ రోజ్,चंदन फ्रेश एंड फाइन रोज़,ayurvedic face pack,Personal Care,2,Rack 109
Chandan Paan Bites,చందన్ పాన్ బైట్స్,चंदन पान बाइट्स,,Snacks & Namkeen,2,Rack 109
Bournville Fruit & Nut 50% Dark,బోర్న్‌విల్ ఫ్రూట్ & నట్ 50% డార్క్,बोर्नविले फ्रूट एंड नट 50% डार्क,,Sweets & Mithai,2,Rack 110
Fidget Ball,ఫిడ్జెట్ బాల్,फ़िजेट बॉल,,Other,2,Rack 111
Nice Cube,నైస్ క్యూబ్,अच्छा घन,,Other,2,Rack 111
Kangan,కంగన్,कंगन,,Other,2,Rack 112
Sapna Mahendi Cone,సప్నా మహేంది కోన్,सपना मेहंदी कोन,,Spices & Masalas,2,Rack 112
Amul Masti Spiced Buttermilk,అముల్ మస్తి మసాలా మజ్జిగ,अमूल मस्ती स्पाइस्ड बटरमिल्क,,Dairy & Paneer,2,Rack 113
Real Coconut Water,నిజమైన కొబ్బరి నీరు,असली नारियल पानी,narial,Beverages,2,Rack 113
,#VALUE!,#VALUE!,,,,
Khari Biscuits,ఖారీ బిస్కెట్లు,खारी बिस्कुट,carom seeds biscuits|salted biscuits,Biscuits & Bakery,3,Rack 12
Besan Barfi,బేసన్ బర్ఫీ,बेसन बर्फी,gram flour|chickpea flour,Sweets & Mithai,3,Rack 13
Orange Cream Biscuits,ఆరెంజ్ క్రీమ్ బిస్కెట్లు,ऑरेंज क्रीम बिस्कुट,carom seeds biscuits|salted biscuits|indian cookies,Biscuits & Bakery,3,Rack 13
Monaco Biscuits,మొనాకో బిస్కెట్లు,मोनाको बिस्कुट,salted biscuits,Biscuits & Bakery,3,Rack 14
Parle-G Biscuits,పార్లే-జి బిస్కెట్లు,पार्ले-जी बिस्कुट,salted biscuits,Biscuits & Bakery,3,Rack 15
Crackjack Biscuits,క్రాక్‌జాక్ బిస్కెట్లు,क्रैकजैक बिस्कुट,salted biscuits|indian cookies,Biscuits & Bakery,3,Rack 15
Al Madina Dates,అల్ మదీనా ఖర్జూరాలు,अल मदीना खजूर,medjool dates,Dry Fruits & Nuts,3,Rack 1
Sunshine Snacks Pitted Dates,సన్‌షైన్ స్నాక్స్ గింజలు తీసిన ఖర్జూరాలు,सनशाइन स्नैक्स पिटेड डेट्स,,Dry Fruits & Nuts,3,Rack 2
Medjoul Dates,మెడ్జౌల్ ఖర్జూరాలు,मेडजूल खजूर,medjool dates,Dry Fruits & Nuts,3,Rack 2
Manna Health Mix,మన్నా హెల్త్ మిక్స్,मन्ना हेल्थ मिक्स,,Ready to Eat & Instant,3,Rack 3
Jalani Nimbu Pani,జలని నింబు పాని,जलानी नींबू पानी,,Pickles & Chutneys,3,Rack 3
Jalani Jaljira,జలని జల్జిరా,जलानी जलजीरा,jeera|cumin,Spices & Masalas,3,Rack 3
Protinex Original,ప్రోటినెక్స్ ఒరిజినల్,प्रोटीनेक्स ओरिजिनल,,Dals & Pulses,3,Rack 4
Manna Health Mix,మన్నా హెల్త్ మిక్స్,मन्ना हेल्थ मिक्स,,Ready to Eat & Instant,3,Rack 4
Pani Puri Pani,పానీ పూరీ పానీ,पानी पूरी पानी,puchka masala|golgappas spice,Pickles & Chutneys,3,Rack 5
Threptin High Protein Diskettes,థ్రెప్టిన్ హై ప్రోటీన్ డిస్కెట్లు,थ्रेप्टिन हाई प्रोटीन डिस्केट्स,,Dals & Pulses,3,Rack 6
Threptin Lite Diskettes,థ్రెప్టిన్ లైట్ డిస్కెట్లు,थ्रेप्टिन लाइट डिस्क,,Dals & Pulses,3,Rack 6
GRB Dry Fruits Halwa,జిఆర్‌బి డ్రై ఫ్రూట్స్ హల్వా,जीआरबी ड्राई फ्रूट्स हलवा,,Sweets & Mithai,3,Rack 7
GRB Pineapple Halwa,జిఆర్‌బి పైనాపిల్ హల్వా,जीआरबी अनानास हलवा,almond coconut,Sweets & Mithai,3,Rack 7
GRB Bombay Halwa,జిఆర్‌బి బొంబాయి హల్వా,जीआरबी बॉम्बे हलवा,snacks,Sweets & Mithai,3,Rack 7
GRB Dates Halwa,జి.ఆర్.బి ఖర్జూరాల హల్వా,जीआरबी खजूर हलवा,medjool dates,Sweets & Mithai,3,Rack 7
Jamari Supreme Dink Laddu,జామరి సుప్రీం డింక్ లడ్డు,जमारी सुप्रीम डिंक लड्डू,,Sweets & Mithai,3,Rack 7
Al Madina Dates,అల్ మదీనా ఖర్జూరాలు,अल मदीना खजूर,medjool dates,Dry Fruits & Nuts,3,Rack 7
Karachi Bakery Sugar Free Cashew Biscuit,కరాచీ బేకరీ చక్కెర రహిత జీడిపప్పు బిస్కెట్,कराची बेकरी शुगर फ्री काजू बिस्किट,kashew|cookies|chini,Biscuits & Bakery,3,Rack 8
Karachi Bakery Premium Fruit Rusk,కరాచీ బేకరీ ప్రీమియం ఫ్రూట్ రస్క్,कराची बेकरी प्रीमियम फ्रूट रस्क,cake|milk rusk|biscuits,Biscuits & Bakery,3,Rack 8
Karachi's Butterly Osmania Biscuit,కరాచీ బటర్‌ఫ్లై ఉస్మానియా బిస్కెట్,कराची का बटरली उस्मानिया बिस्किट,cookies,Biscuits & Bakery,3,Rack 8
Manna Health Mix,మన్నా హెల్త్ మిక్స్,मन्ना हेल्थ मिक्स,,Ready to Eat & Instant,3,Rack 9
Parle-G Royale Biscuits,పార్లే-జి రాయల్ బిస్కెట్లు,पार्ले-जी रॉयल बिस्कुट,carom seeds biscuits|salted biscuits,Biscuits & Bakery,3,Rack 10
Parle Hide & Seek Black Bourbon Choco,పార్లే హైడ్ & సీక్ బ్లాక్ బోర్బన్ చోకో,पार्ले हाइड एंड सीक ब्लैक बोर्बन चोको,,Biscuits & Bakery,3,Rack 10
Parle Hide & Seek Black Bourbon Vanilla,పార్లే హైడ్ & సీక్ బ్లాక్ బోర్బన్ వెనిలా,पार्ले हाइड एंड सीक ब्लैक बोर्बन वैनिला,,Biscuits & Bakery,3,Rack 10
Parle Hide & Seek Centre Filled Choco Cookies,పార్లే హైడ్ & సీక్ సెంటర్ ఫిల్డ్ చాకో కుకీస్,पार्ले हाइड एंड सीक सेंटर फिल्ड चोको कुकीज़,biscuit,Biscuits & Bakery,3,Rack 10
Parle Hide & Seek Crest Collection,పార్లే హైడ్ & సీక్ క్రెస్ట్ కలెక్షన్,पार्ले हाइड एंड सीक क्रेस्ट कलेक्शन,,Biscuits & Bakery,3,Rack 10
Protinex Health Drink,ప్రోటినెక్స్ హెల్త్ డ్రింక్,प्रोटीनेक्स हेल्थ ड्रिंक,,Dairy & Paneer,3,Rack 10
Crown Cake Rusk,క్రౌన్ కేక్ రస్క్,क्राउन केक रस्क,indian bakery|milk rusk|biscuits,Biscuits & Bakery,3,Rack 11
Parle Hide & Seek Choco Rolls,పార్లే హైడ్ & సీక్ చాకో రోల్స్,पार्ले हाइड एंड सीक चोको रोल्स,,Biscuits & Bakery,3,Rack 11
Kamadhenu Milk Halwa,కామధేను మిల్క్ హల్వా,कामधेनु मिल्क हलवा,,Sweets & Mithai,3,Rack 6
Threptin Diskettes,త్రెప్టిన్ డిస్కెట్లు,थ्रेप्टिन डिस्केट्स,,Dals & Pulses,3,Rack 6
GRB Ghee Pineapple Halwa,జి.ఆర్.బి. నెయ్యి పైనాపిల్ హల్వా,जीआरबी घी अनानास हलवा,,Sweets & Mithai,3,Rack 7
GRB Ghee Bombay Halwa,జిఆర్‌బి ఘీ బొంబాయి హల్వా,जीआरबी घी बॉम्बे हलवा,,Sweets & Mithai,3,Rack 7
GRB Ghee Dates Halwa,జి.ఆర్.బి. నెయ్యి ఖర్జూరాల హల్వా,जीआरबी घी खजूर हलवा,,Sweets & Mithai,3,Rack 7
Jawari Supreme Dink Ladu,జవారీ సుప్రీం డింక్ లడు,जवारी सुप्रीम डिंक लाडू,laddu,Sweets & Mithai,3,Rack 7
Parachi's Premium Fruit Rusk,పరాచీ ప్రీమియం ఫ్రూట్ రస్క్,पाराची का प्रीमियम फ्रूट रस्क,indian bakery|cake,Biscuits & Bakery,3,Rack 8
Parachi's Butterfly Osmania Biscuit,పరాచీ బటర్‌ఫ్లై ఉస్మానియా బిస్కెట్,पाराची का बटरफ्लाई ओस्मानिया बिस्किट,salted biscuits,Biscuits & Bakery,3,Rack 8
Parle-G Royale Cookies,పార్లే-జి రాయల్ కుకీస్,पार्ले-जी रॉयल कुकीज़,biscuit|indian cookies,Biscuits & Bakery,3,Rack 10
Protinex,ప్రోటినెక్స్,प्रोटीनेक्स,,Dals & Pulses,3,Rack 10
Makhana Wala's Himalayan Pink Salt Makhana,మఖానా వాలా యొక్క హిమాలయన్ పింక్ సాల్ట్ మఖానా,मखाना वाला का हिमालयन गुलाबी नमक मखाना,,Dry Fruits & Nuts,3,Rack 6
GRB Crisp Ghee Mysore Pak,జిఆర్‌బి క్రిస్ప్ నెయ్యి మైసూర్ పాక్,जीआरबी क्रिस्प घी मैसूर पाक,indian sweets,Sweets & Mithai,3,Rack 7
GRB Ghee Dry Fruits Halwa,జి.ఆర్.బి. నెయ్యి డ్రై ఫ్రూట్స్ హల్వా,जीआरबी घी ड्राई फ्रूट्स हलवा,,Sweets & Mithai,3,Rack 7
Karachi Bakery Two Majestic Cookies,కరాచీ బేకరీ టూ మెజెస్టిక్ కుకీస్,कराची बेकरी टू मैजेस्टिक कुकीज़,biscuit|indian cookies,Biscuits & Bakery,3,Rack 8
Karachi Bakery Butterly Osmania Biscuit,కరాచీ బేకరీ బటర్‌ఫ్లై ఉస్మానియా బిస్కెట్,कराची बेकरी बटरली उस्मानिया बिस्किट,cookies,Biscuits & Bakery,3,Rack 8
Parle Hide & Seek Chocolate Chip Cookies,పార్లే హైడ్ & సీక్ చాక్లెట్ చిప్ కుకీస్,पार्ले हाइड एंड सीक चॉकलेट चिप कुकीज़,biscuit|indian cookies,Biscuits & Bakery,3,Rack 10
Ching's Secret Veg Hakka Noodles Box,చింగ్స్ సీక్రెట్ వెజ్ హక్కా నూడుల్స్ బాక్స్,चिंग का सीक्रेट वेज हक्का नूडल्स बॉक्स,rice vermicelli,Rice,3,Rack 12
Makhana Wala's Himalayan Pink Salt Roasted Makhana,మఖానా వాలా యొక్క హిమాలయన్ పింక్ సాల్ట్ కాల్చిన మఖానా,मखाना वाला का हिमालयन गुलाबी नमक भुना हुआ मखाना,,Dry Fruits & Nuts,3,Rack 12
GRB Soan Cake,జిఆర్‌బి సోన్ కేక్,जीआरबी सोआन केक,narial cake,Biscuits & Bakery,3,Rack 13
GRB Crispy Ghee Mysore Pak,జిఆర్‌బి క్రిస్పీ ఘీ మైసూర్ పాక్,जीआरबी क्रिस्पी घी मैसूर पाक,,Sweets & Mithai,3,Rack 13
GRB Dry Fruits Halwa,జిఆర్‌బి డ్రై ఫ్రూట్స్ హల్వా,जीआरबी ड्राई फ्रूट्स हलवा,,Sweets & Mithai,3,Rack 13
GRB Ghee Pineapple Halwa,జి.ఆర్.బి. నెయ్యి పైనాపిల్ హల్వా,जीआरबी घी अनानास हलवा,,Sweets & Mithai,3,Rack 13
Karachi Bakery Zeera Biscuits,కరాచీ బేకరీ జీరా బిస్కెట్లు,कराची बेकरी जीरा बिस्कुट,carom seeds biscuits,Biscuits & Bakery,3,Rack 14
Karachi Bakery Two Majestic Biscuits,కరాచీ బేకరీ టూ మెజెస్టిక్ బిస్కెట్స్,कराची बेकरी के दो शानदार बिस्कुट,salted biscuits|cookies,Biscuits & Bakery,3,Rack 14
Karachi Bakery Sugar Free Cashew Biscuit,కరాచీ బేకరీ చక్కెర రహిత జీడిపప్పు బిస్కెట్,कराची बेकरी शुगर फ्री काजू बिस्किट,kashew|cookies|chini,Biscuits & Bakery,3,Rack 14
Karachi Bakery Fruit Rusk,కరాచీ బేకరీ ఫ్రూట్ రస్క్,कराची बेकरी फ्रूट रस्क,biscuits,Biscuits & Bakery,3,Rack 14
Karachi Bakery Salted Jeera Biscuits,కరాచీ బేకరీ సాల్టెడ్ జీరా బిస్కెట్లు,कराची बेकरी के नमकीन जीरा बिस्कुट,carom seeds biscuits|cookies,Biscuits & Bakery,3,Rack 15
Karachi Bakery Elaichi Biscuits,కరాచీ బేకరీ ఎలైచి బిస్కెట్లు,कराची बेकरी इलाइची बिस्कुट,cookies|carom seeds biscuits,Biscuits & Bakery,3,Rack 15
Karachi Bakery Fruit Biscuits,కరాచీ బేకరీ ఫ్రూట్ బిస్కెట్లు,कराची बेकरी फ्रूट बिस्कुट,cookies,Biscuits & Bakery,3,Rack 15
Karachi Bakery Premium Cake Rusk,కరాచీ బేకరీ ప్రీమియం కేక్ రస్క్,कराची बेकरी प्रीमियम केक रस्क,indian bakery|milk rusk|biscuits,Biscuits & Bakery,3,Rack 15
Parle Parle-G Gold Cookies,పార్లే పార్లే-జి గోల్డ్ కుకీస్,पार्ले पार्ले-जी गोल्ड कुकीज़,biscuit|indian cookies,Biscuits & Bakery,3,Rack 16
Parle Hide & Seek Chocolate Chip Cookies,పార్లే హైడ్ & సీక్ చాక్లెట్ చిప్ కుకీస్,पार्ले हाइड एंड सीक चॉकलेट चिप कुकीज़,biscuit|indian cookies,Biscuits & Bakery,3,Rack 16
Parle Parle-G Royale Cookies,పార్లే పార్లే-జి రాయల్ కుకీస్,पार्ले पार्ले-जी रॉयल कुकीज़,biscuit|indian cookies,Biscuits & Bakery,3,Rack 16
Parle Hide & Seek Black Bourbon Cookies,పార్లే హైడ్ & సీక్ బ్లాక్ బోర్బన్ కుకీస్,पार्ले हाइड एंड सीक ब्लैक बोर्बन कुकीज़,biscuit,Biscuits & Bakery,3,Rack 16
Parle Hide & Seek Classic Bourbon Cookies,పార్లే హైడ్ & సీక్ క్లాసిక్ బోర్బన్ కుకీస్,पार्ले हाइड एंड सीक क्लासिक बोर्बन कुकीज़,biscuit,Biscuits & Bakery,3,Rack 16
Ching's Secret Veg Hakka Noodles,చింగ్స్ సీక్రెట్ వెజ్ హక్కా నూడుల్స్,चिंग के सीक्रेट वेज हक्का नूडल्स,rice vermicelli,Rice,3,Rack 12
Roast Makhana,రోస్ట్ మఖానా,भुने हुए मखाने,,Dry Fruits & Nuts,3,Rack 12
Bikaji Besan Ladoo,బికాజీ బేసన్ లడ్డూ,बिकाजी बेसन लड्डू,gram flour|chickpea flour|laddu,Sweets & Mithai,3,Rack 13
Bikano Orange Soan Papdi,బికానో ఆరెంజ్ సోన్ పాప్డి,बिकानो ऑरेंज सोआन पापड़ी,,Sweets & Mithai,3,Rack 13
GRB Orange Soan Papdi,జిఆర్‌బి ఆరెంజ్ సోన్ పాప్డి,जीआरबी ऑरेंज सोहन पापड़ी,,Sweets & Mithai,3,Rack 13
Karachi Bakery Fruit Biscuits,కరాచీ బేకరీ ఫ్రూట్ బిస్కెట్లు,कराची बेकरी फ्रूट बिस्कुट,cookies,Biscuits & Bakery,3,Rack 14
Karachi Bakery Pista Biscuits,కరాచీ బేకరీ పిస్తా బిస్కెట్లు,कराची बेकरी पिस्ता बिस्कुट,almond|nuts|cookies,Biscuits & Bakery,3,Rack 14
Karachi Bakery Cookies,కరాచీ బేకరీ కుకీలు,कराची बेकरी कुकीज़,biscuit|indian cookies,Biscuits & Bakery,3,Rack 14
Khari Biscuits,ఖారీ బిస్కెట్లు,खारी बिस्कुट,carom seeds biscuits|salted biscuits,Biscuits & Bakery,3,Rack 15
Parle-G Original Gluco Biscuits,పార్లే-జి ఒరిజినల్ గ్లూకో బిస్కెట్లు,पार्ले-जी ओरिजिनल ग्लूको बिस्कुट,cookies,Biscuits & Bakery,3,Rack 16
Parle-G Gold Cookies,పార్లే-జి గోల్డ్ కుకీస్,पार्ले-जी गोल्ड कुकीज़,biscuit|indian cookies,Biscuits & Bakery,3,Rack 16
Parle-G Biscuits,పార్లే-జి బిస్కెట్లు,पार्ले-जी बिस्कुट,salted biscuits,Biscuits & Bakery,3,Rack 17
Bikaji Atta Ladoo,బికాజీ అట్టా లడ్డూ,बिकाजी आटा लड्डू,laddu,Sweets & Mithai,3,Rack 12
Bikaji Besan Barfi,బికాజీ బేసన్ బర్ఫీ,बिकाजी बेसन बर्फी,gram flour|chickpea flour,Sweets & Mithai,3,Rack 12
Bikaji Besan Ladoo,బికాజీ బేసన్ లడ్డూ,बिकाजी बेसन लड्डू,gram flour|chickpea flour|laddu,Sweets & Mithai,3,Rack 12
GRB Orange Soan Papdi,జిఆర్‌బి ఆరెంజ్ సోన్ పాప్డి,जीआरबी ऑरेंज सोहन पापड़ी,,Sweets & Mithai,3,Rack 12
Karachi Bakery Jaggery Atta Biscuits,కరాచీ బేకరీ బెల్లం పిండి బిస్కెట్లు,कराची बेकरी गुड़ के आटे के बिस्कुट,bellam|gud,Biscuits & Bakery,3,Rack 13
Karachi Bakery Millet Biscuits,కరాచీ బేకరీ మిల్లెట్ బిస్కెట్లు,कराची बेकरी बाजरे के बिस्कुट,,Biscuits & Bakery,3,Rack 13
Karachi Bakery Fruit Biscuits,కరాచీ బేకరీ ఫ్రూట్ బిస్కెట్లు,कराची बेकरी फ्रूट बिस्कुट,cookies,Biscuits & Bakery,3,Rack 13
Karachi Bakery Pista Biscuits,కరాచీ బేకరీ పిస్తా బిస్కెట్లు,कराची बेकरी पिस्ता बिस्कुट,almond|nuts|cookies,Biscuits & Bakery,3,Rack 13
Karachi Bakery Zeera Biscuits,కరాచీ బేకరీ జీరా బిస్కెట్లు,कराची बेकरी जीरा बिस्कुट,carom seeds biscuits,Biscuits & Bakery,3,Rack 13
Vidhya Creamy Rolls,విద్యా క్రీమీ రోల్స్,विद्या क्रीमी रोल्स,,Snacks & Namkeen,3,Rack 14
Rajani Biscuits,రజనీ బిస్కెట్లు,रजनी बिस्कुट,,Biscuits & Bakery,3,Rack 14
Punjabi Biscuits,పంజాబీ బిస్కెట్లు,पंजाबी बिस्कुट,punjabi cookies,Biscuits & Bakery,3,Rack 14
Parle Monaco Biscuits,పార్లే మొనాకో బిస్కెట్లు,पार्ले मोनाको बिस्कुट,salted biscuits,Biscuits & Bakery,3,Rack 15
Parle-G Gluco Biscuits Multipack,పార్లే-జి గ్లూకో బిస్కెట్స్ మల్టీప్యాక్,पार्ले-जी ग्लूको बिस्कुट मल्टीपैक,,Biscuits & Bakery,3,Rack 15
Parle Krackjack,పార్లే క్రాక్‌జాక్,पार्ले क्रैकजैक,,Biscuits & Bakery,3,Rack 15
Parle-G Gold Cookies,పార్లే-జి గోల్డ్ కుకీస్,पार्ले-जी गोल्ड कुकीज़,biscuit|indian cookies,Biscuits & Bakery,3,Rack 15
Parle Monaco Biscuits Bin,పార్లే మొనాకో బిస్కెట్ల డబ్బా,पार्ले मोनाको बिस्कुट बिन,,Biscuits & Bakery,3,Rack 22
Parle-G Biscuits Bin,పార్లే-జి బిస్కెట్ల డబ్బా,पार्ले-जी बिस्कुट बिन,salted biscuits,Biscuits & Bakery,3,Rack 16
Parle Krackjack Biscuits Bin,పార్లే క్రాక్‌జాక్ బిస్కెట్ల డబ్బా,पारले क्रैकजैक बिस्कुट बिन,salted biscuits,Biscuits & Bakery,3,Rack 16
Haldiram's Multigrain Khari,హల్దీరామ్స్ మల్టీగ్రెయిన్ ఖారి,हल्दीराम का मल्टीग्रेन खारी,pearl millet biscuit,Biscuits & Bakery,3,Rack 18
Haldiram's Original Khari,హల్దీరామ్స్ ఒరిజినల్ ఖారి,हल्दीराम की ओरिजिनल खारी,pearl millet biscuit,Biscuits & Bakery,3,Rack 18
Ching's Secret Veg Hakka Noodles,చింగ్స్ సీక్రెట్ వెజ్ హక్కా నూడుల్స్,चिंग के सीक्रेट वेज हक्का नूडल्स,rice vermicelli,Rice,3,Rack 18
Bikaji Dry Petha,బికాజీ డ్రై పేతా,बिकाजी ड्राई पेठा,,Sweets & Mithai,3,Rack 19
Bikaji Atta Ladoo,బికాజీ అట్టా లడ్డూ,बिकाजी आटा लड्डू,laddu,Sweets & Mithai,3,Rack 19
Bikaji Besan Barfi,బికాజీ బేసన్ బర్ఫీ,बिकाजी बेसन बर्फी,gram flour|chickpea flour,Sweets & Mithai,3,Rack 19
Bikaji Besan Ladoo,బికాజీ బేసన్ లడ్డూ,बिकाजी बेसन लड्डू,gram flour|chickpea flour|laddu,Sweets & Mithai,3,Rack 19
Karachi Bakery Chai Biscuit,కరాచీ బేకరీ చాయ్ బిస్కెట్,कराची बेकरी चाय बिस्कुट,,Biscuits & Bakery,3,Rack 20
Karachi Bakery Gur (Jaggery) Atta Biscuit,కరాచీ బేకరీ బెల్లం పిండి బిస్కెట్,कराची बेकरी गुड़ (जैगरी) आटा बिस्किट,cookies,Biscuits & Bakery,3,Rack 20
Karachi Bakery Millet Biscuit,కరాచీ బేకరీ మిల్లెట్ బిస్కెట్,कराची बेकरी बाजरे का बिस्कुट,,Biscuits & Bakery,3,Rack 20
Karachi Bakery Fruit Biscuits,కరాచీ బేకరీ ఫ్రూట్ బిస్కెట్లు,कराची बेकरी फ्रूट बिस्कुट,cookies,Biscuits & Bakery,3,Rack 20
Vidhya Creamy Rolls,విద్యా క్రీమీ రోల్స్,विद्या क्रीमी रोल्स,,Snacks & Namkeen,3,Rack 21
Karachi Bakery Fruit Biscuits,కరాచీ బేకరీ ఫ్రూట్ బిస్కెట్లు,कराची बेकरी फ्रूट बिस्कुट,cookies,Biscuits & Bakery,3,Rack 21
Britannia NutriChoice Digestives,బ్రిటానియా న్యూట్రిచాయిస్ డైజెస్టివ్స్,ब्रिटानिया न्यूट्रीचॉइस डाइजेस्टिव,britannia digestive biscuits,Biscuits & Bakery,3,Rack 22
Britannia Good Day Cashew Cookies,బ్రిటానియా గుడ్ డే జీడిపప్పు కుకీలు,ब्रिटानिया गुड डे काजू कुकीज़,biscuit,Biscuits & Bakery,3,Rack 22
Britannia Milk Bikis,బ్రిటానియా మిల్క్ బికీస్,ब्रिटानिया मिल्क बिकिस,britannia|milk bikis|biscuits,Biscuits & Bakery,3,Rack 22
Parle Monaco,పార్లే మొనాకో,पार्ले मोनाको,,Biscuits & Bakery,3,Rack 22
Parle-G Original Gluco Biscuits,పార్లే-జి ఒరిజినల్ గ్లూకో బిస్కెట్లు,पार्ले-जी ओरिजिनल ग्लूको बिस्कुट,cookies,Biscuits & Bakery,3,Rack 22
Parle Monaco,పార్లే మొనాకో,पार्ले मोनाको,,Biscuits & Bakery,3,Rack 23
Parle-G Original Gluco Biscuits,పార్లే-జి ఒరిజినల్ గ్లూకో బిస్కెట్లు,पार्ले-जी ओरिजिनल ग्लूको बिस्कुट,cookies,Biscuits & Bakery,3,Rack 23
Haldiram's Classic Khari,హల్దీరామ్స్ క్లాసిక్ ఖారి,हल्दीराम की क्लासिक खारी,pearl millet biscuit|snack,Snacks & Namkeen,3,Rack 18
Bikaji Gur Rewari,బికాజీ గుర్ రెవారి,बिकाजी गुर रेवाड़ी,gujarati sweets,Sweets & Mithai,3,Rack 19
Lotte Choco Pie,లోట్టే చోకో పై,लोटे चोको पाई,cookies,Biscuits & Bakery,3,Rack 20
Atta Biscuit,అట్టా బిస్కెట్,आटा बिस्कुट,atta|biscits,Biscuits & Bakery,3,Rack 20
Chai Biscuit,చాయ్ బిస్కెట్,चाय बिस्कुट,carom seeds biscuits|salted biscuits,Biscuits & Bakery,3,Rack 20
Karachi's Gur (Jaggery) Atta Biscuit,కరాచీ బెల్లం పిండి బిస్కెట్,कराची का गुड़ (गुड़) आटा बिस्किट,gur cookies,Biscuits & Bakery,3,Rack 20
Karachi's Millet Fibre Biscuit,కరాచీ మిల్లెట్ ఫైబర్ బిస్కెట్,कराची का बाजरा फाइबर बिस्कुट,atta|godhumapindi,Biscuits & Bakery,3,Rack 20
Britannia Good Day Pistachio-Almond,బ్రిటానియా గుడ్ డే పిస్తా-బాదం,ब्रिटानिया गुड डे पिस्ता-बादाम,badaam|cookies,Biscuits & Bakery,3,Rack 21
Day Cashew Cookies,డే జీడిపప్పు కుకీలు,दिन के काजू कुकीज़,kashew|biscuit,Biscuits & Bakery,3,Rack 21
Britannia Milk Bikis,బ్రిటానియా మిల్క్ బికీస్,ब्रिटानिया मिल्क बिकिस,britannia|milk bikis|biscuits,Biscuits & Bakery,3,Rack 21
Parle Monaco Classic,పార్లే మొనాకో క్లాసిక్,पार्ले मोनाको क्लासिक,,Biscuits & Bakery,3,Rack 21
Parle-G,పార్లే-జి,पार्ले-जी,,Biscuits & Bakery,3,Rack 22
Haldiram's Khari Masala Crispy Puffs,హల్దీరామ్ యొక్క ఖరీ మసాలా క్రిస్పీ పఫ్స్,हल्दीराम की खरी मसाला क्रिस्पी पफ्स,,Snacks & Namkeen,3,Rack 18
Haldiram's Khari Classic,హల్దీరామ్స్ ఖారీ క్లాసిక్,हल्दीराम की खारी क्लासिक,pearl millet biscuit,Snacks & Namkeen,3,Rack 18
Haldiram's Khari,హల్దీరామ్ ఖారి,हल्दीराम की खारी,pearl millet biscuit,Snacks & Namkeen,3,Rack 18
Lotte Choco Pie,లోట్టే చోకో పై,लोटे चोको पाई,cookies,Biscuits & Bakery,3,Rack 26
Gur Atta Biscuit,బెల్లం పిండి బిస్కెట్,गुड़ आटा बिस्कुट,,Biscuits & Bakery,3,Rack 20
Britannia Digestive Biscuits,బ్రిటానియా డైజెస్టివ్ బిస్కెట్లు,ब्रिटानिया डाइजेस्टिव बिस्कुट,salted biscuits,Biscuits & Bakery,3,Rack 27
Britannia Good Day Pistachio-Almond Cookies,బ్రిటానియా గుడ్ డే పిస్తా-బాదం కుకీలు,ब्रिटानिया गुड डे पिस्ता-बादाम कुकीज़,nuts|biscuit,Biscuits & Bakery,3,Rack 28
Parle Monaco Biscuits,పార్లే మొనాకో బిస్కెట్లు,पार्ले मोनाको बिस्कुट,salted biscuits,Biscuits & Bakery,3,Rack 22
Haldiram's Tea Time Khari Whole Jeera Crispy Puffs,హల్దీరామ్ యొక్క టీ టైమ్ ఖరీ హోల్ జీరా క్రిస్పీ పఫ్స్,हल्दीराम की चाय के समय की खरी साबुत जीरा क्रिस्पी पफ्स,cumin,Snacks & Namkeen,3,Rack 24
Haldiram's Tea Time Khari Masala Crispy Puffs,హల్దీరామ్ యొక్క టీ టైమ్ ఖారీ మసాలా క్రిస్పీ పఫ్స్,हल्दीराम की चाय के समय की खरी मसाला क्रिस्पी पफ्स,tea spice,Snacks & Namkeen,3,Rack 24
Haldiram's Classic Khari,హల్దీరామ్స్ క్లాసిక్ ఖారి,हल्दीराम की क्लासिक खारी,pearl millet biscuit|snack,Snacks & Namkeen,3,Rack 24
Jabson's Shahi Gajak,జాబ్సన్ షాహి గజక్,जैब्सन का शाही गजक,,Sweets & Mithai,3,Rack 25
Jabson's Assorted Chikkis,జాబ్సన్ యొక్క రకరకాల చిక్కీలు,जैब्सन के मिश्रित चिक्की,peanut chikki,Snacks & Namkeen,3,Rack 25
Bikaji Gur Rewari,బికాజీ గుర్ రెవారి,बिकाजी गुर रेवाड़ी,gujarati sweets,Sweets & Mithai,3,Rack 25
Lotte Happy Pie,లోట్టే హ్యాపీ పై,लोटे हैप्पी पाई,,Sweets & Mithai,3,Rack 26
Haldiram's Atta Biscuit,హల్దీరామ్స్ అట్టా బిస్కెట్,हल्दीराम का आटा बिस्किट,carom seeds biscuits|salted biscuits|godhumapindi|indian cookies,Biscuits & Bakery,3,Rack 26
Britannia Good Day Cashew Cookies,బ్రిటానియా గుడ్ డే జీడిపప్పు కుకీలు,ब्रिटानिया गुड डे काजू कुकीज़,biscuit,Biscuits & Bakery,3,Rack 27
McVitie's Digestives Original,మెక్‌విటీస్ డైజెస్టివ్స్ ఒరిజినల్,मैकविटिज डाइजेस्टिव ओरिजिनल,britannia digestive biscuits,Biscuits & Bakery,3,Rack 27
Britannia Sweet & Salty Biscuits,బ్రిటానియా స్వీట్ & సాల్టీ బిస్కెట్లు,ब्रिटानिया मीठे और नमकीन बिस्कुट,carom seeds biscuits|salted biscuits|indian cookies,Biscuits & Bakery,3,Rack 28
Britannia 50-50 Maska Chaska,బ్రిటానియా 50-50 మాస్కా చాస్కా,ब्रिटानिया 50-50 मस्का चस्का,britannia|maska chaska|biscuits,Biscuits & Bakery,3,Rack 28
Britannia Nice Time Coconut Biscuits,బ్రిటానియా నైస్ టైమ్ కొబ్బరి బిస్కెట్లు,ब्रिटानिया नाइस टाइम नारियल बिस्कुट,cookie|narial,Biscuits & Bakery,3,Rack 28
Britannia Good Day Pistachio Almond Cookies,బ్రిటానియా గుడ్ డే పిస్తా బాదం కుకీలు,ब्रिटानिया गुड डे पिस्ता बादाम कुकीज़,nuts|biscuit,Biscuits & Bakery,3,Rack 28
Britannia Good Day Butter Cookies,బ్రిటానియా గుడ్ డే బటర్ కుకీస్,ब्रिटानिया गुड डे बटर कुकीज़,good day butter cookies|britannia,Biscuits & Bakery,3,Rack 28
Britannia 50-50 Potazos,బ్రిటానియా 50-50 పొటాజోస్,ब्रिटानिया 50-50 पोटाज़ोस,,Biscuits & Bakery,3,Rack 29
Britannia 50-50 Crackers,బ్రిటానియా 50-50 క్రాకర్స్,ब्रिटानिया 50-50 क्रैकर्स,,Biscuits & Bakery,3,Rack 29
Deep Khari Masala,దీప్ ఖారీ మసాలా,दीप खारी मसाला,garam masala,Spices & Masalas,3,Rack 24
Haldiram's Tea Time Khari Jeera Crispy Puffs,హల్దీరామ్ యొక్క టీ టైమ్ ఖరీ జీరా క్రిస్పీ పఫ్స్,हल्दीराम की चाय के समय खरी जीरा क्रिस्पी पफ्स,samosas|deep fried samosas,Snacks & Namkeen,3,Rack 24
Haldiram's Khari,హల్దీరామ్ ఖారి,हल्दीराम की खारी,pearl millet biscuit,Snacks & Namkeen,3,Rack 24
Bikano Patisa,బికానో పాటిసా,बिकानो पटिसा,,Sweets & Mithai,3,Rack 25
Jabsons Gajak Roll,జాబ్సన్స్ గజక్ రోల్,जैब्सन्स गजक रोल,,Sweets & Mithai,3,Rack 25
Haldiram's Chikki,హల్దీరామ్స్ చిక్కీ,हल्दीराम की चिक्की,,Sweets & Mithai,3,Rack 25
Britannia Good Day Butter,బ్రిటానియా గుడ్ డే బట్టర్,ब्रिटानिया गुड डे बटर,good day butter|britannia,Biscuits & Bakery,3,Rack 27
Britannia Digestives,బ్రిటానియా డైజెస్టివ్స్,ब्रिटानिया डाइजेस्टिव,britannia digestive biscuits,Biscuits & Bakery,3,Rack 27
Britannia Tiger Biscuit,బ్రిటానియా టైగర్ బిస్కెట్,ब्रिटानिया टाइगर बिस्कुट,salted biscuits,Biscuits & Bakery,3,Rack 28
Britannia Jim Jam,బ్రిటానియా జిమ్ జామ్,ब्रिटानिया जिम जैम,,Biscuits & Bakery,3,Rack 28
Britannia 50-50 Sweet & Salty,బ్రిటానియా 50-50 స్వీట్ & సాల్టీ,ब्रिटानिया 50-50 मीठा और नमकीन,salted,Biscuits & Bakery,3,Rack 28
Britannia Good Day Pistachio Almond,బ్రిటానియా గుడ్ డే పిస్తా బాదం,ब्रिटानिया गुड डे पिस्ता बादाम,badaam|cookies,Biscuits & Bakery,3,Rack 28
Deep Khari Masala,దీప్ ఖారీ మసాలా,दीप खारी मसाला,garam masala,Spices & Masalas,3,Rack 31
Deep Khari Jeera,దీప్ ఖరి జీరా,दीप खारी जीरा,cumin|samosas|deep fried samosas,Snacks & Namkeen,3,Rack 31
Haldiram's Tea Time Khari Jeera,హల్దీరామ్ యొక్క టీ టైమ్ ఖరీ జీరా,हल्दीराम टी टाइम खरी जीरा,cumin|samosas|deep fried samosas,Snacks & Namkeen,3,Rack 31
Haldiram's Khari Masala,హల్దీరామ్స్ ఖారీ మసాలా,हल्दीराम का खारी मसाला,garam masala,Spices & Masalas,3,Rack 31
Anjeer Dry Fruit,అంజీర్ డ్రై ఫ్రూట్,अंजीर सूखा मेवा,,Dry Fruits & Nuts,3,Rack 32
Khajoor Dry Fruit,ఖర్జూర డ్రై ఫ్రూట్,खजूर सूखा मेवा,,Dry Fruits & Nuts,3,Rack 32
Bikano Patisa,బికానో పాటిసా,बिकानो पटिसा,,Sweets & Mithai,3,Rack 32
Jabsons Gajak Gud Kaju Roll,జాబ్సన్స్ గజక్ గుడ్ కాజు రోల్,जैब्सन्स गजक गुड काजू रोल,,Sweets & Mithai,3,Rack 32
Jabsons Chikkis,జాబ్సన్స్ చిక్కీస్,जैब्सन चिक्की,,Snacks & Namkeen,3,Rack 32
Haldiram's Munch-O-Tantra,హల్దీరామ్ యొక్క ముంచ్-ఓ-తంత్ర,हल्दिराम का मंच-ओ-तंत्र,,Snacks & Namkeen,3,Rack 33
Parle Hide & Seek Chocolate Chip Cookies,పార్లే హైడ్ & సీక్ చాక్లెట్ చిప్ కుకీస్,पार्ले हाइड एंड सीक चॉकलेट चिप कुकीज़,biscuit|indian cookies,Biscuits & Bakery,3,Rack 33
Lotte Choco Pie,లోట్టే చోకో పై,लोटे चोको पाई,cookies,Biscuits & Bakery,3,Rack 33
Britannia Nutri Choice Oats Cookies,బ్రిటానియా న్యూట్రి ఛాయిస్ ఓట్స్ కుకీలు,ब्रिटानिया न्यूट्री चॉइस ओट्स कुकीज़,biscuit,Biscuits & Bakery,3,Rack 34
Britannia Tiger Glucose Biscuits,బ్రిటానియా టైగర్ గ్లూకోజ్ బిస్కెట్లు,ब्रिटानिया टाइगर ग्लूकोज बिस्कुट,carom seeds biscuits,Biscuits & Bakery,3,Rack 34
Britannia Jim Jam Biscuits,బ్రిటానియా జిమ్ జామ్ బిస్కెట్లు,ब्रिटानिया जिम जैम बिस्कुट,,Biscuits & Bakery,3,Rack 34
Britannia 50-50 Sweet & Salty Biscuits,బ్రిటానియా 50-50 తీపి & ఉప్పగా ఉండే బిస్కెట్లు,ब्रिटानिया 50-50 मीठे और नमकीन बिस्कुट,carom seeds biscuits|salted biscuits|indian cookies,Biscuits & Bakery,3,Rack 34
Britannia Good Day Butter Cookies,బ్రిటానియా గుడ్ డే బటర్ కుకీస్,ब्रिटानिया गुड डे बटर कुकीज़,good day butter cookies|britannia,Biscuits & Bakery,3,Rack 34
Britannia Good Day Cashew Cookies,బ్రిటానియా గుడ్ డే జీడిపప్పు కుకీలు,ब्रिटानिया गुड डे काजू कुकीज़,biscuit,Biscuits & Bakery,3,Rack 34
Parle-G Gold Biscuits,పార్లే-జి గోల్డ్ బిస్కెట్లు,पार्ले-जी गोल्ड बिस्कुट,,Biscuits & Bakery,3,Rack 34
Britannia Bourbon Biscuits,బ్రిటానియా బోర్బన్ బిస్కెట్లు,ब्रिटानिया बॉर्बन बिस्कुट,,Biscuits & Bakery,3,Rack 35
Parle Hide & Seek Cookies,పార్లే హైడ్ & సీక్ కుకీస్,पार्ले हाइड एंड सीक कुकीज़,biscuit,Biscuits & Bakery,3,Rack 35
Britannia 50-50 Maska Chaska,బ్రిటానియా 50-50 మాస్కా చాస్కా,ब्रिटानिया 50-50 मस्का चस्का,britannia|maska chaska|biscuits,Biscuits & Bakery,3,Rack 35
Britannia Good Day Cookies,బ్రిటానియా గుడ్ డే కుకీస్,ब्रिटानिया गुड डे कुकीज़,biscuit,Biscuits & Bakery,3,Rack 35
Deep Khari Whole Wheat,దీప్ ఖారి హోల్ వీట్,डीप खारी होल व्हीट,whole wheat atta|atta|flour|godhumapindi,Atta & Flours,3,Rack 30
Deep Khari Masala,దీప్ ఖారీ మసాలా,दीप खारी मसाला,garam masala,Spices & Masalas,3,Rack 30
Deep Khari Original,దీప్ ఖారి ఒరిజినల్,दीप खारी ओरिजिनल,samosas|deep fried samosas,Snacks & Namkeen,3,Rack 30
Deep Khari Jeera,దీప్ ఖరి జీరా,दीप खारी जीरा,cumin|samosas|deep fried samosas,Snacks & Namkeen,3,Rack 30
Bansiwala Sukha Petha,బన్సివాలా సుఖ పేట,बंसीवाला सुखा पेठा,indian snack|samosas|deep fried samosas|snack|indian street food,Sweets & Mithai,3,Rack 31
Bansiwala Paan Petha,బన్సివాలా పాన్ పేఠా,बंसीवाला पान पेठा,indian street food|atta,Sweets & Mithai,3,Rack 31
Bikaji Anjeer Dry Fruit Barfi,బికాజీ అంజీర్ డ్రై ఫ్రూట్ బర్ఫీ,बिकाजी अंजीर ड्राई फ्रूट बर्फी,,Sweets & Mithai,3,Rack 31
Bikaji Khajoor Dry Fruit Barfi,బికాజీ ఖజూర్ డ్రై ఫ్రూట్ బర్ఫీ,बीकाजी खजूर ड्राई फ्रूट बर्फी,,Sweets & Mithai,3,Rack 31
Bikano Patisa,బికానో పాటిసా,बिकानो पटिसा,,Sweets & Mithai,3,Rack 31
Habsons Kaju Rolls,హాబ్సన్స్ కాజు రోల్స్,हैब्सन्स काजू रोल्स,,Snacks & Namkeen,3,Rack 31
Lakhana Namkeen,లఖానా నమ్కీన్,लखाना नमकीन,naan|roti|bread|deep naan,Snacks & Namkeen,3,Rack 32
Munch-a-tantra,ముంచ్-ఎ-తంత్ర,मंच-ए-तंत्र,,Snacks & Namkeen,3,Rack 32
Parle Hide & Seek Chocolate Fills,పార్లే హైడ్ & సీక్ చాక్లెట్ ఫిల్స్,पार्ले हाइड एंड सीक चॉकलेट फिल्स,,Biscuits & Bakery,3,Rack 33
Britannia Nutri Choice Digestive Biscuits,బ్రిటానియా న్యూట్రి ఛాయిస్ డైజెస్టివ్ బిస్కెట్లు,ब्रिटानिया न्यूट्री चॉइस डाइजेस्टिव बिस्कुट,salted biscuits,Biscuits & Bakery,3,Rack 34
Britannia Nutri Choice Oats Chocolate & Almond Biscuits,బ్రిటానియా న్యూట్రి ఛాయిస్ ఓట్స్ చాక్లెట్ & బాదం బిస్కెట్లు,ब्रिटानिया न्यूट्री चॉइस ओट्स चॉकलेट और बादाम बिस्कुट,cookies,Biscuits & Bakery,3,Rack 34
Britannia Nutri Choice Oats Almond & Milk Biscuits,బ్రిటానియా న్యూట్రి ఛాయిస్ ఓట్స్ బాదం & పాల బిస్కెట్లు,ब्रिटानिया न्यूट्री चॉइस ओट्स बादाम और दूध बिस्कुट,cookies,Biscuits & Bakery,3,Rack 34
Britannia JimJam Biscuits,బ్రిటానియా జిమ్‌జామ్ బిస్కెట్లు,ब्रिटानिया जिमजैम बिस्कुट,indian cookies,Biscuits & Bakery,3,Rack 34
Britannia JimJam Biscuits,బ్రిటానియా జిమ్‌జామ్ బిస్కెట్లు,ब्रिटानिया जिमजैम बिस्कुट,indian cookies,Biscuits & Bakery,3,Rack 35
Britannia 50-50 Maska Chaska Biscuits,బ్రిటానియా 50-50 మాస్కా చాస్కా బిస్కెట్లు,ब्रिटानिया 50-50 मस्का चस्का बिस्कुट,,Biscuits & Bakery,3,Rack 35
Bansiwala Kesar Angoori Petha,బన్సివాలా కేసర్ అంగూరి పేఠా,बंसीवाला केसर अंगूरी पेठा,,Sweets & Mithai,3,Rack 31
Bikaji Anjeer Dry Fruit Sweet,బికాజీ అంజీర్ డ్రై ఫ్రూట్ స్వీట్,बिकाजी अंजीर ड्राई फ्रूट मिठाई,,Dry Fruits & Nuts,3,Rack 31
Makhana Pudina,మఖానా పుదీనా,मखाना पुदीना,,Dry Fruits & Nuts,3,Rack 32
Makhana Black Pepper,మఖానా నల్ల మిరియాలు,मखाना काली मिर्च,,Spices & Masalas,3,Rack 32
Makhana Peri Peri,మఖానా పెరి పెరి,मखाना पेरी पेरी,,Spices & Masalas,3,Rack 32
Makhana Munch & Tantra,మఖానా ముంచ్ & తంత్ర,मखाना मंच और तंत्र,,Snacks & Namkeen,3,Rack 32
Britannia NutriChoice Digestive Biscuits,బ్రిటానియా న్యూట్రిచాయిస్ డైజెస్టివ్ బిస్కెట్లు,ब्रिटानिया न्यूट्रीचॉइस डाइजेस्टिव बिस्कुट,carom seeds biscuits|salted biscuits,Biscuits & Bakery,3,Rack 34
Britannia NutriChoice Oats Chocolate & Almond,బ్రిటానియా న్యూట్రిచాయిస్ ఓట్స్ చాక్లెట్ & ఆల్మండ్,ब्रिटानिया न्यूट्रीचॉइस ओट्स चॉकलेट और बादाम,badaam|nuts|nut,Biscuits & Bakery,3,Rack 34
Britannia NutriChoice Oats Almond & Milk,బ్రిటానియా న్యూట్రిచాయిస్ ఓట్స్ ఆల్మండ్ & మిల్క్,ब्रिटानिया न्यूट्रीचॉइस ओट्स बादाम और दूध,badaam|doodh|nuts,Biscuits & Bakery,3,Rack 34
Britannia Jim Jam Family Pack,బ్రిటానియా జిమ్ జామ్ ఫ్యామిలీ ప్యాక్,ब्रिटानिया जिम जैम फैमिली पैक,,Biscuits & Bakery,3,Rack 34
Britannia Digestive Biscuits,బ్రిటానియా డైజెస్టివ్ బిస్కెట్లు,ब्रिटानिया डाइजेस्टिव बिस्कुट,salted biscuits,Biscuits & Bakery,3,Rack 35
Pops Biscuits,పాప్స్ బిస్కెట్లు,पॉप्स बिस्कुट,salted biscuits,Biscuits & Bakery,3,Rack 35
Deep Khari Original,దీప్ ఖారి ఒరిజినల్,दीप खारी ओरिजिनल,samosas|deep fried samosas,Snacks & Namkeen,3,Rack 36
Deep Khari Whole Wheat,దీప్ ఖారి హోల్ వీట్,डीप खारी होल व्हीट,whole wheat atta|atta|flour|godhumapindi,Atta & Flours,3,Rack 36
Bansiwala Kesar Angoori Petha,బన్సివాలా కేసర్ అంగూరి పేఠా,बंसीवाला केसर अंगूरी पेठा,,Sweets & Mithai,3,Rack 37
Bansiwala Sukha Petha,బన్సివాలా సుఖ పేట,बंसीवाला सुखा पेठा,indian snack|samosas|deep fried samosas|snack|indian street food,Sweets & Mithai,3,Rack 37
Bansiwala Paan Petha,బన్సివాలా పాన్ పేఠా,बंसीवाला पान पेठा,indian street food|atta,Sweets & Mithai,3,Rack 37
Munch Tantra Makhana Himalayan Pink Salt,మంచ్ తంత్ర మఖానా హిమాలయన్ పింక్ సాల్ట్,मंच तंत्र मखाना हिमालयन गुलाबी नमक,seasoning salt,Snacks & Namkeen,3,Rack 38
Munch Tantra Makhana Peri Peri,మంచ్ తంత్ర మఖానా పేరి పెరీ,मंच तंत्र मखाना पेरी पेरी,,Snacks & Namkeen,3,Rack 38
Britannia Nutri Choice 5 Grain Digestive,బ్రిటానియా న్యూట్రి ఛాయిస్ 5 గ్రెయిన్ డైజెస్టివ్,ब्रिटानिया न्यूट्री चॉइस 5 ग्रेन डाइजेस्टिव,britannia digestive biscuits,Biscuits & Bakery,3,Rack 40
Britannia Digestive Original,బ్రిటానియా డైజెస్టివ్ ఒరిజినల్,ब्रिटानिया डाइजेस्टिव ओरिजिनल,britannia digestive biscuits,Biscuits & Bakery,3,Rack 40
Britannia Nutri Choice Oats Chocolate & Almond,బ్రిటానియా న్యూట్రి ఛాయిస్ ఓట్స్ చాక్లెట్ & ఆల్మండ్,ब्रिटानिया न्यूट्री चॉइस ओट्स चॉकलेट और बादाम,cookies|nuts,Biscuits & Bakery,3,Rack 40
Britannia Nutri Choice Oats Almond & Milk,బ్రిటానియా న్యూట్రి ఛాయిస్ ఓట్స్ ఆల్మండ్ & మిల్క్,ब्रिटानिया न्यूट्री चॉइस ओट्स बादाम और दूध,badaam|doodh,Dairy & Paneer,3,Rack 40
Britannia Marie Gold,బ్రిటానియా మేరీ గోల్డ్,ब्रिटानिया मैरी गोल्ड,britannia|marie gold|biscuits,Biscuits & Bakery,3,Rack 41
Peek Freans Sooper,పీక్ ఫ్రీన్స్ సూపర్,पीक फ्रीन्स सूपर,,Biscuits & Bakery,3,Rack 41
Britannia Digestive,బ్రిటానియా డైజెస్టివ్,ब्रिटानिया डाइजेस्टिव,britannia digestive biscuits,Biscuits & Bakery,3,Rack 41
Britannia Bourbon,బ్రిటానియా బోర్బన్,ब्रिटानिया बॉर्बन,britannia|bourbon,Biscuits & Bakery,3,Rack 41
Aarush Khari,ఆరుష్ ఖరి,आरुष खारी,pearl millet biscuit,Snacks & Namkeen,3,Rack 36
Munch & Tantra Makhana Himalayan Pink Salt,మంచ్ & తంత్ర మఖానా హిమాలయన్ పింక్ సాల్ట్,चबाना और तंत्र मखाना हिमालयन गुलाबी नमक,seasoning salt|kala namak,Spices & Masalas,3,Rack 38
Munch & Tantra Makhana,మంచ్ & తంత్ర మఖానా,मंच और तंत्र मखाना,,Snacks & Namkeen,3,Rack 38
Makhana Peri Peri,మఖానా పెరి పెరి,मखाना पेरी पेरी,,Spices & Masalas,3,Rack 38
Britannia Marie Gold,బ్రిటానియా మేరీ గోల్డ్,ब्रिटानिया मैरी गोल्ड,britannia|marie gold|biscuits,Biscuits & Bakery,3,Rack 40
Britannia NutriChoice 5 Grain,బ్రిటానియా న్యూట్రిచాయిస్ 5 గ్రెయిన్,ब्रिटानिया न्यूट्रीचॉइस 5 अनाज,,Atta & Flours,3,Rack 40
Britannia NutriChoice Digestive Original,బ్రిటానియా న్యూట్రిచాయిస్ డైజెస్టివ్ ఒరిజినల్,ब्रिटानिया न्यूट्रीचॉइस डाइजेस्टिव ओरिजिनल,britannia digestive biscuits,Biscuits & Bakery,3,Rack 40
Britannia NutriChoice Oats Chocolate & Almonds,బ్రిటానియా న్యూట్రిచాయిస్ ఓట్స్ చాక్లెట్ & బాదంపప్పులు,ब्रिटानिया न्यूट्रीचॉइस ओट्स चॉकलेट और बादाम,badaam|nuts|nut,Biscuits & Bakery,3,Rack 40
Aarush Khichiya Farali Khichiya,ఆరుష్ ఖిచియా ఫరలీ ఖిచియా,आरुष खिचिया फराली खिचिया,snack|pearl millet biscuit,Snacks & Namkeen,3,Rack 42
Aarush Khichiya Plain Rice Flour Crackers,ఆరుష్ ఖిచియా ప్లెయిన్ రైస్ ఫ్లోర్ క్రాకర్స్,आरुष खिचिया सादा चावल का आटा पटाखे,,Snacks & Namkeen,3,Rack 43
Aarush Khichiya Plain Khichiya,ఆరుష్ ఖిచియా సాదా ఖిచియా,आरुष खिचिया सादा खिचिया,snack|crunchy,Snacks & Namkeen,3,Rack 43
Jiyas Chilli Garlic Rice Crackers,జియాస్ చిల్లీ గార్లిక్ రైస్ క్రాకర్స్,जियास चिली गार्लिक राइस क्रैकर्स,chili|mirchi,Snacks & Namkeen,3,Rack 44
Jiyas Chilli Garlic Rice Crackers,జియాస్ చిల్లీ గార్లిక్ రైస్ క్రాకర్స్,जियास चिली गार्लिक राइस क्रैकर्स,chili|mirchi,Snacks & Namkeen,3,Rack 46
Jiyas Plain Rice Crackers,జియాస్ ప్లెయిన్ రైస్ క్రాకర్స్,जियास प्लेन राइस क्रैकर्स,biyyam|chawal,Snacks & Namkeen,3,Rack 46
Jiya's Chili Garlic Rice Crackers,జియాస్ చిల్లీ గార్లిక్ రైస్ క్రాకర్స్,जिया के चिली गार्लिक राइस क्रैकर्स,lahsun|vellulli,Snacks & Namkeen,3,Rack 44
Aarush Our Products,ఆరుష్ మా ఉత్పత్తులు,आरुष हमारे उत्पाद,,Other,3,Rack 44
Laxmi South Asian Food Brand,లక్ష్మి సౌత్ ఏషియన్ ఫుడ్ బ్రాండ్,लक्ष्मी दक्षिण एशियाई खाद्य ब्रांड,,Other,3,Rack 46
Laxmi South Asian Food Brand,లక్ష్మి సౌత్ ఏషియన్ ఫుడ్ బ్రాండ్,लक्ष्मी दक्षिण एशियाई खाद्य ब्रांड,,Other,3,Rack 47
Aarush Plain Khichiya Rice Flour Crackers,ఆరుష్ ప్లెయిన్ ఖిచియా రైస్ ఫ్లోర్ క్రాకర్స్,आरुष सादा खिचिया चावल का आटा पटाखे,,Biscuits & Bakery,3,Rack 47
Aarush Khichiya Plain,ఆరుష్ ఖిచియా మైదానం,आरुष खिचिया मैदान,,Snacks & Namkeen,3,Rack 47
Munch Tantra Makhana,ముంచ్ తంత్ర మఖానా,मंच तंत्र मखाना,,Snacks & Namkeen,3,Rack 39
Munch Tantra Makhana Magic Masala,మంచ్ తంత్ర మఖానా మేజిక్ మసాలా,मंच तंत्र मखाना जादू मसाला,,Snacks & Namkeen,3,Rack 39
Britannia Marie Gold Biscuits,బ్రిటానియా మేరీ గోల్డ్ బిస్కెట్లు,ब्रिटानिया मैरी गोल्ड बिस्कुट,,Biscuits & Bakery,3,Rack 40
Britannia NutriChoice 5 Grain Digestive Biscuits,బ్రిటానియా న్యూట్రిచాయిస్ 5 గ్రెయిన్ డైజెస్టివ్ బిస్కెట్లు,ब्रिटानिया न्यूट्रीचॉइस 5 ग्रेन डाइजेस्टिव बिस्कुट,carom seeds biscuits|salted biscuits,Biscuits & Bakery,3,Rack 40
Britannia Sugar Free Digestive Biscuits,బ్రిటానియా చక్కెర రహిత డైజెస్టివ్ బిస్కెట్లు,ब्रिटानिया शुगर फ्री डाइजेस्टिव बिस्कुट,carom seeds biscuits|salted biscuits,Biscuits & Bakery,3,Rack 40
Britannia Digestive Original Biscuits,బ్రిటానియా డైజెస్టివ్ ఒరిజినల్ బిస్కెట్లు,ब्रिटानिया डाइजेस्टिव ओरिजिनल बिस्कुट,carom seeds biscuits|salted biscuits,Biscuits & Bakery,3,Rack 40
Britannia NutriChoice Oats Chocolate & Almond,బ్రిటానియా న్యూట్రిచాయిస్ ఓట్స్ చాక్లెట్ & ఆల్మండ్,ब्रिटानिया न्यूट्रीचॉइस ओट्स चॉकलेट और बादाम,badaam|nuts|nut,Biscuits & Bakery,3,Rack 40
Britannia Little Hearts Biscuits,బ్రిటానియా లిటిల్ హార్ట్స్ బిస్కెట్లు,ब्रिटानिया लिटिल हार्ट्स बिस्कुट,salted biscuits,Biscuits & Bakery,3,Rack 41
EBM Peek Freans Sooper Biscuits,EBM పీక్ ఫ్రీన్స్ సూపర్ బిస్కెట్లు,ईबीएम पीक फ्रीन्स सूपर बिस्कुट,salted biscuits,Biscuits & Bakery,3,Rack 41
Bansiwala Kesar Angoori Petha,బన్సివాలా కేసర్ అంగూరి పేఠా,बंसीवाला केसर अंगूरी पेठा,,Sweets & Mithai,3,Rack 32
Bansiwala Sukha Petha,బన్సివాలా సుఖ పేట,बंसीवाला सुखा पेठा,indian snack|samosas|deep fried samosas|snack|indian street food,Sweets & Mithai,3,Rack 32
Bansiwala Paan Petha,బన్సివాలా పాన్ పేఠా,बंसीवाला पान पेठा,indian street food|atta,Sweets & Mithai,3,Rack 32
Munch Mantra Makhana,ముంచ్ మంత్ర మఖానా,मंच मंत्र मखाना,,Snacks & Namkeen,3,Rack 32
Munch Mantra Makhana,ముంచ్ మంత్ర మఖానా,मंच मंत्र मखाना,,Snacks & Namkeen,3,Rack 39
Britannia NutriChoice 5 Grain Digestive,బ్రిటానియా న్యూట్రిచాయిస్ 5 గ్రెయిన్ డైజెస్టివ్,ब्रिटानिया न्यूट्रीचॉइस 5 ग्रेन डाइजेस्टिव,biscuit,Atta & Flours,3,Rack 40
Britannia Digestive Sugar Free,బ్రిటానియా డైజెస్టివ్ షుగర్ ఫ్రీ,ब्रिटानिया डाइजेस्टिव शुगर फ्री,,"Sugar, Salt & Jaggery",3,Rack 40
Britannia Tiger Glucose,బ్రిటానియా టైగర్ గ్లూకోజ్,ब्रिटानिया टाइगर ग्लूकोज,biscuits,Biscuits & Bakery,3,Rack 34
EBM Sooper Biscuits,EBM సూపర్ బిస్కెట్లు,ईबीएम सुपर बिस्कुट,salted biscuits,Biscuits & Bakery,3,Rack 41
Britannia Nice Time,బ్రిటానియా నైస్ టైమ్,ब्रिटानिया नाइस टाइम,,Biscuits & Bakery,3,Rack 35
KCB No Sugar Toast,KCB నో షుగర్ టోస్ట్,केसीबी नो शुगर टोस्ट,,Biscuits & Bakery,3,Rack 35
Bikano Cham Cham,బికానో చాం చాం,बिकानो चाम चाम,fried snack,Snacks & Namkeen,3,Rack 32
Haldiram's Soan Papdi,హల్దీరామ్ యొక్క సోన్ పాప్డి,हल्दीराम की सोहन पापड़ी,,Sweets & Mithai,3,Rack 32
Bikano Soan Papdi,బికానో సోన్ పాప్డి,बिकानो सोआन पापड़ी,,Sweets & Mithai,3,Rack 32
Jabsons Peanut Chikki,జాబ్సన్స్ పీనట్ చిక్కీ,जैब्सन्स पीनट चिक्की,groundnuts,Dry Fruits & Nuts,3,Rack 32
Britannia Good Day Cookies,బ్రిటానియా గుడ్ డే కుకీస్,ब्रिटानिया गुड डे कुकीज़,biscuit,Biscuits & Bakery,3,Rack 33
Britannia Digestive Biscuits,బ్రిటానియా డైజెస్టివ్ బిస్కెట్లు,ब्रिटानिया डाइजेस्टिव बिस्कुट,salted biscuits,Biscuits & Bakery,3,Rack 34
Britannia NutriChoice Oats Chocolate & Almond Cookies,బ్రిటానియా న్యూట్రిచాయిస్ ఓట్స్ చాక్లెట్ & బాదం కుకీలు,ब्रिटानिया न्यूट्रीचॉइस ओट्स चॉकलेट और बादाम कुकीज़,badaam|biscuit|indian cookies,Biscuits & Bakery,3,Rack 34
Britannia NutriChoice Oats Almond & Milk Cookies,బ్రిటానియా న్యూట్రిచాయిస్ ఓట్స్ బాదం & మిల్క్ కుకీస్,ब्रिटानिया न्यूट्रीचॉइस ओट्स बादाम और दूध कुकीज़,badaam|biscuit|indian cookies|nuts,Biscuits & Bakery,3,Rack 34
Britannia 50-50 Maska Chaska Biscuits,బ్రిటానియా 50-50 మాస్కా చాస్కా బిస్కెట్లు,ब्रिटानिया 50-50 मस्का चस्का बिस्कुट,,Biscuits & Bakery,3,Rack 34
Britannia Nice Time Biscuits,బ్రిటానియా నైస్ టైమ్ బిస్కెట్లు,ब्रिटानिया नाइस टाइम बिस्कुट,salted biscuits,Biscuits & Bakery,3,Rack 35
Parle-G Glucose Biscuits,పార్లే-జి గ్లూకోజ్ బిస్కెట్లు,पार्ले-जी ग्लूकोज बिस्कुट,salted biscuits,Biscuits & Bakery,3,Rack 35
KCB Mumbai Pav,కేసీబీ ముంబై పావ్,केसीबी मुंबई पाव,,Biscuits & Bakery,3,Rack 35
Patisa Soan Papdi,పతీసా సోన్ పాప్డి,पटिसा सोआन पापड़ी,,Sweets & Mithai,3,Rack 25
Jabsons Soan Papdi,జాబ్సన్స్ సోన్ పాప్డి,जैब्सन्स सोआन पापदी,,Sweets & Mithai,3,Rack 25
Jabsons Assorted Chikkis,జాబ్సన్స్ అసోర్టెడ్ చిక్కీస్,जैब्सन्स असॉर्टेड चिक्की,peanut chikki,Snacks & Namkeen,3,Rack 25
Lotte Choco Pie (Grab yours @ 10 Per Pie),"లోట్టే చాకో పై (ఒక్కో పై ధర 10, మీది మీరు పొందండి)",लोटे चोको पाई (अपना पाई ₹10 प्रति पाई में पाएं),,Snacks & Namkeen,3,Rack 26
Cadbury Chocolate Cookies (Purple Pack),కాడ్బరీ చాక్లెట్ కుకీలు (ఊదా రంగు ప్యాక్),कैडबरी चॉकलेट कुकीज़ (बैंगनी पैक),biscuit,Biscuits & Bakery,3,Rack 27
Britannia 50-50 Biscuits (Blue Pack),బ్రిటానియా 50-50 బిస్కెట్లు (నీలి రంగు ప్యాక్),ब्रिटानिया 50-50 बिस्कुट (नीला पैक),,Biscuits & Bakery,3,Rack 27
McVitie's Digestives Biscuits,మెక్‌విటీస్ డైజెస్టివ్ బిస్కెట్లు,मैकविटिज डाइजेस्टिव बिस्कुट,,Biscuits & Bakery,3,Rack 27
Britannia Digestives Biscuits,బ్రిటానియా డైజెస్టివ్ బిస్కెట్లు,ब्रिटानिया डाइजेस्टिव बिस्कुट,salted biscuits,Biscuits & Bakery,3,Rack 27
Nurture Choice Oat Cookies,నర్చర్ ఛాయిస్ ఓట్ కుకీస్,नर्चर चॉइस ओट कुकीज़,biscuit,Snacks & Namkeen,3,Rack 28
Britannia Tiger Glucose Biscuits,బ్రిటానియా టైగర్ గ్లూకోజ్ బిస్కెట్లు,ब्रिटानिया टाइगर ग्लूकोज बिस्कुट,carom seeds biscuits,Biscuits & Bakery,3,Rack 28
Britannia JimJam Biscuits,బ్రిటానియా జిమ్‌జామ్ బిస్కెట్లు,ब्रिटानिया जिमजैम बिस्कुट,indian cookies,Biscuits & Bakery,3,Rack 28
Britannia 50-50 Maska Chaska Biscuits,బ్రిటానియా 50-50 మాస్కా చాస్కా బిస్కెట్లు,ब्रिटानिया 50-50 मस्का चस्का बिस्कुट,,Biscuits & Bakery,3,Rack 28
Britannia 50-50 Potazos Biscuits,బ్రిటానియా 50-50 పొటాజోస్ బిస్కెట్లు,ब्रिटानिया 50-50 पोटाज़ोस बिस्कुट,salted biscuits,Biscuits & Bakery,3,Rack 28
Parle-G Gluco Biscuits,పార్లే-జి గ్లూకో బిస్కెట్లు,पार्ले-जी ग्लूको बिस्कुट,salted biscuits,Biscuits & Bakery,3,Rack 29
Britannia 50-50 Green Packets,బ్రిటానియా 50-50 గ్రీన్ ప్యాకెట్లు,ब्रिटानिया 50-50 हरे पैकेट,,Biscuits & Bakery,3,Rack 29
KCB Mumbai Pav Yellow Packets,KCB ముంబై పావ్ పసుపు ప్యాకెట్లు,केसीबी मुंबई पाव पीले पैकेट,,Biscuits & Bakery,3,Rack 29
Rusk/Toast Packets,రస్క్/టోస్ట్ ప్యాకెట్లు,रस्क/टोस्ट पैकेट,milk rusk|biscuits|cake,Biscuits & Bakery,3,Rack 29
Green Packets (Assorted Biscuits),ఆకుపచ్చ ప్యాకెట్లు (రకరకాల బిస్కెట్లు),हरे पैकेट (मिश्रित बिस्कुट),salted biscuits,Biscuits & Bakery,3,Rack 29
Jabsons Chikkis,జాబ్సన్స్ చిక్కీస్,जैब्सन चिक्की,,Snacks & Namkeen,3,Rack 25
Britannia Atta Biscuit,బ్రిటానియా అట్టా బిస్కెట్,ब्रिटानिया आटा बिस्कुट,indian cookies,Biscuits & Bakery,3,Rack 26
Sunfeast Farmlite Digestives,సన్‌ఫీస్ట్ ఫార్మ్‌లైట్ డైజెస్టివ్స్,सनफीस्ट फार्मलाइट डाइजेस्टिव,,Biscuits & Bakery,3,Rack 27
Parle Hide & Seek Chocolate Chip Cookies,పార్లే హైడ్ & సీక్ చాక్లెట్ చిప్ కుకీస్,पार्ले हाइड एंड सीक चॉकलेट चिप कुकीज़,biscuit|indian cookies,Biscuits & Bakery,3,Rack 27
Britannia Treat Jim Jam Biscuits,బ్రిటానియా ట్రీట్ జిమ్ జామ్ బిస్కెట్లు,ब्रिटानिया ट्रीट जिम जैम बिस्कुट,salted biscuits,Biscuits & Bakery,3,Rack 28
Britannia Good Day Cashew Cookies,బ్రిటానియా గుడ్ డే జీడిపప్పు కుకీలు,ब्रिटानिया गुड डे काजू कुकीज़,biscuit,Biscuits & Bakery,3,Rack 28
Britannia Good Day Cashew Cookies,బ్రిటానియా గుడ్ డే జీడిపప్పు కుకీలు,ब्रिटानिया गुड डे काजू कुकीज़,biscuit,Biscuits & Bakery,3,Rack 29
Bikaji Chikkis,బికాజీ చిక్కీస్,बिकाजी चिक्की,peanut chikki,Snacks & Namkeen,3,Rack 27
Bikaji Gur Rewari,బికాజీ గుర్ రెవారి,बिकाजी गुर रेवाड़ी,gujarati sweets,Sweets & Mithai,3,Rack 27
Bikaji Dry Petha,బికాజీ డ్రై పేతా,बिकाजी ड्राई पेठा,,Sweets & Mithai,3,Rack 20
Karachi Bakery Dry Petha,కరాచీ బేకరీ డ్రై పేఠా,कराची बेकरी ड्राई पेठा,,Sweets & Mithai,3,Rack 20
Lotte Choco Pie,లోట్టే చోకో పై,लोटे चोको पाई,cookies,Biscuits & Bakery,3,Rack 27
Karachi Bakery Atta Biscuit,కరాచీ బేకరీ అట్టా బిస్కెట్,कराची बेकरी आटा बिस्कुट,godhumapindi|cookies|indian cookies,Biscuits & Bakery,3,Rack 20
Karachi Bakery Gur Jaggery Atta Biscuit,కరాచీ బేకరీ బెల్లం పిండి బిస్కెట్,कराची बेकरी गुड़ और गुड़ के आटे से बने बिस्कुट,cookies,Biscuits & Bakery,3,Rack 20
McVitie's Digestives,మెక్‌విటీస్ డైజెస్టివ్స్,मैकविटिज डाइजेस्टिव,,Biscuits & Bakery,3,Rack 27
Britannia Nice Time Biscuits,బ్రిటానియా నైస్ టైమ్ బిస్కెట్లు,ब्रिटानिया नाइस टाइम बिस्कुट,salted biscuits,Biscuits & Bakery,3,Rack 28
Britannia Milk Bikis Biscuits,బ్రిటానియా మిల్క్ బికీస్ బిస్కెట్లు,ब्रिटानिया मिल्क बिकिस बिस्कुट,,Biscuits & Bakery,3,Rack 22
Parle Monaco Classic Biscuits,పార్లే మొనాకో క్లాసిక్ బిస్కెట్లు,पार्ले मोनाको क्लासिक बिस्कुट,,Biscuits & Bakery,3,Rack 22
Parle-G Biscuits,పార్లే-జి బిస్కెట్లు,पार्ले-जी बिस्कुट,salted biscuits,Biscuits & Bakery,3,Rack 29
Britannia Good Day Cashew Cookies Box,బ్రిటానియా గుడ్ డే జీడిపప్పు కుకీల పెట్టె,ब्रिटानिया गुड डे काजू कुकीज़ बॉक्स,biscuit,Biscuits & Bakery,3,Rack 23
KCB Mumbai Pav,కేసీబీ ముంబై పావ్,केसीबी मुंबई पाव,,Biscuits & Bakery,3,Rack 23
Parle-G Biscuits,పార్లే-జి బిస్కెట్లు,पार्ले-जी बिस्कुट,salted biscuits,Biscuits & Bakery,3,Rack 23
Karachi Bakery Premium Pack Biscuits,కరాచీ బేకరీ ప్రీమియం ప్యాక్ బిస్కెట్లు,कराची बेकरी प्रीमियम पैक बिस्कुट,cookies,Biscuits & Bakery,3,Rack 20
Creamy Rolls,క్రీమీ రోల్స్,क्रीमी रोल्स,,Biscuits & Bakery,3,Rack 21
Britannia Good Day Butter Cookies,బ్రిటానియా గుడ్ డే బటర్ కుకీస్,ब्रिटानिया गुड डे बटर कुकीज़,good day butter cookies|britannia,Biscuits & Bakery,3,Rack 22
Britannia Good Day Pistachio-Almond Cookies,బ్రిటానియా గుడ్ డే పిస్తా-బాదం కుకీలు,ब्रिटानिया गुड डे पिस्ता-बादाम कुकीज़,nuts|biscuit,Biscuits & Bakery,3,Rack 22
Parle Monaco Classic Crackers,పార్లే మొనాకో క్లాసిక్ క్రాకర్స్,पार्ले मोनाको क्लासिक क्रैकर्स,,Biscuits & Bakery,3,Rack 22
Parle-G Gluco Biscuits,పార్లే-జి గ్లూకో బిస్కెట్లు,पार्ले-जी ग्लूको बिस्कुट,salted biscuits,Biscuits & Bakery,3,Rack 23
Britannia Good Day Cookies,బ్రిటానియా గుడ్ డే కుకీస్,ब्रिटानिया गुड डे कुकीज़,biscuit,Biscuits & Bakery,3,Rack 23
Bikaji Dry Petha,బికాజీ డ్రై పేతా,बिकाजी ड्राई पेठा,,Sweets & Mithai,3,Shelf 1
Bikaji Atta Ladoo,బికాజీ అట్టా లడ్డూ,बिकाजी आटा लड्डू,laddu,Sweets & Mithai,3,Shelf 1
Bikaji Besan Barfi,బికాజీ బేసన్ బర్ఫీ,बिकाजी बेसन बर्फी,gram flour|chickpea flour,Sweets & Mithai,3,Shelf 1
Bikaji Besan Ladoo,బికాజీ బేసన్ లడ్డూ,बिकाजी बेसन लड्डू,gram flour|chickpea flour|laddu,Sweets & Mithai,3,Shelf 1
GRB Orange Soan Papdi,జిఆర్‌బి ఆరెంజ్ సోన్ పాప్డి,जीआरबी ऑरेंज सोहन पापड़ी,,Sweets & Mithai,3,Shelf 1
Karachi Bakery Chai Biscuit,కరాచీ బేకరీ చాయ్ బిస్కెట్,कराची बेकरी चाय बिस्कुट,,Biscuits & Bakery,3,Shelf 2
Karachi Bakery Gur Atta Biscuit,కరాచీ బేకరీ గుర్ అట్టా బిస్కెట్,कराची बेकरी गुड़ आटा बिस्किट,cookies,Atta & Flours,3,Shelf 2
Parle Monaco Classic Salted Biscuits,పార్లే మొనాకో క్లాసిక్ సాల్టెడ్ బిస్కెట్లు,पार्ले मोनाको क्लासिक नमकीन बिस्कुट,,Biscuits & Bakery,3,Rack 22
Parle-G Gluco Biscuits,పార్లే-జి గ్లూకో బిస్కెట్లు,पार्ले-जी ग्लूको बिस्कुट,salted biscuits,Biscuits & Bakery,3,Rack 16
Parle Krackjack Biscuits,పార్లే క్రాక్‌జాక్ బిస్కెట్లు,पार्ले क्रैकजैक बिस्कुट,salted biscuits,Biscuits & Bakery,3,Rack 16
Parle Krackjack Biscuits,పార్లే క్రాక్‌జాక్ బిస్కెట్లు,पार्ले क्रैकजैक बिस्कुट,salted biscuits,Biscuits & Bakery,3,Rack 17
Parle-G Gluco Biscuits,పార్లే-జి గ్లూకో బిస్కెట్లు,पार्ले-जी ग्लूको बिस्कुट,salted biscuits,Biscuits & Bakery,3,Rack 17
GOB Orange Biscuits,గోబ్ ఆరెంజ్ బిస్కెట్లు,जीओबी ऑरेंज बिस्कुट,salted biscuits,Biscuits & Bakery,3,Rack 1
Pista Biscuits,పిస్తా బిస్కెట్లు,पिस्ता बिस्कुट,salted biscuits,Biscuits & Bakery,3,Rack 1
Zeera Biscuits,జీరా బిస్కెట్లు,जीरा बिस्कुट,carom seeds biscuits|salted biscuits,Biscuits & Bakery,3,Rack 1
Taste Majestic Cookies,టేస్ట్ మెజెస్టిక్ కుకీస్,टेस्ट मैजेस्टिक कुकीज़,biscuit|indian cookies,Biscuits & Bakery,3,Rack 1
Sugar Free Cashew Biscuits,చక్కెర లేని జీడిపప్పు బిస్కెట్లు,शुगर फ्री काजू बिस्कुट,,Biscuits & Bakery,3,Rack 1
Bakery Rusk / Cookies in Clamshell Packaging,బేకరీ రస్క్ / క్లామ్‌షెల్ ప్యాకేజింగ్‌లో కుకీలు,क्लैमशेल पैकेजिंग में बेकरी रस्क/कुकीज़,biscuit|indian cookies,Biscuits & Bakery,3,Rack 2
Parle-G Royale Cookies,పార్లే-జి రాయల్ కుకీస్,पार्ले-जी रॉयल कुकीज़,biscuit|indian cookies,Biscuits & Bakery,3,Rack 16
Parle-G Original Gluco Biscuits,పార్లే-జి ఒరిజినల్ గ్లూకో బిస్కెట్లు,पार्ले-जी ओरिजिनल ग्लूको बिस्कुट,cookies,Biscuits & Bakery,3,Rack 17
Parle-G Gold Biscuits Packets,పార్లే-జి గోల్డ్ బిస్కెట్ల ప్యాకెట్లు,पारले-जी गोल्ड बिस्कुट के पैकेट,,Biscuits & Bakery,3,Rack 17
Parle-G Choco Biscuits,పార్లే-జి చాకో బిస్కెట్లు,पार्ले-जी चोको बिस्कुट,cookies|cookie,Biscuits & Bakery,3,Rack 17
Parle Hide & Seek Biscuits Packets,పార్లే హైడ్ & సీక్ బిస్కెట్ల ప్యాకెట్లు,पारले हाइड एंड सीक बिस्कुट पैकेट,salted biscuits,Biscuits & Bakery,3,Rack 17
GRB Soan Cake,జిఆర్‌బి సోన్ కేక్,जीआरबी सोआन केक,narial cake,Biscuits & Bakery,3,Rack 1
GRB Mysore Pak,జిఆర్‌బి మైసూర్ పాక్,जीआरबी मैसूर पाक,,Sweets & Mithai,3,Rack 1
GRB Ghee Dry Fruits Halwa,జి.ఆర్.బి. నెయ్యి డ్రై ఫ్రూట్స్ హల్వా,जीआरबी घी ड्राई फ्रूट्स हलवा,,Sweets & Mithai,3,Rack 1
Ghasitaram's Bombay Halwa,ఘసితారామ్ బొంబాయి హల్వా,घसीताराम का बॉम्बे हलवा,,Sweets & Mithai,3,Rack 1
Karachi Bakery Two Majestic Cookies,కరాచీ బేకరీ టూ మెజెస్టిక్ కుకీస్,कराची बेकरी टू मैजेस्टिक कुकीज़,biscuit|indian cookies,Biscuits & Bakery,3,Rack 2
Karachi Bakery Sugar Free Cashew Biscuit,కరాచీ బేకరీ చక్కెర రహిత జీడిపప్పు బిస్కెట్,कराची बेकरी शुगर फ्री काजू बिस्किट,kashew|cookies|chini,Biscuits & Bakery,3,Rack 2
Karachi Bakery Fruit Rusk,కరాచీ బేకరీ ఫ్రూట్ రస్క్,कराची बेकरी फ्रूट रस्क,biscuits,Biscuits & Bakery,3,Rack 2
Italian Coconut Biscuits,ఇటాలియన్ కొబ్బరి బిస్కెట్లు,इतालवी नारियल बिस्कुट,cookie,Biscuits & Bakery,3,Rack 3
Badam Pista Biscuits,బాదం పిస్తా బిస్కెట్లు,बादाम पिस्ता बिस्कुट,almond,Biscuits & Bakery,3,Rack 3
Parle-G Gold Cookies,పార్లే-జి గోల్డ్ కుకీస్,पार्ले-जी गोल्ड कुकीज़,biscuit|indian cookies,Biscuits & Bakery,3,Rack 4
Parle Hide & Seek Choco Chip Cookies,పార్లే హైడ్ & సీక్ చాకో చిప్ కుకీస్,पार्ले हाइड एंड सीक चोको चिप कुकीज़,biscuit,Biscuits & Bakery,3,Rack 4
Parle-G Royale Cookies,పార్లే-జి రాయల్ కుకీస్,पार्ले-जी रॉयल कुकीज़,biscuit|indian cookies,Biscuits & Bakery,3,Rack 4
Parle Hide & Seek Black Bourbon Choco Creme Sandwich Cookies,పార్లే హైడ్ & సీక్ బ్లాక్ బోర్బన్ చాకో క్రీమ్ శాండ్‌విచ్ కుకీలు,पार्ले हाइड एंड सीक ब्लैक बोर्बन चोको क्रीम सैंडविच कुकीज़,biscuit,Biscuits & Bakery,3,Rack 4
Parle Hide & Seek Black Bourbon Vanilla Creme Sandwich Cookies,పార్లే హైడ్ & సీక్ బ్లాక్ బోర్బన్ వెనీలా క్రీమ్ శాండ్‌విచ్ కుకీలు,पार्ले हाइड एंड सीक ब्लैक बोर्बन वैनिला क्रीम सैंडविच कुकीज़,biscuit,Biscuits & Bakery,3,Rack 4
Parle Bourbon Biscuits,పార్లే బోర్బన్ బిస్కెట్లు,पार्ले बॉर्बन बिस्कुट,,Biscuits & Bakery,3,Rack 5
Parle Hide & Seek Cookies,పార్లే హైడ్ & సీక్ కుకీస్,पार्ले हाइड एंड सीक कुकीज़,biscuit,Biscuits & Bakery,3,Rack 5
KCB Crown Cake Rusk,KCB క్రౌన్ కేక్ రస్క్,केसीबी क्राउन केक रस्क,biscuits,Biscuits & Bakery,3,Rack 5
Sugar Free Cashew Biscuit,చక్కెర రహిత జీడిపప్పు బిస్కెట్,शुगर फ्री काजू बिस्किट,,Biscuits & Bakery,3,Rack 8
Crispy & Delicious Fruit Rusk,క్రిస్పీ & రుచికరమైన ఫ్రూట్ రస్క్,कुरकुरे और स्वादिष्ट फ्रूट रस्क,indian bakery|milk rusk|biscuits,Biscuits & Bakery,3,Rack 8
Osmania Biscuits,ఒస్మానియా బిస్కెట్లు,उस्मानिया बिस्कुट,,Biscuits & Bakery,3,Rack 9
Cake Rusk,కేక్ రస్క్,केक रस्क,cake|rusk,Biscuits & Bakery,3,Rack 9
Parle Platina Hide & Seek Crest Collection,పార్లే ప్లాటినా హైడ్ & సీక్ క్రెస్ట్ కలెక్షన్,पार्ले प्लेटिना हाइड एंड सीक क्रेस्ट कलेक्शन,,Biscuits & Bakery,3,Rack 10
KCB Crown Cake Rusk,KCB క్రౌన్ కేక్ రస్క్,केसीबी क्राउन केक रस्क,biscuits,Biscuits & Bakery,3,Rack 11
Parle Hide & Seek Chocolate Chip Cookies,పార్లే హైడ్ & సీక్ చాక్లెట్ చిప్ కుకీస్,पार्ले हाइड एंड सीक चॉकलेट चिप कुकीज़,biscuit|indian cookies,Biscuits & Bakery,3,Rack 11
KCB Cake Rusk,KCB కేక్ రస్క్,केसीबी केक रस्क,indian bakery|milk rusk|biscuits,Biscuits & Bakery,3,Rack 85
KCB Cake Rusk Coconut Flavor,KCB కేక్ రస్క్ కొబ్బరి ఫ్లేవర్,केसीबी केक रस्क नारियल के स्वाद वाला,indian bakery,Biscuits & Bakery,3,Rack 85
Bhakri Masala,భక్రి మసాలా,भाकरी मसाला,flatbread|indian,"Rava, Poha & Grains",3,Rack 86
Bhakri Plain,భక్రి మైదానం,भाकरी मैदान,flatbread|indian,"Rava, Poha & Grains",3,Rack 86
Swad Chana,స్వద్ చనా,स्वाद चना,chickpea|chickpeas,Dals & Pulses,3,Rack 87
Bansi Roasted Masala Chana,బన్సీ రోస్టెడ్ మసాలా చనా,बंसी रोस्टेड मसाला चना,,Dals & Pulses,3,Rack 87
Bansi Roasted Chana,బాన్సీ వేయించిన శనగలు,बंसी भुना हुआ चना,chickpea|chickpeas,Dals & Pulses,3,Rack 87
Deep Khakhra Farali,దీప్ ఖఖ్రా ఫరాలి,दीप खाखरा फराली,pearl millet biscuit,Snacks & Namkeen,3,Rack 4
Deep Khakhra Jeera,దీప్ ఖఖ్రా జీరా,दीप खाखरा जीरा,cumin|pearl millet biscuit,Snacks & Namkeen,3,Rack 4
Deep Khakhra Masala,దీప్ ఖఖ్రా మసాలా,दीप खाखरा मसाला,garam masala,Spices & Masalas,3,Rack 4
Deep Khakhra Methi,దీప్ ఖఖ్రా మేథి,दीप खाखरा मेथी,pearl millet biscuit,Snacks & Namkeen,3,Rack 4
Swad Walnuts,స్వాద్ వాల్‌నట్స్,स्वाद अखरोट,nut,Dry Fruits & Nuts,3,Rack 5
Deep Green Raisin,ముదురు ఆకుపచ్చ ఎండుద్రాక్ష,गहरे हरे रंग का किशमिश,,Dry Fruits & Nuts,3,Rack 5
Swad Golden Raisins,స్వాద్ గోల్డెన్ రైసిన్స్,स्वाद गोल्डन किशमिश,,Dry Fruits & Nuts,3,Rack 5
Quinoa Puff,క్వినోవా పఫ్,क्विनोआ पफ,,"Rava, Poha & Grains",3,Rack 6
KCE Cake Rusk Coconut Flavor,KCE కేక్ రస్క్ కొబ్బరి ఫ్లేవర్,केसीई केक रस्क नारियल के स्वाद वाला,,Biscuits & Bakery,3,Rack 79
Cake Rusk,కేక్ రస్క్,केक रस्क,cake|rusk,Biscuits & Bakery,3,Rack 79
Bhakri Masala,భక్రి మసాలా,भाकरी मसाला,flatbread|indian,"Rava, Poha & Grains",3,Rack 80
Masala Para,మసాలా పారా,मसाला पारा,puchka masala|golgappas spice,Spices & Masalas,3,Rack 80
Namak Para,నమక్ పారా,नमक पारा,,Spices & Masalas,3,Rack 80
Bansi Masala Chana,బన్సీ మసాలా చనా,बंसी मसाला चना,,Spices & Masalas,3,Rack 81
Bansi Roasted Chana,బాన్సీ వేయించిన శనగలు,बंसी भुना हुआ चना,chickpea|chickpeas,Dals & Pulses,3,Rack 81
Bansi Tangy Turmeric Chana,బాన్సీ టాంగీ టర్మరిక్ చనా,बंसी टैंगी हल्दी चना,haldi|pasupu|turmeric powder,Dals & Pulses,3,Rack 81
Laxmi Mahabaleshwar Roasted Chana,లక్ష్మీ మహాబలేశ్వర్ కాల్చిన చానా,लक्ष्मी महाबलेश्वर भुना हुआ चना,,Dals & Pulses,3,Rack 81
Masala Peas Spicy Chickpeas,మసాలా బఠానీలు స్పైసీ చిక్‌పీస్,मसाला मटर मसालेदार छोले,chana chor,Ready to Eat & Instant,3,Rack 81
Deep Khakhara Math,దీప్ ఖఖారా మథ్,दीप खाखरा मठ,pearl millet biscuit,Biscuits & Bakery,3,Rack 82
Deep Khakhara Methi,దీప్ ఖఖారా మేథి,दीप खाखरा मेथी,pearl millet biscuit,Biscuits & Bakery,3,Rack 82
Deep Khakhara Pizza,డీప్ ఖఖారా పిజ్జా,दीप खाखरा पिज्जा,pearl millet biscuit,Biscuits & Bakery,3,Rack 82
Jabsons Khakhra,జాబ్సన్స్ ఖఖ్రా,जैब्सन्स खाखरा,pearl millet biscuit,Snacks & Namkeen,3,Rack 82
Golden Raisins,బంగారు ఎండుద్రాక్షలు,सुनहरी किशमिश,,Dry Fruits & Nuts,3,Shelf 5
Deep Red Raisin,ముదురు ఎరుపు ఎండుద్రాక్ష,गहरे लाल किशमिश,,Dry Fruits & Nuts,3,Shelf 5
Jabsons Green Pistachio,జాబ్సన్స్ గ్రీన్ పిస్తాషియో,जैब्सन ग्रीन पिस्ता,nuts,Dry Fruits & Nuts,3,Shelf 5
Swad White Pistachios,స్వాద్ తెల్ల పిస్తాపప్పులు,स्वाद सफेद पिस्ता,nuts,Dry Fruits & Nuts,3,Shelf 5
Swad Whole Cashews,స్వాద్ పూర్తి జీడిపప్పు,स्वाद साबुत काजू,kashew,Dry Fruits & Nuts,3,Shelf 5
Munch Tantra Quinoa Puff Jalapeno,మంచ్ తంత్ర క్వినోవా పఫ్ జలపెనో,मंच तांत्रा क्विनोआ पफ जलापेनो,,Snacks & Namkeen,3,Shelf 6
Munch Tantra Quinoa Puff,మంచ్ తంత్ర క్వినోవా పఫ్,मंच तांत्रा क्विनोआ पफ,,Snacks & Namkeen,3,Shelf 6
Munch Tantra Jowar Puff,ముంచ్ తంత్ర జొన్న పఫ్,मंच तंत्र ज्वार पफ,,Snacks & Namkeen,3,Shelf 6
Shakarpara,శకర్పరా,शकरपारा,fried snack,Sweets & Mithai,3,Rack 80
Laxmi Mahabaleshwari Roasted Chana,లక్ష్మీ మహాబలేశ్వరీ కాల్చిన చానా,लक्ष्मी महाबलेश्वरी भुना हुआ चना,,Dals & Pulses,3,Rack 81
Swad Masala Peas Spicy Chickpeas,స్వాడ్ మసాలా బఠానీలు మసాలా చిక్పీస్,स्वाद मसाला मटर मसालेदार छोले,chana chor,Snacks & Namkeen,3,Rack 81
Swad Roasted Chana,స్వాద్ వేయించిన శనగలు,स्वाद भुना हुआ चना,chickpea|chickpeas,Snacks & Namkeen,3,Rack 81
Khakhara Pizza,ఖఖారా పిజ్జా,खाखरा पिज्जा,pearl millet biscuit,Biscuits & Bakery,3,Rack 82
Khakhara Methi,ఖఖరా మెథి,खाखरा मेथी,pearl millet biscuit,Biscuits & Bakery,3,Rack 82
Swad Khakhra,స్వద్ ఖఖ్రా,स्वाद खाखरा,pearl millet biscuit,Biscuits & Bakery,3,Rack 82
Swad Red Raisin,స్వాద్ రెడ్ రైసిన్,स्वाद लाल किशमिश,,Dry Fruits & Nuts,3,Rack 83
Swad Pistachio Green,స్వాద్ పిస్తాషియో గ్రీన్,स्वाद पिस्ता हरा,nuts,Dry Fruits & Nuts,3,Rack 83
Swad White Pistachios,స్వాద్ తెల్ల పిస్తాపప్పులు,स्वाद सफेद पिस्ता,nuts,Dry Fruits & Nuts,3,Rack 83
Swad Pistachio Roasted Salted,స్వాద్ పిస్తా వేయించిన ఉప్పు,स्वाद पिस्ता भुना नमकीन,nuts,Dry Fruits & Nuts,3,Rack 83
Swad Whole Cashews,స్వాద్ పూర్తి జీడిపప్పు,स्वाद साबुत काजू,kashew,Dry Fruits & Nuts,3,Rack 83
Munch Tantra Quinoa Puff,మంచ్ తంత్ర క్వినోవా పఫ్,मंच तांत्रा क्विनोआ पफ,,Snacks & Namkeen,3,Rack 84
Munch Tantra Jowar Puff,ముంచ్ తంత్ర జొన్న పఫ్,मंच तंत्र ज्वार पफ,,Snacks & Namkeen,3,Rack 84
Munch Tantra Chickpea Puff,మంచ్ తంత్ర చిక్‌పీ పఫ్,मंच तंत्रा चिकपी पफ,,Snacks & Namkeen,3,Rack 84
Britannia Toastea Suji Rusk,బ్రిటానియా టోస్టీ సుజీ రస్క్,ब्रिटानिया टोस्टी सूजी रस्क,biscuits,Biscuits & Bakery,3,Rack 1
Britannia Toastea Premium Bake Rusk,బ్రిటానియా టోస్టీ ప్రీమియం బేక్ రస్క్,ब्रिटानिया टोस्टी प्रीमियम बेक रस्क,indian bakery|milk rusk|biscuits,Biscuits & Bakery,3,Rack 1
Teera Cake Rusk,తీరా కేక్ రస్క్,टीरा केक रस्क,indian bakery|milk rusk|biscuits,Biscuits & Bakery,3,Rack 1
Teera Jeera Puri,తీర జీరా పూరి,टीरा जीरा पुरी,cumin,Spices & Masalas,3,Rack 2
Teera Methi Puri,తీర మేథి పూరి,टीरा मेथी पूरी,masala|spice,Spices & Masalas,3,Rack 2
Methi Puri,మెంతి పూరి,मेथी पूरी,masala|spice,Spices & Masalas,3,Rack 2
Jeera Puri,జీరా పూరి,जीरा पूरी,cumin,Spices & Masalas,3,Rack 2
Jiva's Roasted Chana,జీవాస్ రోస్టెడ్ చనా,जीवा का भुना हुआ चना,chickpea|chickpeas,Dals & Pulses,3,Rack 3
Jiva's Roasted Chana Lemon Chatpata,జీవా యొక్క కాల్చిన చనా నిమ్మకాయ చట్పాట,जीवा का भुना हुआ चना नींबू चटपटा,chickpea|chickpeas,Dals & Pulses,3,Rack 3
Roasted Cashews,వేయించిన జీడిపప్పు,भुने हुए काजू,kashew,Dry Fruits & Nuts,3,Rack 3
Roasted Almonds,వేయించిన బాదంపప్పులు,भुने हुए बादाम,badaam,Dry Fruits & Nuts,3,Rack 3
Jabsons Roasted Peanuts Spicy Masala,జాబ్సన్స్ వేయించిన వేరుశెనగలు స్పైసీ మసాలా,जैब्सन्स रोस्टेड पीनट्स स्पाइसी मसाला,,Snacks & Namkeen,3,Rack 3
Swad Cashew Whole,స్వాద్ జీడిపప్పు,स्वाद काजू साबुत,kashew,Dry Fruits & Nuts,3,Rack 4
Swad Natural Sliced Almonds,స్వాద్ నేచురల్ స్లైస్డ్ ఆల్మండ్స్,स्वाद नेचुरल स्लाइसड बादाम,badaam,Dry Fruits & Nuts,3,Rack 4
Swad Natural Slivered Almonds,స్వాద్ నేచురల్ స్లివర్డ్ ఆల్మండ్స్,स्वाद नेचुरल स्लाइस्ड बादाम,badaam,Dry Fruits & Nuts,3,Rack 4
Swad Almonds,స్వాద్ బాదంపప్పులు,स्वाद बादाम,badaam,Dry Fruits & Nuts,3,Rack 4
Bourbon Biscuits,బోర్బన్ బిస్కెట్లు,बोर्बन बिस्कुट,carom seeds biscuits,Biscuits & Bakery,3,Rack 5
Krac-Jack Biscuits,క్రాక్-జాక్ బిస్కెట్లు,क्रैक-जैक बिस्कुट,carom seeds biscuits|salted biscuits,Biscuits & Bakery,3,Rack 5
Britannia Toastea Suji Rusk,బ్రిటానియా టోస్టీ సుజీ రస్క్,ब्रिटानिया टोस्टी सूजी रस्क,biscuits,Biscuits & Bakery,3,Rack 67
Britannia Toastea Milk Rusk,బ్రిటానియా టోస్టీ మిల్క్ రస్క్,ब्रिटानिया टोस्टी मिल्क रस्क,biscuits,Biscuits & Bakery,3,Rack 67
Britannia Milk Rusk,బ్రిటానియా మిల్క్ రస్క్,ब्रिटानिया मिल्क रस्क,britannia|milk rusk|biscuits,Biscuits & Bakery,3,Rack 67
Masala Para,మసాలా పారా,मसाला पारा,puchka masala|golgappas spice,Spices & Masalas,3,Rack 68
Masala Papadi,మసాలా పాపడి,मसाला पापड़ी,,Snacks & Namkeen,3,Rack 68
Jabsons Peanuts Spicy Masala,జాబ్సన్స్ పీనట్స్ స్పైసీ మసాలా,जैब्सन्स पीनट्स स्पाइसी मसाला,groundnuts,Snacks & Namkeen,3,Rack 69
Jabsons Peanuts Salted,జాబ్సన్స్ ఉప్పు వేసిన వేరుశెనగలు,जैब्सन्स नमकीन मूंगफली,groundnuts,Snacks & Namkeen,3,Rack 69
Jabsons Peanuts Classic Salted,జాబ్సన్స్ పీనట్స్ క్లాసిక్ సాల్టెడ్,जैब्सन्स पीनट्स क्लासिक सॉल्टेड,groundnuts,Snacks & Namkeen,3,Rack 69
Laxmi Til Chikki,లక్ష్మి టిల్ చిక్కీ,लक्ष्मी तिल चिक्की,,Dry Fruits & Nuts,3,Rack 70
Britannia Marie Gold,బ్రిటానియా మేరీ గోల్డ్,ब्रिटानिया मैरी गोल्ड,britannia|marie gold|biscuits,Biscuits & Bakery,3,Rack 71
Britannia Toastea Suji Rusk,బ్రిటానియా టోస్టీ సుజీ రస్క్,ब्रिटानिया टोस्टी सूजी रस्क,biscuits,Biscuits & Bakery,3,Top Shelf
Bikaji Rusk,బికాజీ రస్క్,बिकाजी रस्क,biscuits,Biscuits & Bakery,3,Rack 67
Methi Thepla,మెథి తేప్లా,मेथी थेपला,,"Rava, Poha & Grains",3,Rack 68
Desi Masala Para,దేశీ మసాలా పారా,देसी मसाला पारा,,Spices & Masalas,3,Rack 68
Desi Masala Papadi,దేశీ మసాలా పాపడి,देसी मसाला पापड़ी,,Spices & Masalas,3,Rack 68
Desi Papadi,దేశీ పాపడి,देसी पापड़ी,masala,Spices & Masalas,3,Rack 68
Jabsons Peanuts,జాబ్సన్స్ పీనట్స్,जैब्सन मूंगफली,groundnuts,Dry Fruits & Nuts,3,Rack 69
Chikki Rolls,చిక్కీ రోల్స్,चिक्की रोल्स,peanut chikki,Snacks & Namkeen,3,Rack 70
T&G Laddu,టి&జి లడ్డు,टी एंड जी लड्डू,,Sweets & Mithai,3,Rack 70
Haldiram's Dal Biji,హల్దీరామ్ దాల్ బిజి,हल्दीराम की दाल बीजी,split black gram,Dals & Pulses,3,Rack 70
Laxmi Almonds,లక్ష్మి బాదంపప్పులు,लक्ष्मी बादाम,badaam|nuts|nut,Dry Fruits & Nuts,3,Rack 71
Laxmi Whole Almonds,లక్ష్మి పూర్తి బాదం పప్పులు,लक्ष्मी साबुत बादाम,badaam|nuts|nut,Dry Fruits & Nuts,3,Rack 71
Shahd Whole Almonds,షాద్ పూర్తి బాదంపప్పులు,शाहद साबुत बादाम,badaam,Dry Fruits & Nuts,3,Rack 71
Dry Apricots,ఎండిన ఆప్రికాట్లు,सूखे खुबानी,,Dry Fruits & Nuts,3,Rack 71
Jabsons,జాబ్సన్స్,जैब्सन्स,,Other,3,Rack 71
BE CORN CHIWDA,BE CORN CHIWDA,बी कॉर्न चिवड़ा,,Snacks & Namkeen,3,Rack 71
Britannia Marie Gold,బ్రిటానియా మేరీ గోల్డ్,ब्रिटानिया मैरी गोल्ड,britannia|marie gold|biscuits,Biscuits & Bakery,3,Bottom Shelf
Treat,చికిత్స,इलाज,,Snacks & Namkeen,3,Bottom Shelf
Bikaji Milk Rusk,బికాజీ మిల్క్ రస్క్,बिकाजी मिल्क रस्क,biscuits,Biscuits & Bakery,3,Rack 67
Bikaji Premium Suji Rusk,బికాజీ ప్రీమియం సుజీ రస్క్,बिकाजी प्रीमियम सूजी रस्क,milk rusk|biscuits,"Rava, Poha & Grains",3,Rack 67
deep Masala Para,డీప్ మసాలా పారా,डीप मसाला पारा,,Spices & Masalas,3,Rack 68
deep Masala Papadi,డీప్ మసాలా పాపడి,डीप मसाला पापड़ी,puchka masala|golgappas spice|tea spice,Spices & Masalas,3,Rack 68
deep Papadi Traditional Chickpea Flour Crisps,డీప్ పాపడి సాంప్రదాయ శనగపిండి క్రిస్ప్స్,डीप पापड़ी ट्रेडिशनल चने के आटे के क्रिस्प्स,,Dry Fruits & Nuts,3,Rack 62
deep Fafda,డీప్ ఫాఫ్డా,डीप फाफड़ा,sooji|rava|semolina,"Rava, Poha & Grains",3,Rack 62
Jabsons Tandoori Roasted Peanuts,జాబ్సన్స్ తందూరి వేయించిన వేరుశెనగలు,जैब्सन्स तंदूरी भुनी हुई मूंगफली,groundnuts,Snacks & Namkeen,3,Rack 69
Jabsons Roasted Peanuts Black Pepper,జాబ్సన్స్ వేయించిన వేరుశెనగలు నల్ల మిరియాలు,जैब्सन्स रोस्टेड पीनट्स ब्लैक पेपर,groundnuts,Snacks & Namkeen,3,Rack 69
Jabsons Roasted Peanuts,జాబ్సన్స్ వేయించిన వేరుశెనగలు,जैब्सन्स रोस्टेड पीनट्स,groundnuts,Snacks & Namkeen,3,Rack 69
Jabsons Chilli 'N' Garlic Chana,జాబ్సన్స్ చిల్లీ 'ఎన్' గార్లిక్ చనా,जैब्सन्स चिली 'एन' गार्लिक चना,mirchi,Dals & Pulses,3,Rack 69
Jabsons Lemon 'N' Mint Chana,జాబ్సన్స్ లెమన్ 'ఎన్' మింట్ చనా,जैब्सन्स लेमन 'एन' मिंट चना,chickpea|chickpeas,Dals & Pulses,3,Rack 63
Jabsons Nimboo Pudina Chana,జాబ్సన్స్ నింబూ పుదీనా చనా,जैब्सन्स निम्बू पुदीना चना,chickpea|chickpeas,Dals & Pulses,3,Rack 63
Laxmi Till Chikki,లక్ష్మి టిల్ చిక్కీ,लक्ष्मी तिल चिक्की,,Dry Fruits & Nuts,3,Rack 70
Jiya's Blanched Peanuts,జియా యొక్క ఉడికించిన వేరుశెనగలు,जिया की उबली हुई मूंगफली,groundnuts,Dry Fruits & Nuts,3,Rack 70
Swetha Peanut Chikki Balls,శ్వేత వేరుశెనగ చిక్కీ బాల్స్,श्वेता पीनट चिक्की बॉल्स,groundnuts,Dry Fruits & Nuts,3,Rack 63
Swetha Peanut Chikki Bar,శ్వేత పీనట్ చిక్కీ బార్,श्वेता पीनट चिक्की बार,,Sweets & Mithai,3,Rack 63
deep Sesame Chikki,డీప్ సెసేమ్ చిక్కీ,डीप तिल चिक्की,sweet sesame chikki,Sweets & Mithai,3,Rack 63
Deep Masala Para,దీప్ మసాలా పారా,दीप मसाला पारा,,Spices & Masalas,3,Top shelf
Deep Papadi,దీప్ పాపడి,दीप पापड़ी,,Snacks & Namkeen,3,Rack 62
Jabsons Lemon & Mint Chana,జాబ్సన్స్ లెమన్ & మింట్ చనా,जैब्सन्स लेमन और मिंट चना,chickpea|chickpeas,Dals & Pulses,3,Rack 63
Jabsons Hing Jeera Chana,జాబ్సన్స్ హింగ్ జీరా చనా,जैब्सन्स हींग जीरा चना,chickpeas|chickpea,Dals & Pulses,3,Rack 63
Jalaram Snacks,జలరం స్నాక్స్,जलाराम स्नैक्स,chips,Snacks & Namkeen,3,Rack 70
Jiyas Roasted Peanuts,జియాస్ వేయించిన వేరుశెనగలు,जियास रोस्टेड पीनट्स,groundnuts,Snacks & Namkeen,3,Rack 70
Swetha Telugu Peanut Chikki Balls,శ్వేత తెలుగు వేరుశెనగ చిక్కి బంతులు,स्वेता तेलुगु मूंगफली चिक्की बॉल्स,rajbhog sweets,Sweets & Mithai,3,Rack 64
Swetha Telugu Peanut Chikki Bar,శ్వేత తెలుగు వేరుశెనగ చిక్కి బార్,स्वेता तेलुगु मूंगफली चिक्की बार,rajbhog sweets,Sweets & Mithai,3,Rack 64
Deep Sesame Chikki,డీప్ సెసేమ్ చిక్కీ,डीप सेसम चिक्की,sweet sesame chikki,Sweets & Mithai,3,Rack 64
Almonds (Packaged),బాదం పప్పులు (ప్యాకేజీ చేయబడినవి),बादाम (पैकेटबंद),badaam|nuts,Dry Fruits & Nuts,3,Rack 71
BK Corn Chiwda,బి.కె. కార్న్ చివ్డా,बीके कॉर्न चिवड़ा,,Snacks & Namkeen,3,Rack 71
Dry Dates,పొడి తేదీలు,सूखे खजूर,medjool dates,Dry Fruits & Nuts,3,Rack 65
Dry Figs (Anjeer),ఎండు అంజీర్,सूखे अंजीर,,Dry Fruits & Nuts,3,Rack 65
Britannia Marie Gold Biscuits,బ్రిటానియా మేరీ గోల్డ్ బిస్కెట్లు,ब्रिटानिया मैरी गोल्ड बिस्कुट,,Biscuits & Bakery,3,Rack 72
KCB Snacks,KCB స్నాక్స్,केसीबी स्नैक्स,,Snacks & Namkeen,3,Rack 72
Haldiram's Snacks,హల్దీరామ్స్ స్నాక్స్,हल्दीराम के स्नैक्स,,Snacks & Namkeen,3,Rack 66
Deep Masala Para,దీప్ మసాలా పారా,दीप मसाला पारा,,Spices & Masalas,3,Rack 1
Jabsons Roasted Peanuts,జాబ్సన్స్ వేయించిన వేరుశెనగలు,जैब्सन्स रोस्टेड पीनट्स,groundnuts,Snacks & Namkeen,3,Rack 2
Jabsons Till Laddu,జాబ్సన్స్ టిల్ లడ్డు,जैब्सन्स टिल लड्डू,pigeon pea,Sweets & Mithai,3,Rack 70
Swad Natural Sliced Almonds,స్వాద్ నేచురల్ స్లైస్డ్ ఆల్మండ్స్,स्वाद नेचुरल स्लाइसड बादाम,badaam,Dry Fruits & Nuts,3,Rack 71
Swad Natural Silvered Almonds,స్వాద్ నేచురల్ సిల్వర్డ్ ఆల్మండ్స్,स्वाद नेचुरल सिल्वर बादाम,badaam|nuts,Dry Fruits & Nuts,3,Rack 71
Parle Hide & Seek Bourbon Biscuits,పార్లే హైడ్ & సీక్ బోర్బన్ బిస్కెట్లు,पारले हाइड एंड सीक बॉर्बन बिस्कुट,,Biscuits & Bakery,3,Rack 72
Parle Krackjack Biscuits,పార్లే క్రాక్‌జాక్ బిస్కెట్లు,पार्ले क्रैकजैक बिस्कुट,salted biscuits,Biscuits & Bakery,3,Rack 72
,#VALUE!,#VALUE!,,,,
Haldiram's Aloo Bhujia,హల్దీరామ్స్ ఆలూ భుజియా,हल्दीराम की आलू भुजिया,snacks|snack,Snacks & Namkeen,4,Rack 13
Haldiram's All In One,హల్దీరామ్స్ ఆల్ ఇన్ వన్,हल्दीराम का ऑल इन वन,,Ready to Eat & Instant,4,Rack 13
Bikaji Kuch-Kuch,బికాజీ కుచ్-కుచ్,बिकाजी कुछ-कुछ,,Sweets & Mithai,4,Rack 13
Raju Bhatha Kani,రాజు భాత కని,राजू भाथा कानी,atta|flatbread,Atta & Flours,4,Rack 13
Mirch Masala A Dal Mixture,మిర్చ్ మసాలా ఎ దాల్ మిక్చర్,मिर्च मसाला दाल का मिश्रण,,Spices & Masalas,4,Rack 14
Swetha Sev Pakoda,శ్వేత సేవ్ పకోడా,श्वेता सेव पकोड़ा,,Snacks & Namkeen,4,Rack 14
Chennai Special Cholam Ribbon,చెన్నై స్పెషల్ చోళం రిబ్బన్,चेन्नई स्पेशल चोलम रिबन,,Rice,4,Rack 14
Deep South India Murukku,లోతైన దక్షిణ భారతదేశం మురుక్కు,दक्षिण भारत में मुरुक्कू,,Snacks & Namkeen,4,Rack 14
Swetha Telugu Sakinalu,శ్వేత తెలుగు శకినాలు,श्वेता तेलुगु सकीनालू,murukku,Snacks & Namkeen,4,Rack 15
Swetha Telugu Sanna Karapusa,శ్వేత తెలుగు సన్న కరపుస,श्वेता तेलुगु सन्ना करापुसा,,Snacks & Namkeen,4,Rack 15
Swetha Telugu Poha Mixture,శ్వేత తెలుగు పోహా మిశ్రమం,श्वेता तेलुगु पोहा मिश्रण,murukku,Snacks & Namkeen,4,Rack 15
Swetha Telugu Pappu Chekodilu,శ్వేత తెలుగు పప్పు చెకోడిలు,श्वेता तेलुगु पप्पू चेकोदिलु,murukku,Snacks & Namkeen,4,Rack 15
Swetha Telugu Mullu Murukulu,శ్వేత తెలుగు ముల్లు మురుకులు,श्वेता तेलुगु मुल्लू मुरुकुलु,murukku|spicy muruku|muruku,Snacks & Namkeen,4,Rack 15
Swetha Telugu Masala Peanuts,శ్వేత తెలుగు మసాలా పీనట్స్,श्वेता तेलुगु मसाला मूंगफली,,Snacks & Namkeen,4,Rack 15
Anand Masala Chanadal,ఆనంద్ మసాలా చనాడల్,आनंद मसाला चनादल,garam masala,Spices & Masalas,4,Rack 15
Anand Masala Peanuts,ఆనంద్ మసాలా వేరుశెనగలు,आनंद मसाला मूंगफली,groundnuts,Snacks & Namkeen,4,Rack 15
Euro Mini Bhakarwadi,యూరో మినీ భాకర్వాడి,यूरो मिनी भाकरवाड़ी,flatbread,Snacks & Namkeen,4,Rack 15
Anand Kappalandi Masala,ఆనంద్ కప్పలాండి మసాలా,आनंद कप्पलांडी मसाला,,Spices & Masalas,4,Rack 15
Anand Kabuli Chana Spicy,ఆనంద్ కాబులి చనా స్పైసీ,आनंद काबुली चना मसालेदार,,Dals & Pulses,4,Rack 15
Anand Kachori Sweet & Spicy Wheat Rolls,ఆనంద్ కచోరీ తీపి & కారపు గోధుమ రోల్స్,आनंद कचौरी मीठे और मसालेदार गेहूं के रोल,whole wheat atta|atta|whole wheat,"Rava, Poha & Grains",4,Rack 15
Anand Jalapeno Murukku Sticks,ఆనంద్ జలపెనో మురుక్కు స్టిక్స్,आनंद जलपीनो मुरुक्कू स्टिक्स,spicy muruku|muruku,Snacks & Namkeen,4,Rack 15
Raju Bhavnagari Gathiya,రాజు భవనగరి గతియా,राजू भावनगरी गठिया,,Snacks & Namkeen,4,Rack 19
Raju Ratlami Sev,రాజు రత్లామి సేవ,राजू रतलामी सेव,,Snacks & Namkeen,4,Rack 19
Haldiram's Plain Bhujia,హల్దీరామ్ యొక్క మైదాన భుజియా,हल्दीराम की प्लेन भुजिया,snack|snacks,Snacks & Namkeen,4,Rack 19
Haldiram's Boondi Salted,హల్దీరామ్స్ బూందీ సాల్టెడ్,हल्दीराम की बूंदी नमकीन,,Snacks & Namkeen,4,Rack 19
Bikaji Sub-Kuch Navratna Mix,బికాజీ సబ్-కుచ్ నవరత్న మిక్స్,बिकाजी सब-कुछ नवरत्न मिक्स,rava|snack mix|snacks,Snacks & Namkeen,4,Rack 20
Bombay Kitchen Punjabi Mix,బాంబే కిచెన్ పంజాబీ మిక్స్,बॉम्बे किचन पंजाबी मिक्स,spicy punjabi mix|bombay mixture|snacks,Snacks & Namkeen,4,Rack 20
Bombay Kitchen Bhel Mix,బాంబే కిచెన్ భేల్ మిక్స్,बॉम्बे किचन भेल मिक्स,bombay mixture,Snacks & Namkeen,4,Rack 20
Bikaji Masala Mix,బికాజీ మసాలా మిక్స్,बिकाजी मसाला मिक्स,,Spices & Masalas,4,Rack 20
G. Pulla Reddy Masala Peanuts,జి. పుల్లారెడ్డి మసాలా పీనట్స్,जी. पुल्ला रेड्डी मसाला मूंगफली,,Snacks & Namkeen,4,Rack 21
G. Pulla Reddy Madras Mixture,జి. పుల్లారెడ్డి మద్రాస్ మిశ్రమం,जी. पुल्ला रेड्डी मद्रास मिश्रण,madras mix,Snacks & Namkeen,4,Rack 21
G. Pulla Reddy Karampusa,జి. పుల్లారెడ్డి కరంపుస,जी. पुल्ला रेड्डी करमपुसा,indian snack,Snacks & Namkeen,4,Rack 21
G. Pulla Reddy Janthikalu,జి. పుల్లారెడ్డి జంతికలు,जी. पुल्ला रेड्डी जंथिकालु,,Snacks & Namkeen,4,Rack 21
G. Pulla Reddy Butter Murukku,జి. పుల్లారెడ్డి బటర్ మురుక్కు,जी. पुल्ला रेड्डी बटर मुरुक्कू,,Snacks & Namkeen,4,Rack 21
Swetha Telugu Sakinalu,శ్వేత తెలుగు శకినాలు,श्वेता तेलुगु सकीनालू,murukku,Snacks & Namkeen,4,Rack 21
Anand Ribbon Pakoda,ఆనంద్ రిబ్బన్ పకోడా,आनंद रिबन पकोड़ा,,Snacks & Namkeen,4,Rack 22
Anand Ragi Muruku,ఆనంద్ రాగి మురుకు,आनंद रागी मुरुक्कू,murukku,Snacks & Namkeen,4,Rack 22
Anand Plantain Chips Salted,ఆనంద్ ప్లాంటైన్ చిప్స్ సాల్టెడ్,आनंद नमकीन केले के चिप्स,,Snacks & Namkeen,4,Rack 22
Anand Special Palak Muruku,ఆనంద్ స్పెషల్ పాలక్ మురుకు,आनंद स्पेशल पालक मुरुक्कू,spicy muruku|murukku,Snacks & Namkeen,4,Rack 22
Anand Muruku Mini,ఆనంద్ మురుకు మినీ,आनंद मुरुकु मिनी,muruku|249 anand|mini,Snacks & Namkeen,4,Rack 22
Anand Mini Bhakarwadi,ఆనంద్ మినీ భాకర్వాడి,आनंद मिनी भाकरवाड़ी,cumin,Snacks & Namkeen,4,Rack 22
Anand Masala Chanadal,ఆనంద్ మసాలా చనాడల్,आनंद मसाला चनादल,garam masala,Spices & Masalas,4,Rack 22
Euro Tasty Peanuts,యూరో టేస్టీ పీనట్స్,यूरो टेस्टी मूंगफली,groundnuts,Dry Fruits & Nuts,4,Rack 23
Euro Shahi Mixture,యూరో షాహి మిశ్రమం,यूरो शाही मिश्रण,,Snacks & Namkeen,4,Rack 23
Euro Ratlami Sev,యూరో రత్లామి సెవ్,यूरो रतलामी सेव,spicy,Snacks & Namkeen,4,Rack 23
Euro Nylon Sev,యూరో నైలాన్ సెవ్,यूरो नायलॉन सेव,,Snacks & Namkeen,4,Rack 23
Euro Navratan Mix,యూరో నవరతన్ మిక్స్,यूरो नवरतन मिक्स,rava|snack mix|spice mix,Ready to Eat & Instant,4,Rack 23
Euro Masala Soya,యూరో మసాలా సోయా,यूरो मसाला सोया,,Ready to Eat & Instant,4,Rack 23
Euro Madras Mix,యూరో మద్రాస్ మిక్స్,यूरो मद्रास मिक्स,spice mix|rava|snack mix,Ready to Eat & Instant,4,Rack 23
Jabsons Soya Sticks Magic Masala,జాబ్సన్స్ సోయా స్టిక్స్ మ్యాజిక్ మసాలా,जैब्सन्स सोया स्टिक्स मैजिक मसाला,,Snacks & Namkeen,4,Rack 33
Jabsons Soya Sticks Tangy Tomato,జాబ్సన్స్ సోయా స్టిక్స్ టాంగీ టొమాటో,जैब्सन्स सोया स्टिक्स टैंगी टोमैटो,,Snacks & Namkeen,4,Rack 33
Jabsons Sabudana Mix,జాబ్సన్స్ సబుదానా మిక్స్,जैब्सन्स साबूदाना मिक्स,rava,Ready to Eat & Instant,4,Rack 33
Jabsons Falahari Mixture,జాబ్సన్స్ ఫలహారి మిశ్రమం,जैब्सन फलाहारी मिश्रण,,Snacks & Namkeen,4,Rack 33
Garvi Gujarat Yellow Banana Wafers,గర్వి గుజరాత్ పసుపు అరటిపండు వేఫర్లు,गरवी गुजरात येलो बनाना वेफर्स,chips,Snacks & Namkeen,4,Rack 34
Garvi Gujarat Sada Sev,గర్వి గుజరాత్ సదా సేవ,गरवी गुजरात सदा सेव,gujarati sweets,Snacks & Namkeen,4,Rack 34
Garvi Gujarat Roasted Poha Chiwda,గర్వి గుజరాత్ కాల్చిన పోహా చివ్డా,गरवी गुजरात भुना हुआ पोहा चिवड़ा,gujarati sweets|indian snack,Snacks & Namkeen,4,Rack 34
Garvi Gujarat Ratlami Sev,గర్వి గుజరాత్ రత్లామి సేవ్,गरवी गुजरात रतलामी सेव,gujarati sweets|spicy,Snacks & Namkeen,4,Rack 34
Garvi Gujarat Nadiyadi Mix,గర్వి గుజరాత్ నదియాది మిక్స్,गरवी गुजरात नाडियाडी मिक्स,snacks|mixture|gujarati sweets|masala|spice,Snacks & Namkeen,4,Rack 34
Garvi Gujarat Gujarati Chakri,గర్వి గుజరాత్ గుజరాతీ చక్రి,गरवी गुजरात गुजराती चक्री,gujarati sweets|fried snack,Snacks & Namkeen,4,Rack 34
Garvi Gujarat Bhungra,గర్వి గుజరాత్ భుంగ్రా,गरवी गुजरात भुंगरा,snacks,Snacks & Namkeen,4,Rack 35
Jabsons Sabudana Mixture,జాబ్సన్స్ సబుదానా మిశ్రమం,जैब्सन साबूदाना मिश्रण,snacks,Snacks & Namkeen,4,Rack 34
Jabsons Falahari Mixture,జాబ్సన్స్ ఫలహారి మిశ్రమం,जैब्सन फलाहारी मिश्रण,,Snacks & Namkeen,4,Rack 34
Haldiram's Bikaneri Bhujia,హల్దీరామ్స్ బికనేరి భుజియా,हल्दीराम की बीकानेरी भुजिया,snack,Snacks & Namkeen,4,Rack 34
Limbu Mari Sev,లింబు మారి సెవ్,लिंबू मारी सेव,,Pickles & Chutneys,4,Rack 34
Garvi Gujarat Ratlami Sev,గర్వి గుజరాత్ రత్లామి సేవ్,गरवी गुजरात रतलामी सेव,gujarati sweets|spicy,Snacks & Namkeen,4,Rack 35
Garvi Gujarat Nadiyadi Mix,గర్వి గుజరాత్ నదియాది మిక్స్,गरवी गुजरात नाडियाडी मिक्स,snacks|mixture|gujarati sweets|masala|spice,Snacks & Namkeen,4,Rack 35
Garvi Gujarat Gujarati Chakri,గర్వి గుజరాత్ గుజరాతీ చక్రి,गरवी गुजरात गुजराती चक्री,gujarati sweets|fried snack,Snacks & Namkeen,4,Rack 35
Kurkure Masala Munch,కుర్కురే మసాలా మంచ్,कुरकुरे मसाला मंच,,Snacks & Namkeen,4,Bottom Shelf
Lay's Spanish Tomato Tangy,లేస్ స్పానిష్ టొమాటో టాంగీ,लेज़ स्पैनिश टोमैटो टैंगी,,Snacks & Namkeen,4,Bottom Shelf
Ananda Banana Pepper Chips,ఆనంద బనానా పెప్పర్ చిప్స్,आनंदा बनाना पेपर चिप्स,snacks|banana chilli,Snacks & Namkeen,4,Rack 1
Amma's Kitchen Madras Mixture,అమ్మ వంటగది మద్రాస్ మిశ్రమం,अम्मा की रसोई का मद्रास मिश्रण,madras mix|spice mix|snacks,Spices & Masalas,4,Rack 1
Cake Rusk,కేక్ రస్క్,केक रस्क,cake|rusk,Biscuits & Bakery,4,Rack 1
Euro Pepper Banana Wafer,యూరో పెప్పర్ బనానా వేఫర్,यूरो पेपर बनाना वेफर,chips|banana chilli,Snacks & Namkeen,4,Rack 1
A2B Thattai,A2B తట్టై,ए2बी थट्टई,,Snacks & Namkeen,4,Rack 2
A2B Ribbon Pakoda,A2B రిబ్బన్ పకోడా,ए2बी रिबन पकोड़ा,,Snacks & Namkeen,4,Rack 2
A2B Pepper Thottal,A2B పెప్పర్ తొట్టల్,ए2बी पेपर थोट्टल,,Snacks & Namkeen,4,Rack 2
A2B Pepper Sev,A2B పెప్పర్ సేవ్,A2B पेपर सेव,,Snacks & Namkeen,4,Rack 2
A2B Navadhanya Mixture,A2B నవధాన్య మిశ్రమం,A2B नवधान्य मिश्रण,snacks,Snacks & Namkeen,4,Rack 2
A2B Kara Boondi,A2B కారా బూందీ,ए2बी कारा बूंदी,,Snacks & Namkeen,4,Rack 2
Swetha Chekkalu,శ్వేత చెక్కలు,श्वेता चेक्कलू,fried snack,Snacks & Namkeen,4,Rack 3
Swetha Bellam Gavvalu,శ్వేత బెల్లం గవ్వలు,श्वेता बेल्लम गवलू,,Snacks & Namkeen,4,Rack 3
Swetha Banana Chips,శ్వేత బనానా చిప్స్,श्वेता केले के चिप्स,snacks,Snacks & Namkeen,4,Rack 3
Swetha Andhra Mixture,శ్వేత ఆంధ్ర మిశ్రమం,श्वेता आंध्र मिश्रण,snacks,Snacks & Namkeen,4,Rack 3
Yanakts Thattai,యానాక్ట్స్ తట్టై,Yanakts Thattai,,Snacks & Namkeen,4,Rack 3
Anand Boondi,ఆనంద్ బూందీ,आनंद बूंदी,veg boondi|bundi|sweets,Sweets & Mithai,4,Rack 4
Anand Bhutia,ఆనంద్ భూటియా,आनंद भूटिया,snack|snacks,Snacks & Namkeen,4,Rack 4
Anand Benne Muruku,ఆనంద్ బెన్నె మురుకు,आनंद बेन्ने मुरुक्कू,spicy muruku,Snacks & Namkeen,4,Rack 4
Anand Banana Chips,ఆనంద్ బనానా చిప్స్,आनंद केले के चिप्स,snacks,Snacks & Namkeen,4,Rack 4
Anand Banana Chips (Pepper),ఆనంద్ బనానా చిప్స్ (పెప్పర్),आनंद बनाना चिप्स (मिर्च),banana chilli|snacks,Snacks & Namkeen,4,Rack 4
Anand Baby Muruku,ఆనంద్ బేబీ మురుకు,आनंद बेबी मुरुक्कू,spicy muruku|murukku,Snacks & Namkeen,4,Rack 4
Anand Andhra Mixture,ఆనంద్ ఆంధ్ర మిశ్రమం,आनंद आंध्र मिश्रण,,Snacks & Namkeen,4,Rack 4
Sweet Karam Coffee Spiced Peanuts,తీపి కారం కాఫీ మసాలా వేరుశనగలు,स्वीट करम कॉफी स्पाइस्ड पीनट्स,groundnuts,Snacks & Namkeen,4,Rack 5
Sweet Karam Coffee Ribbon Pakoda,స్వీట్ కరమ్ కాఫీ రిబ్బన్ పకోడా,मीठा करम कॉफी रिबन पकोड़ा,,Snacks & Namkeen,4,Rack 5
Sweet Karam Coffee Pepper Murukku Sticks,తీపి కారం కాఫీ మిరియాల మురుక్కు పుల్లలు,स्वीट करम कॉफी पेपर मुरुक्कू स्टिक्स,spicy muruku|snacks,Snacks & Namkeen,4,Rack 5
Sweet Karam Coffee Nippattu (Thattai),స్వీట్ కారం కాఫీ నిప్పట్టు (తట్టై),मीठी करम कॉफ़ी निप्पट्टू (थट्टाई),kaapi,Snacks & Namkeen,4,Rack 5
Sweet Karam Coffee Madras Mixture,స్వీట్ కరం కాఫీ మద్రాస్ మిశ్రమం,स्वीट करम कॉफी मद्रास मिक्सचर,madras mix,Snacks & Namkeen,4,Rack 5
Sweet Karam Coffee Classic Murukku Sticks,స్వీట్ కరమ్ కాఫీ క్లాసిక్ మురుక్కు స్టిక్స్,मीठी करम कॉफ़ी क्लासिक मुरुक्कू स्टिक,kaapi,Snacks & Namkeen,4,Rack 5
Sweet Karam Coffee Classic Seedai,స్వీట్ కరం కాఫీ క్లాసిక్ సీడై,स्वीट करम कॉफी क्लासिक सीडाई,,Snacks & Namkeen,4,Rack 5
Kurkure Cheese Balls,కుర్కురే చీజ్ బాల్స్,कुरकुरे चीज़ बॉल्स,,Snacks & Namkeen,4,Rack 6
Bingo! Tedhe Medhe,బింగో! టెడ్హే మెడ్హే,बिंगो! तेधे मेधे,,Snacks & Namkeen,4,Rack 6
Bingo! Mad Angles,బింగో! మ్యాడ్ యాంగిల్స్,बिंगो! पागल कोण,,Snacks & Namkeen,4,Rack 6
Anand Bhel Mix Spicy,ఆనంద్ భేల్ మిక్స్ స్పైసీ,आनंद भेल मिक्स स्पाइसी,,Snacks & Namkeen,4,Rack 7
Anand Bhel Mix,ఆనంద్ భెల్ మిక్స్,आनंद भेल मिक्स,,Snacks & Namkeen,4,Rack 7
Anand Potato Chips,ఆనంద్ పొటాటో చిప్స్,आनंद पोटैटो चिप्स,potato chips masala,Snacks & Namkeen,4,Rack 7
Anand Banana Chips,ఆనంద్ బనానా చిప్స్,आनंद केले के चिप्स,snacks,Snacks & Namkeen,4,Rack 7
Anand Pepper Banana Chips,ఆనంద్ పెప్పర్ బనానా చిప్స్,आनंद पेपर बनाना चिप्स,snacks,Snacks & Namkeen,4,Rack 7
Amma's Kitchen Madras Mixture,అమ్మ వంటగది మద్రాస్ మిశ్రమం,अम्मा की रसोई का मद्रास मिश्रण,madras mix|spice mix|snacks,Spices & Masalas,4,Rack 7
Anand Boondi Salted,ఆనంద్ బూందీ సాల్టెడ్,आनंद बूंदी नमकीन,,Snacks & Namkeen,4,Rack 8
Anand Cornflakes Chinda,ఆనంద్ కార్న్‌ఫ్లేక్స్ చిందా,आनंद कॉर्नफ्लेक्स चिंदा,,Atta & Flours,4,Rack 8
A2B Thattai,A2B తట్టై,ए2बी थट्टई,,Snacks & Namkeen,4,Rack 8
A2B Ribbon Pakoda,A2B రిబ్బన్ పకోడా,ए2बी रिबन पकोड़ा,,Snacks & Namkeen,4,Rack 8
A2B Pepper Thattai,A2B పెప్పర్ తట్టై,ए2बी पेपर थाटाई,,Snacks & Namkeen,4,Rack 8
Sweetha Telugu Karapusa,స్వీత తెలుగు కరపుస,स्वीथा तेलुगु करापुसा,,Snacks & Namkeen,4,Rack 9
Sweetha Telugu Kara Boondi,స్వీతా తెలుగు కర బూందీ,स्वीथा तेलुगु कारा बूंदी,boondi masala|masala|indian snack|split black gram,Snacks & Namkeen,4,Rack 9
Sweetha Telugu Janthikalu,స్వీత తెలుగు జంతికలు,स्वीथा तेलुगु जंथिकालु,murukku|spicy,Snacks & Namkeen,4,Rack 9
Sweetha Telugu Jackfruit Chips,స్వీతా తెలుగు పనస చిప్స్,स्वीथा तेलुगु कटहल चिप्स,snacks|salted,Snacks & Namkeen,4,Rack 9
Sweetha Telugu Chethi Chekkalu,స్వీత తెలుగు చేతి చెక్కలు,स्वीटहा तेलुगू चेथी चेक्कालू,fried snack|murukku|indian spices|south indian|split black gram,Snacks & Namkeen,4,Rack 9
Sweetha Telugu Chekkalu,స్వీతా తెలుగు చెట్లు,स्वीथा तेलुगु चेक्कलू,fried snack|murukku|split black gram,Snacks & Namkeen,4,Rack 9
Sweetha Telugu Bellam Gavvalu,స్వీతా తెలుగు బెల్లం గవ్వలు,स्वीथा तेलुगु बेल्लम गव्वालू,laddu,Sweets & Mithai,4,Rack 9
Sweetha Telugu Banana Chips,స్వీతా తెలుగు బనానా చిప్స్,स्वीथा तेलुगु केले के चिप्स,snacks,Snacks & Namkeen,4,Rack 9
Anand Farsan Mart Farali Chiwda,ఆనంద్ ఫర్సన్ మార్ట్ ఫరాలీ చివ్డా,आनंद फरसाण मार्ट फराली चिवड़ा,,Snacks & Namkeen,4,Rack 10
Anand Farsan Mart Farali Chiwda Mithai,ఆనంద్ ఫర్సన్ మార్ట్ ఫరాలీ చివ్డా మిథాయ్,आनंद फरसाण मार्ट फराली चिवड़ा मिठाई,,Sweets & Mithai,4,Rack 10
Anand Chanachur Mixture,ఆనంద్ చనాచూర్ మిశ్రమం,आनंद चनाचुर मिश्रण,snacks,Snacks & Namkeen,4,Rack 10
Anand Butter Murukku Sticks,ఆనంద్ బటర్ మురుక్కు స్టిక్స్,आनंद बटर मुरुक्कू स्टिक्स,anand muruku|muruku,Snacks & Namkeen,4,Rack 10
Anand Boondi Masala,ఆనంద్ బూందీ మసాలా,आनंद बूंदी मसाला,boondi masala|anand|spices,Snacks & Namkeen,4,Rack 10
Anand Boondi Plain,ఆనంద్ బూందీ మైదానం,आनंद बूंदी मैदान,veg boondi|bundi,Snacks & Namkeen,4,Rack 10
Anand Bhujia,ఆనంద్ భుజియా,आनंद भुजिया,,Snacks & Namkeen,4,Rack 10
Anand Benne Murukku,ఆనంద్ బెన్నె మురుక్కు,आनंद बेन्ने मुरुक्कू,muruku|anand muruku,Snacks & Namkeen,4,Rack 10
Anand Banana Chips,ఆనంద్ బనానా చిప్స్,आनंद केले के चिप्स,snacks,Snacks & Namkeen,4,Rack 10
Euro Aldo Sev,యూరో ఆల్డో సెవ్,यूरो एल्डो सेव,,"Rava, Poha & Grains",4,Rack 5
Euro All In One,యూరో ఆల్ ఇన్ వన్,यूरो ऑल इन वन,,Rice,4,Rack 5
Amma's Kitchen Banana Chips Masala,అమ్మ కిచెన్ బనానా చిప్స్ మసాలా,अम्मा की रसोई केले के चिप्स मसाला,snacks,Snacks & Namkeen,4,Rack 5
Amma's Kitchen Achappam,అమ్మ వంటగది అచ్చప్పం,अम्माज़ किचन अचप्पम,,Snacks & Namkeen,4,Rack 5
Sweet Karam Coffee Nippattu,స్వీట్ కారం కాఫీ నిప్పట్టు,स्वीट करम कॉफी निप्पट्टू,kaapi,Snacks & Namkeen,4,Rack 5
Poprings Cheese Chilli,పాప్రింగ్స్ చీజ్ చిల్లీ,पॉपरिंग्स चीज़ चिली,mirchi,Snacks & Namkeen,4,Rack 6
Kwiks Cheese Balls,క్విక్స్ చీజ్ బాల్స్,क्विक्स चीज़ बॉल्स,,Snacks & Namkeen,4,Rack 6
Poprings,పాప్రింగ్స్,पॉपरिंग्स,,Snacks & Namkeen,4,Rack 6
Swetha Telugu Bhel Mix,శ్వేత తెలుగు భేల్ మిక్స్,श्वेता तेलुगु भेल मिक्स,mixture,Ready to Eat & Instant,4,Rack 7
Swetha Telugu Kara Boondi,శ్వేత తెలుగు కర బూంది,श्वेता तेलुगु कारा बूंदी,masala,Snacks & Namkeen,4,Rack 7
Deep Foods Snacks,డీప్ ఫుడ్స్ స్నాక్స్,डीप फूड्स स्नैक्स,chips,Snacks & Namkeen,4,Rack 8
Anand Masala Peanuts,ఆనంద్ మసాలా వేరుశెనగలు,आनंद मसाला मूंगफली,groundnuts,Snacks & Namkeen,4,Rack 8
Swetha Telugu Chekodilu,శ్వేత తెలుగు చెకోడిలు,श्वेता तेलुगु चेकोदिलु,fried snack|indian snack,Snacks & Namkeen,4,Rack 9
Swetha Telugu Murukulu,శ్వేత తెలుగు మురుకులు,श्वेता तेलुगु मुरुकुलु,murukku|muruku,Snacks & Namkeen,4,Rack 9
Swetha Telugu Madras Mixture,శ్వేత తెలుగు మద్రాస్ మిశ్రమం,श्वेता तेलुगु मद्रास मिश्रण,madras mix|spice mix|snacks,Snacks & Namkeen,4,Rack 9
Swetha Telugu Raia Mixture,శ్వేత తెలుగు రైయా మిశ్రమం,श्वेता तेलुगु राया मिश्रण,snacks,Snacks & Namkeen,4,Rack 9
Swetha Telugu Karapusa,శ్వేత తెలుగు కరపుస,श्वेता तेलुगु करापुसा,garam masala,Spices & Masalas,4,Rack 9
Swetha Telugu Kara Boondi,శ్వేత తెలుగు కర బూంది,श्वेता तेलुगु कारा बूंदी,masala,Snacks & Namkeen,4,Rack 9
Swetha Telugu Janthikalu,శ్వేత తెలుగు జంతికలు,श्वेता तेलुगु जंथिकालु,garam masala,Spices & Masalas,4,Rack 9
Swetha Telugu Jackfruit Chips,శ్వేత తెలుగు పనస చిప్స్,श्वेता तेलुगु कटहल चिप्स,snacks|salted,Snacks & Namkeen,4,Rack 9
Swetha Telugu Chethi Chek,శ్వేత తెలుగు చేతి చెక్,श्वेता तेलुगु चेथी चेक,fried snack,Snacks & Namkeen,4,Rack 9
Anand Kachori,ఆనంద్ కచోరి,आनंद कचौरी,indian snack,Snacks & Namkeen,4,Rack 10
Anand Jalapeno Murukku Sticks,ఆనంద్ జలపెనో మురుక్కు స్టిక్స్,आनंद जलपीनो मुरुक्कू स्टिक्स,spicy muruku|muruku,Snacks & Namkeen,4,Rack 10
Anand Jackfruit Chips,ఆనంద్ పనస చిప్స్,आनंद कटहल चिप्स,snacks,Snacks & Namkeen,4,Rack 10
Anand Hyderabad Mixture,ఆనంద్ హైదరాబాద్ మిశ్రమం,आनंद हैदराबाद मिश्रण,snacks,Snacks & Namkeen,4,Rack 10
Anand Garlic Mixture,ఆనంద్ వెల్లుల్లి మిశ్రమం,आनंद लहसुन मिश्रण,lahsun|vellulli,Spices & Masalas,4,Rack 10
Anand Farali Chiwda Tikha,ఆనంద్ ఫరాలి చివ్డా టిఖా,आनंद फराली चिवड़ा तीखा,,Spices & Masalas,4,Rack 10
Anand Farali Chiwda Mitha,ఆనంద్ ఫరాలి చివ్డా మిథా,आनंद फराली चिवड़ा मीठा,,Spices & Masalas,4,Rack 10
Euro Garlic Chiwda,యూరో గార్లిక్ చివ్డా,यूरो गार्लिक चिवड़ा,lahsun|vellulli,Snacks & Namkeen,4,Rack 11
Euro Dal Moth,యూరో డాల్ చిమ్మట,यूरो दाल मोथ,,Dals & Pulses,4,Rack 11
Euro Dry Kachori,యూరో డ్రై కచోరి,यूरो ड्राई कचौरी,,Snacks & Namkeen,4,Rack 11
Euro Chana Dal,యూరో చనా దాల్,यूरो चना दाल,chickpeas|chickpea,Dals & Pulses,4,Rack 11
Euro Chana Jor Masala,యూరో చనా జోర్ మసాలా,यूरो चना जोर मसाला,,Spices & Masalas,4,Rack 11
Euro Aloo Sev,యూరో ఆలూ సేవ్,यूरो आलू सेव,,Snacks & Namkeen,4,Rack 11
Euro All In One,యూరో ఆల్ ఇన్ వన్,यूरो ऑल इन वन,,Rice,4,Rack 11
Amma's Kitchen Jackfruit Chips,అమ్మ వంటగది పనస చిప్స్,अम्माज़ किचन कटहल चिप्स,,Snacks & Namkeen,4,Rack 11
Amma's Kitchen Banana Chips Chili Masala,అమ్మ కిచెన్ బనానా చిప్స్ చిల్లీ మసాలా,अम्मा की रसोई केले के चिप्स मिर्च मसाला,,Snacks & Namkeen,4,Rack 11
Amma's Kitchen Achappam,అమ్మ వంటగది అచ్చప్పం,अम्माज़ किचन अचप्पम,,Snacks & Namkeen,4,Rack 11
Nutram All In One,న్యూట్రామ్ ఆల్ ఇన్ వన్,न्यूट्रम ऑल इन वन,,Other,4,Rack 13
Bikaji Kuch Kuch,బికాజీ కుచ్ కుచ్,बिकाजी कुछ कुछ,,Snacks & Namkeen,4,Rack 13
Raju Bhatia,రాజు భాటియా,राजू भाटिया,atta,Atta & Flours,4,Rack 13
Shalini,శాలిని,शालिनी,samosas|deep fried samosas,Snacks & Namkeen,4,Rack 13
Swetha Telugu Kara Boondi,శ్వేత తెలుగు కర బూంది,श्वेता तेलुगु कारा बूंदी,masala,Snacks & Namkeen,4,Rack 13
Sroy Pakoda,స్రోయ్ పకోడా,स्रोत पकोड़ा,,Snacks & Namkeen,4,Rack 14
B.K. Punjabi Mix,బి.కె. పంజాబీ మిక్స్,बी.के. पंजाबी मिक्स,samosas|punjabi samosas|deep fried samosas,Snacks & Namkeen,4,Rack 14
Deep,లోతైన,गहरा,sooji|rava|semolina|deep carom seeds flatbread,"Rava, Poha & Grains",4,Rack 14
Swetha Telugu Kapapusa,శ్వేత తెలుగు కపపుస,श्वेता तेलुगु कपपुसा,,Spices & Masalas,4,Rack 14
Swetha Telugu Madras Mixture,శ్వేత తెలుగు మద్రాస్ మిశ్రమం,श्वेता तेलुगु मद्रास मिश्रण,madras mix|spice mix|snacks,Snacks & Namkeen,4,Rack 15
Swetha Telugu Kerala Mixture,శ్వేత తెలుగు కేరళ మిశ్రమం,श्वेता तेलुगु केरल मिश्रण,snacks,Snacks & Namkeen,4,Rack 15
Swetha Telugu Karapusa,శ్వేత తెలుగు కరపుస,श्वेता तेलुगु करापुसा,garam masala,Spices & Masalas,4,Rack 15
Swetha Telugu Kara Boondi,శ్వేత తెలుగు కర బూంది,श्वेता तेलुगु कारा बूंदी,masala,Snacks & Namkeen,4,Rack 15
Anand Karpalandi Masala,ఆనంద్ కార్పలాండి మసాలా,आनंद करपालंदी मसाला,,Spices & Masalas,4,Rack 15
Anand Kabuli Chana,ఆనంద్ కాబులి చనా,आनंद काबुली चना,chickpeas|chickpea,Dals & Pulses,4,Rack 15
Anand Kachori,ఆనంద్ కచోరి,आनंद कचौरी,indian snack,Snacks & Namkeen,4,Rack 15
Anand Jackfruit Chips,ఆనంద్ పనస చిప్స్,आनंद कटहल चिप्स,snacks,Snacks & Namkeen,4,Rack 15
Anand Hyderabad Mixture,ఆనంద్ హైదరాబాద్ మిశ్రమం,आनंद हैदराबाद मिश्रण,snacks,Snacks & Namkeen,4,Rack 15
Anand Garlic Mixture,ఆనంద్ వెల్లుల్లి మిశ్రమం,आनंद लहसुन मिश्रण,lahsun|vellulli,Spices & Masalas,4,Rack 15
Anand Farsan Mart Farali Chiwda,ఆనంద్ ఫర్సన్ మార్ట్ ఫరాలీ చివ్డా,आनंद फरसाण मार्ट फराली चिवड़ा,,Snacks & Namkeen,4,Rack 15
Euro Masala Boondi,యూరో మసాలా బూందీ,यूरो मसाला बूंदी,,Spices & Masalas,4,Rack 16
Euro Methi Puri,యూరో మెథి పూరి,यूरो मेथी पुरी,,"Rava, Poha & Grains",4,Rack 16
Euro Garlic Chiwda,యూరో గార్లిక్ చివ్డా,यूरो गार्लिक चिवड़ा,lahsun|vellulli,Snacks & Namkeen,4,Rack 16
Euro Dal Moth,యూరో డాల్ చిమ్మట,यूरो दाल मोथ,,Dals & Pulses,4,Rack 16
Euro Dry Kachori,యూరో డ్రై కచోరి,यूरो ड्राई कचौरी,,Snacks & Namkeen,4,Rack 16
Euro Chana Dal,యూరో చనా దాల్,यूरो चना दाल,chickpeas|chickpea,Dals & Pulses,4,Rack 16
Euro Chana Jor Masala,యూరో చనా జోర్ మసాలా,यूरो चना जोर मसाला,,Spices & Masalas,4,Rack 16
Euro Aloo Sev,యూరో ఆలూ సేవ్,यूरो आलू सेव,,Snacks & Namkeen,4,Rack 16
Euro All In One,యూరో ఆల్ ఇన్ వన్,यूरो ऑल इन वन,,Rice,4,Rack 16
Ammas Kitchen Jackfruit Chips,అమ్మస్ కిచెన్ జాక్‌ఫ్రూట్ చిప్స్,अम्माज़ किचन कटहल चिप्स,,Snacks & Namkeen,4,Rack 16
Kurkure,కుర్కురే,कुरकुरे,,Snacks & Namkeen,4,Rack 17
Haldiram's Boondi Masala,హల్దీరామ్స్ బూందీ మసాలా,हल्दीराम का बूंदी मसाला,spices|spice,Spices & Masalas,4,Rack 1
Haldiram's Bhujia,హల్దీరామ్స్ భుజియా,हल्दीराम की भुजिया,snack|snacks,Snacks & Namkeen,4,Rack 1
Haldiram's Aloo Bhujia,హల్దీరామ్స్ ఆలూ భుజియా,हल्दीराम की आलू भुजिया,snacks|snack,Snacks & Namkeen,4,Rack 1
Haldiram's All In One,హల్దీరామ్స్ ఆల్ ఇన్ వన్,हल्दीराम का ऑल इन वन,,Ready to Eat & Instant,4,Rack 1
Kuch Kuch,కుచ్ కుచ్,कुछ कुछ,,Snacks & Namkeen,4,Rack 1
Mirch Masala Corn Chevda,మిర్చ్ మసాలా కార్న్ చెవ్డా,मिर्च मसाला कॉर्न चेवड़ा,spice,Snacks & Namkeen,4,Rack 2
Mirch Masala Channa Dal,మిర్చ్ మసాలా చనా దాల్,मिर्च मसाला चना दाल,split black gram,Dals & Pulses,4,Rack 2
Mirch Masala Dal Mixture,మిర్చ్ మసాలా పప్పు మిశ్రమం,मिर्च मसाला दाल मिश्रण,,Dals & Pulses,4,Rack 2
The Grand Sweets Seroy Pakoda,ది గ్రాండ్ స్వీట్స్ సెరోయ్ పకోడా,द ग्रैंड स्वीट्स सेरॉय पकोड़ा,samosas|deep fried samosas,Snacks & Namkeen,4,Rack 2
The Grand Sweets Cholam Ribbon,ది గ్రాండ్ స్వీట్స్ చోళం రిబ్బన్,द ग्रैंड स्वीट्स चोलम रिबन,,Dry Fruits & Nuts,4,Rack 2
Swetha Telugu Foods Sakinalu,శ్వేత తెలుగు ఫుడ్స్ సాకినాలు,श्वेता तेलुगु फूड्स सकीनालू,,Snacks & Namkeen,4,Rack 3
Swetha Telugu Foods Spicy Sakinalu,శ్వేత తెలుగు ఫుడ్స్ స్పైసీ సకినాలు,स्वेता तेलुगु फूड्स मसालेदार सकीनालू,,Snacks & Namkeen,4,Rack 3
Swetha Telugu Foods Sanna Karapus,శ్వేత తెలుగు ఫుడ్స్ సన్నా కరపుస్,स्वेता तेलुगु फूड्स सन्ना करापुस,,Snacks & Namkeen,4,Rack 3
Swetha Telugu Foods Poha Mixture,Swetha Telugu Foods Poha Mixture,स्वेता तेलुगु फूड्स पोहा मिश्रण,,Snacks & Namkeen,4,Rack 3
Swetha Telugu Foods Pappu Chekodis,శ్వేత తెలుగు ఫుడ్స్ పప్పు చెకోడీస్,स्वेता तेलुगु फूड्स पप्पू चेकोडिस,,Snacks & Namkeen,4,Rack 3
Anand Muruku Mini,ఆనంద్ మురుకు మినీ,आनंद मुरुकु मिनी,muruku|249 anand|mini,Snacks & Namkeen,4,Rack 4
Anand Bhakarwadi,ఆనంద్ భాకర్వాడి,आनंद भाकरवाड़ी,,Snacks & Namkeen,4,Rack 4
Anand Masala Chanadal,ఆనంద్ మసాలా చనాడల్,आनंद मसाला चनादल,garam masala,Spices & Masalas,4,Rack 4
Anand Masala Peanuts,ఆనంద్ మసాలా వేరుశెనగలు,आनंद मसाला मूंगफली,groundnuts,Snacks & Namkeen,4,Rack 4
Euro Karpalandi Masala,యూరో కార్పలాండి మసాలా,यूरो कार्पलैंडी मसाला,golgappas spice,Spices & Masalas,4,Rack 4
Anand Kachori,ఆనంద్ కచోరి,आनंद कचौरी,indian snack,Snacks & Namkeen,4,Rack 4
Euro Nylon Sev,యూరో నైలాన్ సెవ్,यूरो नायलॉन सेव,,Snacks & Namkeen,4,Rack 5
Euro Navratan Mixture,యూరో నవరతన్ మిశ్రమం,यूरो नवरतन मिश्रण,snack mix,Snacks & Namkeen,4,Rack 5
Euro Soya Sticks,యూరో సోయా స్టిక్స్,यूरो सोया स्टिक्स,,Dals & Pulses,4,Rack 5
Euro Madrasi Mix,యూరో మద్రాసీ మిక్స్,यूरो मद्रासी मिक्स,snack mix,Snacks & Namkeen,4,Rack 5
Euro Masala Boondi,యూరో మసాలా బూందీ,यूरो मसाला बूंदी,,Spices & Masalas,4,Rack 5
Euro Methi Puri,యూరో మెథి పూరి,यूरो मेथी पुरी,,"Rava, Poha & Grains",4,Rack 5
Euro Garlic Chivda,యూరో గార్లిక్ చివ్డా,यूरो गार्लिक चिवड़ा,lahsun|vellulli|chiwda,Snacks & Namkeen,4,Rack 5
Anand Dal Moth,ఆనంద్ దాల్ చిమ్మట,आनंद दल मोठ,,Snacks & Namkeen,4,Rack 5
Anand Dry Kachori,ఆనంద్ డ్రై కచోరి,आनंद ड्राई कचौरी,,Snacks & Namkeen,4,Rack 5
Raju Ratlami Sev,రాజు రత్లామి సేవ,राजू रतलामी सेव,,Snacks & Namkeen,4,Rack 1
Haldiram's Plain Bhujia,హల్దీరామ్ యొక్క మైదాన భుజియా,हल्दीराम की प्लेन भुजिया,snack|snacks,Snacks & Namkeen,4,Rack 1
Haldiram's Boondi Salted,హల్దీరామ్స్ బూందీ సాల్టెడ్,हल्दीराम की बूंदी नमकीन,,Snacks & Namkeen,4,Rack 1
Alo Bhu,అలో భు,आलो भू,,Snacks & Namkeen,4,Rack 1
Bombay Kitchen Bhel Mix,బాంబే కిచెన్ భేల్ మిక్స్,बॉम्बे किचन भेल मिक्स,bombay mixture,Snacks & Namkeen,4,Rack 2
Bikaji Sub-Kuch,బికాజీ సబ్-కుచ్,बिकाजी सब-कुछ,,Snacks & Namkeen,4,Rack 2
Mirchi Masala,మిర్చి మసాలా,मिर्ची मसाला,,Spices & Masalas,4,Rack 2
Mirchi Masala Corn Chevda,మిర్చి మసాలా కార్న్ చెవ్డా,मिर्ची मसाला कॉर्न चेवड़ा,spice,Snacks & Namkeen,4,Rack 2
Mirchi Masala Channa Dal,మిర్చి మసాలా చనా దాల్,मिर्ची मसाला चना दाल,split black gram|biryani|spice,Dals & Pulses,4,Rack 2
G. Pulla Reddy Karampusa,జి. పుల్లారెడ్డి కరంపుస,जी. पुल्ला रेड्डी करमपुसा,indian snack,Snacks & Namkeen,4,Rack 3
G. Pulla Reddy Janthikalu,జి. పుల్లారెడ్డి జంతికలు,जी. पुल्ला रेड्डी जंथिकालु,,Snacks & Namkeen,4,Rack 3
G. Pulla Reddy Butter Murukku,జి. పుల్లారెడ్డి బటర్ మురుక్కు,जी. पुल्ला रेड्डी बटर मुरुक्कू,,Snacks & Namkeen,4,Rack 3
Swetha Telugu Sakinalu,శ్వేత తెలుగు శకినాలు,श्वेता तेलुगु सकीनालू,murukku,Snacks & Namkeen,4,Rack 3
Swetha Telugu Spicy Sakinalu,శ్వేత తెలుగు స్పైసీ సాకినాలు,श्वेता तेलुगु स्पाइसी सकीनालू,murukku,Snacks & Namkeen,4,Rack 3
Swetha Telugu Sanna Karalu,శ్వేత తెలుగు సన్న కరలు,श्वेता तेलुगु सन्ना करालु,spicy|indian snack,Snacks & Namkeen,4,Rack 3
Anand Plantain Chips,ఆనంద్ అరటి చిప్స్,आनंद केले के चिप्स,anand potato chips|snacks,Snacks & Namkeen,4,Rack 4
Anand Special Palak Muruku,ఆనంద్ స్పెషల్ పాలక్ మురుకు,आनंद स्पेशल पालक मुरुक्कू,spicy muruku|murukku,Snacks & Namkeen,4,Rack 4
Euro Ratlami Sev,యూరో రత్లామి సెవ్,यूरो रतलामी सेव,spicy,Snacks & Namkeen,4,Rack 5
Euro Navratan Mix,యూరో నవరతన్ మిక్స్,यूरो नवरतन मिक्स,rava|snack mix|spice mix,Ready to Eat & Instant,4,Rack 5
Euro Malai Soya Sev,యూరో మలై సోయా సేవ్,यूरो मलाई सोया सेव,crunchy sev,Snacks & Namkeen,4,Rack 5
Dry Fruit Panchratan,డ్రై ఫ్రూట్ పంచరతన్,शुष्क मेवे पंचरतन,,Dry Fruits & Nuts,4,Rack 14
Mirch Masala Chana Dal,మిర్చ్ మసాలా చనా దాల్,मिर्च मसाला चना दाल,split black gram,Dals & Pulses,4,Rack 14
Mirch Masala Boondi,మిర్చ్ మసాలా బూందీ,मिर्च मसाला बूंदी,,Snacks & Namkeen,4,Rack 14
Seroy Pakoda,సెరోయ్ పకోడా,सेरॉय पकोड़ा,,Snacks & Namkeen,4,Rack 14
Swetha Telugu Spicy Sakinalu,శ్వేత తెలుగు స్పైసీ సాకినాలు,श्वेता तेलुगु स्पाइसी सकीनालू,murukku,Snacks & Namkeen,4,Rack 15
Anand Bhakarwadi,ఆనంద్ భాకర్వాడి,आनंद भाकरवाड़ी,,Snacks & Namkeen,4,Rack 16
Anand Masala Chanadal,ఆనంద్ మసాలా చనాడల్,आनंद मसाला चनादल,garam masala,Spices & Masalas,4,Rack 16
Anand Masala Peanuts,ఆనంద్ మసాలా వేరుశెనగలు,आनंद मसाला मूंगफली,groundnuts,Snacks & Namkeen,4,Rack 16
Euro Kerala Mixture,యూరో కేరళ మిశ్రమం,यूरो केरल मिश्रण,snacks|masala|spice|indian spices,Snacks & Namkeen,4,Rack 16
Anand Kappalandi Masala,ఆనంద్ కప్పలాండి మసాలా,आनंद कप्पलांडी मसाला,,Spices & Masalas,4,Rack 16
Anand Kabuli Chana,ఆనంద్ కాబులి చనా,आनंद काबुली चना,chickpeas|chickpea,Dals & Pulses,4,Rack 16
Anand Kachori,ఆనంద్ కచోరి,आनंद कचौरी,indian snack,Snacks & Namkeen,4,Rack 16
Anand Jalapeno Murukku Stick,ఆనంద్ జలపెనో మురుక్కు స్టిక్,आनंद जलपेनो मुरुक्कू स्टिक,spicy muruku|muruku,Snacks & Namkeen,4,Rack 16
Anand Jackfruit,ఆనంద్ పనసపండు,आनंद कटहल,,Dry Fruits & Nuts,4,Rack 16
Euro La Soya Sticks,యూరో లా సోయా స్టిక్స్,यूरो ला सोया स्टिक्स,,Oils & Ghee,4,Rack 17
Euro Madrasi Mix,యూరో మద్రాసీ మిక్స్,यूरो मद्रासी मिक्स,snack mix,Snacks & Namkeen,4,Rack 17
Euro Masala Boondi,యూరో మసాలా బూందీ,यूरो मसाला बूंदी,,Spices & Masalas,4,Rack 17
Euro Methi Puri,యూరో మెథి పూరి,यूरो मेथी पुरी,,"Rava, Poha & Grains",4,Rack 17
Euro Garlic Chiwda,యూరో గార్లిక్ చివ్డా,यूरो गार्लिक चिवड़ा,lahsun|vellulli,Snacks & Namkeen,4,Rack 17
Euro Dal Moth,యూరో డాల్ చిమ్మట,यूरो दाल मोथ,,Dals & Pulses,4,Rack 17
Euro Dry Kachori,యూరో డ్రై కచోరి,यूरो ड्राई कचौरी,,Snacks & Namkeen,4,Rack 17
Euro Chana Dal,యూరో చనా దాల్,यूरो चना दाल,chickpeas|chickpea,Dals & Pulses,4,Rack 17
Haldiram's Bhujia,హల్దీరామ్స్ భుజియా,हल्दीराम की भुजिया,snack|snacks,Snacks & Namkeen,4,Rack 12
Haldiram's Aloo Bhujia,హల్దీరామ్స్ ఆలూ భుజియా,हल्दीराम की आलू भुजिया,snacks|snack,Snacks & Namkeen,4,Rack 12
Haldiram's All In One,హల్దీరామ్స్ ఆల్ ఇన్ వన్,हल्दीराम का ऑल इन वन,,Ready to Eat & Instant,4,Rack 12
Haldiram's Kuch-Kuch,హల్దీరామ్ యొక్క కుచ్-కుచ్,हल्दीराम की कुछ-कुछ,,Sweets & Mithai,4,Rack 12
Raju Bhatha Kani,రాజు భాత కని,राजू भाथा कानी,atta|flatbread,Atta & Flours,4,Rack 12
Mirch Masala Corn Chedda,మిర్చ్ మసాలా కార్న్ చెద్దా,मिर्च मसाला कॉर्न चेड्डा,,Snacks & Namkeen,4,Rack 13
Mirch Masala Chana Dal,మిర్చ్ మసాలా చనా దాల్,मिर्च मसाला चना दाल,split black gram,Dals & Pulses,4,Rack 13
Mirch Masala Boondi,మిర్చ్ మసాలా బూందీ,मिर्च मसाला बूंदी,,Snacks & Namkeen,4,Rack 13
Seroy Pakoda,సెరోయ్ పకోడా,सेरॉय पकोड़ा,,Snacks & Namkeen,4,Rack 13
Chennai Special Cholam Ribon,చెన్నై స్పెషల్ చోళం రిబ్బన్,चेन्नई स्पेशल चोलम रिबन,,Rice,4,Rack 13
B.K. Punjabi Mix,బి.కె. పంజాబీ మిక్స్,बी.के. पंजाबी मिक्स,samosas|punjabi samosas|deep fried samosas,Snacks & Namkeen,4,Rack 13
Swetha Telugu Sakinalu,శ్వేత తెలుగు శకినాలు,श्वेता तेलुगु सकीनालू,murukku,Snacks & Namkeen,4,Rack 14
Swetha Telugu Spicy Sakinalu,శ్వేత తెలుగు స్పైసీ సాకినాలు,श्वेता तेलुगु स्पाइसी सकीनालू,murukku,Snacks & Namkeen,4,Rack 14
Swetha Telugu Sanna Karapusa,శ్వేత తెలుగు సన్న కరపుస,श्वेता तेलुगु सन्ना करापुसा,,Snacks & Namkeen,4,Rack 14
Swetha Telugu Poha Mixture,శ్వేత తెలుగు పోహా మిశ్రమం,श्वेता तेलुगु पोहा मिश्रण,murukku,Snacks & Namkeen,4,Rack 14
Swetha Telugu Pappu Chekodi,శ్వేత తెలుగు పప్పు చెకోడి,श्वेता तेलुगु पप्पू चेकोडी,murukku,Snacks & Namkeen,4,Rack 14
Swetha Telugu Mullu Murukulu,శ్వేత తెలుగు ముల్లు మురుకులు,श्वेता तेलुगु मुल्लू मुरुकुलु,murukku|spicy muruku|muruku,Snacks & Namkeen,4,Rack 14
Muruku Rice Snacks,మురుకు రైస్ స్నాక్స్,मुरुकु चावल के स्नैक्स,biyyam|chawal|indian rice,Rice,4,Rack 15
Anand Bhakarwadi,ఆనంద్ భాకర్వాడి,आनंद भाकरवाड़ी,,Snacks & Namkeen,4,Rack 15
Anand Jalapene Muruku,ఆనంద్ జలపెనె మురుకు,आनंद जलापेन मुरुक्कू,spicy muruku,Snacks & Namkeen,4,Rack 15
Navratan Mix,నవరతన్ మిక్స్,नवरतन मिक्स,snack mix|spice mix,Spices & Masalas,4,Rack 16
La Soya Sticks,లా సోయా స్టిక్స్,ला सोया स्टिक्स,,Snacks & Namkeen,4,Rack 16
Madrasi Mix,మద్రాసీ మిక్స్,मद्रासी मिक्स,snacks|spice mix|mixture|snack mix,Snacks & Namkeen,4,Rack 16
Euro Garlic Chivda,యూరో గార్లిక్ చివ్డా,यूरो गार्लिक चिवड़ा,lahsun|vellulli|chiwda,Snacks & Namkeen,4,Rack 16
Euro Chana,యూరో చానా,यूरो चाना,chickpea|chickpeas,Dals & Pulses,4,Rack 16
Kurkure Masala Munch,కుర్కురే మసాలా మంచ్,कुरकुरे मसाला मंच,,Snacks & Namkeen,4,Rack 17
Kurkure Green Chutney,కుర్కురే గ్రీన్ చట్నీ,कुरकुरे हरी चटनी,,Pickles & Chutneys,4,Rack 17
G. Pulla Reddy Masala,జి. పుల్లారెడ్డి మసాలా,जी. पुल्ला रेड्डी मसाला,spice,Spices & Masalas,4,Rack 2
Mirch Masala Chana Dal,మిర్చ్ మసాలా చనా దాల్,मिर्च मसाला चना दाल,split black gram,Dals & Pulses,4,Rack 2
Seroy Pak,సెరోయ్ పాక్,सेरॉय पाक,indian spice mix,Pickles & Chutneys,4,Rack 2
Swetha Telugu Sanna Karapupusa,శ్వేత తెలుగు సన్న కరపుపూస,स्वेता तेलुगु सन्ना करापुपुसा,,Pickles & Chutneys,4,Rack 3
Swetha Telugu Poha Mixture,శ్వేత తెలుగు పోహా మిశ్రమం,श्वेता तेलुगु पोहा मिश्रण,murukku,Snacks & Namkeen,4,Rack 3
Anand Spicy Murukku,ఆనంద్ స్పైసీ మురుక్కు,आनंद स्पाइसी मुरुक्कू,spicy muruku|anand muruku,Snacks & Namkeen,4,Rack 4
Anand Muruku,ఆనంద్ మురుకు,आनंद मुरुक्कू,murukku,Snacks & Namkeen,4,Rack 4
Euro Kerala Mixture,యూరో కేరళ మిశ్రమం,यूरो केरल मिश्रण,snacks|masala|spice|indian spices,Snacks & Namkeen,4,Rack 4
Anand Kappalandi Masala,ఆనంద్ కప్పలాండి మసాలా,आनंद कप्पलांडी मसाला,,Spices & Masalas,4,Rack 4
Anand Navratan Mixt,ఆనంద్ నవరతన్ మిక్స్ట్,आनंद नवरतन मिक्स्ट,snack mix,Snacks & Namkeen,4,Rack 5
Anand La Soya St,ఆనంద్ లా సోయా వీధి,आनंद ला सोया स्ट्रीट,,Oils & Ghee,4,Rack 5
Anand Adrasi Mix,ఆనంద్ అద్రాసి మిక్స్,आनंद आद्रासी मिक्स,spice mix,Spices & Masalas,4,Rack 5
Haldiram's All In One,హల్దీరామ్స్ ఆల్ ఇన్ వన్,हल्दीराम का ऑल इन वन,,Ready to Eat & Instant,4,Rack 19
Raju Bhatha Kani,రాజు భాత కని,राजू भाथा कानी,atta|flatbread,Atta & Flours,4,Rack 19
Haldiram's Bhujia,హల్దీరామ్స్ భుజియా,हल्दीराम की भुजिया,snack|snacks,Snacks & Namkeen,4,Rack 19
G. Pulla Reddy Murukku,జి. పుల్లారెడ్డి మురుక్కు,जी. पुल्ला रेड्डी मुरुक्कू,,Snacks & Namkeen,4,Rack 20
Swetha Telugu Foods Sanna Karapusa,శ్వేత తెలుగు ఫుడ్స్ సన్న కరపుసా,स्वेता तेलुगु फूड्स सन्ना करापुसा,rice|south indian,Ready to Eat & Instant,4,Rack 20
Karison Toasted Corn,కారిసన్ టోస్ట్ చేసిన మొక్కజొన్న,कारिसन टोस्टेड कॉर्न,,Dry Fruits & Nuts,4,Rack 20
Bikaji Sub-kuch,బికాజీ సుబ్-కుచ్,बिकाजी सब-कुछ,,Snacks & Namkeen,4,Rack 20
Bombay Kitchen Punjab Mix,బాంబే కిచెన్ పంజాబ్ మిక్స్,बॉम्बे किचन पंजाब मिक्स,bombay mixture,Snacks & Namkeen,4,Rack 20
G. Pulla Reddy Ribbon Pakodi,జి. పుల్లారెడ్డి రిబ్బన్ పకోడి,जी. पुल्ला रेड्डी रिबन पकोडी,indian snack,Snacks & Namkeen,4,Rack 21
G. Pulla Reddy Navratna Mixture,జి. పుల్లా రెడ్డి నవరత్నాల మిశ్రమం,जी पुल्ला रेड्डी नवरत्न मिश्रण,masala|spice,Snacks & Namkeen,4,Rack 21
G. Pulla Reddy Arampusa,జి. పుల్లారెడ్డి ఆరంపుస,जी. पुल्ला रेड्डी अरम्पूसा,indian snack,Snacks & Namkeen,4,Rack 21
G. Pulla Reddy Anthikalu,జి. పుల్లారెడ్డి అంతికలు,जी. पुल्ला रेड्डी एंथिकालू,murukku,Snacks & Namkeen,4,Rack 21
G. Pulla Reddy Murukku,జి. పుల్లారెడ్డి మురుక్కు,जी. पुल्ला रेड्डी मुरुक्कू,,Snacks & Namkeen,4,Rack 21
Anand Special Cornflakes Mixture,ఆనంద్ స్పెషల్ కార్న్‌ఫ్లేక్స్ మిశ్రమం,आनंद स्पेशल कॉर्नफ्लेक्स मिश्रण,corn|indian snacks,Snacks & Namkeen,4,Rack 22
Anand Sev Thin,ఆనంద్ సేవ్ థిన్,आनंद सेव थिन,,Snacks & Namkeen,4,Rack 22
Anand Rice Murukku,ఆనంద్ రైస్ మురుక్కు,आनंद राइस मुरुक्कू,biyyam|chawal|indian rice,Snacks & Namkeen,4,Rack 22
Anand Plantain Chips,ఆనంద్ అరటి చిప్స్,आनंद केले के चिप्स,anand potato chips|snacks,Snacks & Namkeen,4,Rack 22
Anand Special Plain Murukku,ఆనంద్ స్పెషల్ ప్లెయిన్ మురుక్కు,आनंद स्पेशल प्लेन मुरुक्कू,muruku|snack,Snacks & Namkeen,4,Rack 22
Euro Bhel Sev,యూరో భెల్ సేవ్,यूरो भेल सेव,indian,Snacks & Namkeen,4,Rack 23
Euro 3 in One Puri,యూరో 3 ఇన్ వన్ పూరి,एक पूरी में 3 यूरो,,Snacks & Namkeen,4,Rack 23
Euro Usal Sev,యూరో ఉసల్ సెవ్,यूरो उसल सेव,,Snacks & Namkeen,4,Rack 23
Euro Rajasthani Mixture,యూరో రాజస్థానీ మిశ్రమం,यूरो राजस्थानी मिश्रण,snacks,Snacks & Namkeen,4,Rack 23
Euro Navratan Mixt,యూరో నవరతన్ మిక్స్ట్,यूरो नवरतन मिक्स्ट,snack mix,Snacks & Namkeen,4,Rack 23
Euro Aloo Sev,యూరో ఆలూ సేవ్,यूरो आलू सेव,,Snacks & Namkeen,4,Rack 1
Bikaji Aloo Bhujia Tana-Tan,బికాజీ ఆలూ భుజియా తానా-తాన్,बिकाजी आलू भुजिया ताना-तान,snacks|snack,Snacks & Namkeen,4,Rack 1
Raju Namkeen Bhatha Kani,రాజు నమ్కీన్ భాతా కని,राजू नमकीन भाथा कानी,spicy,Snacks & Namkeen,4,Rack 1
Jabsons Sabudana Mix,జాబ్సన్స్ సబుదానా మిక్స్,जैब्सन्स साबूदाना मिक्स,rava,Ready to Eat & Instant,4,Rack 2
Ammas Kitchen Banana Chips Chili Masala,అమ్మాస్ కిచెన్ బనానా చిప్స్ చిల్లీ మసాలా,अम्मा की रसोई केले के चिप्स मिर्च मसाला,,Snacks & Namkeen,4,Rack 2
Sweet Karam Coffee Ribbon Pakoda,స్వీట్ కరమ్ కాఫీ రిబ్బన్ పకోడా,मीठा करम कॉफी रिबन पकोड़ा,,Snacks & Namkeen,4,Rack 2
G. Pulla Reddy Butter Murukku,జి. పుల్లారెడ్డి బటర్ మురుక్కు,जी. पुल्ला रेड्डी बटर मुरुक्कू,,Snacks & Namkeen,4,Rack 2
Swetha Telugu Foods Sanna Karapu,శ్వేత తెలుగు ఫుడ్స్ సన్న కారపు,स्वेता तेलुगु फूड्स सन्ना करापु,,Snacks & Namkeen,4,Rack 2
Karisons Roasted Corn,కారిసన్స్ రోస్టెడ్ కార్న్,कैरिसन्स रोस्टेड कॉर्न,,Snacks & Namkeen,4,Rack 2
Haldiram's Aloo Bhujia,హల్దీరామ్స్ ఆలూ భుజియా,हल्दीराम की आलू भुजिया,snacks|snack,Snacks & Namkeen,4,Rack 3
Haldiram's All In One,హల్దీరామ్స్ ఆల్ ఇన్ వన్,हल्दीराम का ऑल इन वन,,Ready to Eat & Instant,4,Rack 3
G. Pulla Reddy Telangana Spicy Mixture,జి. పుల్లారెడ్డి తెలంగాణ స్పైసీ మిక్చర్,जी. पुल्ला रेड्डी तेलंगाना स्पाइसी मिक्सचर,,Spices & Masalas,4,Rack 3
G. Pulla Reddy Ribbon Pakodi,జి. పుల్లారెడ్డి రిబ్బన్ పకోడి,जी. पुल्ला रेड्डी रिबन पकोडी,indian snack,Snacks & Namkeen,4,Rack 3
G. Pulla Reddy Chekkalu,జి. పుల్లారెడ్డి చెక్కలు,जी. पुल्ला रेड्डी चेक्कलू,spicy,Snacks & Namkeen,4,Rack 3
G. Pulla Reddy Navratna Mixture,జి. పుల్లా రెడ్డి నవరత్నాల మిశ్రమం,जी पुल्ला रेड्डी नवरत्न मिश्रण,masala|spice,Snacks & Namkeen,4,Rack 3
G. Pulla Reddy Masala Mixture,జి. పుల్లారెడ్డి మసాలా మిశ్రమం,जी. पुल्ला रेड्डी मसाला मिश्रण,,Spices & Masalas,4,Rack 3
Anand Tapioca Sticks Spicy,ఆనంద్ టాపియోకా స్టిక్స్ స్పైసీ,आनंद टैपिओका स्टिक्स स्पाइसी,hot,Snacks & Namkeen,4,Rack 4
Anand Tamilnadu Mixture Snack Mix,ఆనంద్ తమిళనాడు మిక్చర్ స్నాక్ మిక్స్,आनंद तमिलनाडु मिक्सचर स्नैक मिक्स,,Snacks & Namkeen,4,Rack 4
Anand Spicy Mullu Murukku,ఆనంద్ స్పైసీ ముల్లు మురుక్కు,आनंद स्पाइसी मुल्लू मुरुक्कू,spicy muruku|anand muruku,Snacks & Namkeen,4,Rack 4
Anand Cornflakes Mixture,ఆనంద్ కార్న్‌ఫ్లేక్స్ మిశ్రమం,आनंद कॉर्नफ्लेक्स मिश्रण,,Snacks & Namkeen,4,Rack 4
Anand Sev Thin,ఆనంద్ సేవ్ థిన్,आनंद सेव थिन,,Snacks & Namkeen,4,Rack 4
Anand Rice Murukku,ఆనంద్ రైస్ మురుక్కు,आनंद राइस मुरुक्कू,biyyam|chawal|indian rice,Snacks & Namkeen,4,Rack 4
Anand Ribbon Pakoda,ఆనంద్ రిబ్బన్ పకోడా,आनंद रिबन पकोड़ा,,Snacks & Namkeen,4,Rack 4
Anand Magi Crunchy Finger,ఆనంద్ మాగీ క్రంచీ ఫింగర్,आनंद मैगी क्रंची फिंगर,,Snacks & Namkeen,4,Rack 4
Garvi Gujarat Bhel Mix,గర్వి గుజరాత్ భేల్ మిక్స్,गरवी गुजरात भेल मिक्स,snacks|mixture,Snacks & Namkeen,4,Rack 5
Garvi Gujarat Bhel Sev,గర్వి గుజరాత్ భేల్ సేవ్,गरवी गुजरात भेल सेव,,Snacks & Namkeen,4,Rack 5
Garvi Gujarat 3 in One Puri,గర్వి గుజరాత్ 3 ఇన్ వన్ పూరి,गरवी गुजरात 3 इन वन पुरी,,Snacks & Namkeen,4,Rack 5
Euro Usal Sev,యూరో ఉసల్ సెవ్,यूरो उसल सेव,,Snacks & Namkeen,4,Rack 5
Euro Tasty Peanuts,యూరో టేస్టీ పీనట్స్,यूरो टेस्टी मूंगफली,groundnuts,Dry Fruits & Nuts,4,Rack 5
Euro Shahi Mixture,యూరో షాహి మిశ్రమం,यूरो शाही मिश्रण,,Snacks & Namkeen,4,Rack 5
Garvi Gujarat 3 in One Puri,గర్వి గుజరాత్ 3 ఇన్ వన్ పూరి,गरवी गुजरात 3 इन वन पुरी,,Snacks & Namkeen,4,Rack 25
Garvi Gujarat Raw Banana Wafers,గర్వి గుజరాత్ పచ్చి అరటిపండు వేఫర్లు,गरवी गुजरात रॉ बनाना वेफर्स,chips|snacks,Snacks & Namkeen,4,Rack 25
Euro Aloo Sev,యూరో ఆలూ సేవ్,यूरो आलू सेव,,Snacks & Namkeen,4,Rack 25
Bikaji Tana-Tan,బికాజీ తానా-తాన్,बिकाजी ताना-तान,chickpea,Snacks & Namkeen,4,Rack 25
Swetha Telugu Oha Mixture,శ్వేత తెలుగు ఓహా మిశ్రమం,श्वेता तेलुगु ओहा मिश्रण,snacks,Snacks & Namkeen,4,Rack 26
Jabsons Soya Sticks Tangy Tomato,జాబ్సన్స్ సోయా స్టిక్స్ టాంగీ టొమాటో,जैब्सन्स सोया स्टिक्स टैंगी टोमैटो,,Snacks & Namkeen,4,Rack 26
Jabsons Soya Sticks Magic Masala,జాబ్సన్స్ సోయా స్టిక్స్ మ్యాజిక్ మసాలా,जैब्सन्स सोया स्टिक्स मैजिक मसाला,,Snacks & Namkeen,4,Rack 26
Jabsons Falahari Mixture,జాబ్సన్స్ ఫలహారి మిశ్రమం,जैब्सन फलाहारी मिश्रण,,Snacks & Namkeen,4,Rack 26
Jabsons Sabudana Mix,జాబ్సన్స్ సబుదానా మిక్స్,जैब्सन्स साबूदाना मिक्स,rava,Ready to Eat & Instant,4,Rack 26
Jabsons Banana Chips,జాబ్సన్స్ బనానా చిప్స్,जैब्सन्स बनाना चिप्स,snacks,Snacks & Namkeen,4,Rack 26
Sweet Karam Coffee Ribbon Pakoda,స్వీట్ కరమ్ కాఫీ రిబ్బన్ పకోడా,मीठा करम कॉफी रिबन पकोड़ा,,Snacks & Namkeen,4,Rack 26
Haldiram's Aloo Bhujia,హల్దీరామ్స్ ఆలూ భుజియా,हल्दीराम की आलू भुजिया,snacks|snack,Snacks & Namkeen,4,Rack 27
Haldiram's Boondi Salted,హల్దీరామ్స్ బూందీ సాల్టెడ్,हल्दीराम की बूंदी नमकीन,,Snacks & Namkeen,4,Rack 27
Haldiram's Bombay Mix,హల్దీరామ్స్ బాంబే మిక్స్,हल्दीराम का बॉम्बे मिक्स,bombay mixture|snacks,Snacks & Namkeen,4,Rack 27
Haldiram's All In One,హల్దీరామ్స్ ఆల్ ఇన్ వన్,हल्दीराम का ऑल इन वन,,Ready to Eat & Instant,4,Rack 27
Pulla Reddy Telangana Mixture,పుల్లారెడ్డి తెలంగాణ మిశ్రమం,पुल्ला रेड्डी तेलंगाना मिश्रण,snacks,Snacks & Namkeen,4,Rack 27
Raju Chana Dal,రాజు చనా దాల్,राजू चना दाल,split black gram,Dals & Pulses,4,Rack 28
Raju Flakes Chiwda,రాజు ఫ్లేక్స్ చివ్డా,राजू फ्लेक्स चिवड़ा,,Snacks & Namkeen,4,Rack 28
Laxminarayan Chiwda,లక్ష్మీనారాయణ్ చివడ,लक्ष्मीनारायण चिवड़ा,,Snacks & Namkeen,4,Rack 28
Anand Tapioca Sticks Spicy,ఆనంద్ టాపియోకా స్టిక్స్ స్పైసీ,आनंद टैपिओका स्टिक्स स्पाइसी,hot,Snacks & Namkeen,4,Rack 28
Anand Tamilnadu Mixture,ఆనంద్ తమిళనాడు మిశ్రమం,आनंद तमिलनाडु मिश्रण,,Snacks & Namkeen,4,Rack 28
Anand Spicy Mullu Murukku,ఆనంద్ స్పైసీ ముల్లు మురుక్కు,आनंद स्पाइसी मुल्लू मुरुक्कू,spicy muruku|anand muruku,Snacks & Namkeen,4,Rack 28
Anand Selthin,ఆనంద్ సెల్తిన్,आनंद सेल्थिन,,Biscuits & Bakery,4,Rack 28
Garvi Gujarat Dry Kathori,గర్వి గుజరాత్ డ్రై కఠోరి,गरवी गुजरात ड्राई कथोरी,,Snacks & Namkeen,4,Rack 29
Garvi Gujarat Chana Jor Garam,గర్వి గుజరాత్ చనా జోర్ గరం,गरवी गुजरात चना जोर गरम,chickpeas|indian snack,Snacks & Namkeen,4,Rack 29
Garvi Gujarat Bhakarwadi,గర్వి గుజరాత్ భాకర్వాడి,गरवी गुजरात भाकरवाड़ी,gujarati sweets|indian,Snacks & Namkeen,4,Rack 29
Garvi Gujarat Bhel Mix,గర్వి గుజరాత్ భేల్ మిక్స్,गरवी गुजरात भेल मिक्स,snacks|mixture,Snacks & Namkeen,4,Rack 29
Anand Bhel Sev,ఆనంద్ భెల్ సేవ్,आनंद भेल सेव,indian,Snacks & Namkeen,4,Rack 29
Garvi Gujarat 3 in One Puri,గర్వి గుజరాత్ 3 ఇన్ వన్ పూరి,गरवी गुजरात 3 इन वन पुरी,,Snacks & Namkeen,4,Rack 29
Raju Namkeen Khatta Meetha,రాజు నమ్కీన్ ఖట్టా మీఠా,राजू नमकीन खट्टा मीठा,chickpeas,Snacks & Namkeen,4,Rack 1
Chitale Bandhu Special Chivda,చిటాలే బంధు స్పెషల్ చివ్డా,चिताले बंधु स्पेशल चिवड़ा,indian snack,Snacks & Namkeen,4,Rack 1
Garvi Gujarat 3 in One Puri,గర్వి గుజరాత్ 3 ఇన్ వన్ పూరి,गरवी गुजरात 3 इन वन पुरी,,Snacks & Namkeen,4,Rack 1
Euro Madrasi Mix,యూరో మద్రాసీ మిక్స్,यूरो मद्रासी मिक्स,snack mix,Snacks & Namkeen,4,Rack 2
Raju Namkeen Garlic Chivda,రాజు నమ్‌కీన్ గార్లిక్ చివ్డా,राजू नमकीन लहसुन चिवड़ा,lahsun|vellulli,Snacks & Namkeen,4,Rack 2
Garvi Gujarat Dry Samosa,గర్వి గుజరాత్ డ్రై సమోసా,गरवी गुजरात ड्राई समोसा,,Snacks & Namkeen,4,Rack 2
Telugu Poha Mixture,తెలుగు పోహా మిశ్రమం,तेलुगु पोहा मिश्रण,,Snacks & Namkeen,4,Rack 2
Jabsons Soya Sticks Tangy Tomato,జాబ్సన్స్ సోయా స్టిక్స్ టాంగీ టొమాటో,जैब्सन्स सोया स्टिक्स टैंगी टोमैटो,,Snacks & Namkeen,4,Rack 2
Jabsons Soya Sticks Magic Masala,జాబ్సన్స్ సోయా స్టిక్స్ మ్యాజిక్ మసాలా,जैब्सन्स सोया स्टिक्स मैजिक मसाला,,Snacks & Namkeen,4,Rack 2
Laxminarayan Falahar Mixture,లక్ష్మీనారాయణ్ ఫలహార్ మిశ్రమం,लक्ष्मीनारायण फलाहार मिश्रण,,Snacks & Namkeen,4,Rack 2
Haldiram's Navrattan,హల్దీరామ్ నవరత్న,हल्दीराम का नवरतन,,Snacks & Namkeen,4,Rack 3
Haldiram's Punjabi Tadka,హల్దీరామ్ పంజాబీ తడ్కా,हल्दीराम का पंजाबी तड़का,samosas|punjabi samosas,Snacks & Namkeen,4,Rack 3
Haldiram's Bhujia,హల్దీరామ్స్ భుజియా,हल्दीराम की भुजिया,snack|snacks,Snacks & Namkeen,4,Rack 3
Haldiram's Boondi Salted,హల్దీరామ్స్ బూందీ సాల్టెడ్,हल्दीराम की बूंदी नमकीन,,Snacks & Namkeen,4,Rack 3
Haldiram's Bombay Mix,హల్దీరామ్స్ బాంబే మిక్స్,हल्दीराम का बॉम्बे मिक्स,bombay mixture|snacks,Snacks & Namkeen,4,Rack 3
Haldiram's Limbu Mari,హల్దీరామ్ లింబు మారి,हलदिराम की लिंबू मारी,,Snacks & Namkeen,4,Rack 4
Haldiram's Abu Mari Sev,హల్దీరామ్ యొక్క అబు మారి సెవ్,हल्दिराम का अबू मारी सेव,,Snacks & Namkeen,4,Rack 4
Raju Namkeen Chana Dal,రాజు నమ్కీన్ చనా దాల్,राजू नमकीन चना दाल,,Snacks & Namkeen,4,Rack 4
Haldiram's All In One,హల్దీరామ్స్ ఆల్ ఇన్ వన్,हल्दीराम का ऑल इन वन,,Ready to Eat & Instant,4,Rack 4
Haldiram's Om Podi,హల్దీరామ్ యొక్క ఓం పోడి,हल्दिराम की ओम पोडी,dosa podi|brahmins dosa powder|brahmins puttu powder,Spices & Masalas,4,Rack 4
Laxminarayan Shabu Flakes Chivda,లక్ష్మీనారాయణ్ షాబు ఫ్లేక్స్ చివ్డా,लक्ष्मीनारायण शाबू फ्लेक्स चिवड़ा,chiwda,Snacks & Namkeen,4,Rack 4
Garvi Gujarat Gujarati Chakri,గర్వి గుజరాత్ గుజరాతీ చక్రి,गरवी गुजरात गुजराती चक्री,gujarati sweets|fried snack,Snacks & Namkeen,4,Rack 5
Garvi Gujarat Dry Samosa,గర్వి గుజరాత్ డ్రై సమోసా,गरवी गुजरात ड्राई समोसा,,Snacks & Namkeen,4,Rack 5
Garvi Gujarat Dry Kachori,గర్వి గుజరాత్ డ్రై కచోరి,गरवी गुजरात ड्राई कचौरी,,Snacks & Namkeen,4,Rack 5
Garvi Gujarat Chana Jor Garam,గర్వి గుజరాత్ చనా జోర్ గరం,गरवी गुजरात चना जोर गरम,chickpeas|indian snack,Snacks & Namkeen,4,Rack 5
Garvi Gujarat Bhakarwadi,గర్వి గుజరాత్ భాకర్వాడి,गरवी गुजरात भाकरवाड़ी,gujarati sweets|indian,Snacks & Namkeen,4,Rack 5
Raju Bhatha Kani,రాజు భాత కని,राजू भाथा कानी,atta|flatbread,Atta & Flours,4,Rack 31
Raju Bhatha,రాజు భాత,राजू भाथा,flatbread,Biscuits & Bakery,4,Rack 31
Haldiram's Boondi Salt,హల్దీరామ్స్ బూందీ సాల్ట్,हल्दीराम का बूंदी नमक,seasoning salt,Pickles & Chutneys,4,Rack 31
Chitale Ratlami Mixture,చిటాలే రత్లామి మిశ్రమం,चिताले रतलामी मिश्रण,snack mix,Snacks & Namkeen,4,Rack 31
Chitale Bakarwadi,చిటాలే బకర్వాడి,चिताले बकरवाड़ी,mumbai street food|pearl millet biscuit,Snacks & Namkeen,4,Rack 32
Chitale Chana Chor Samosa,చిటాలే చనా చోర్ సమోసా,चिताले चना चोर समोसा,chickpeas|indian snack,Snacks & Namkeen,4,Rack 32
Chitale Chakli,చిటాలే చక్లి,चिताले चकली,fried snack,Snacks & Namkeen,4,Rack 32
Euro Madrasi Mix,యూరో మద్రాసీ మిక్స్,यूरो मद्रासी मिक्स,snack mix,Snacks & Namkeen,4,Rack 32
Euro Garlic Chivda,యూరో గార్లిక్ చివ్డా,यूरो गार्लिक चिवड़ा,lahsun|vellulli|chiwda,Snacks & Namkeen,4,Rack 32
Garvi Gujarat Dry Samosa,గర్వి గుజరాత్ డ్రై సమోసా,गरवी गुजरात ड्राई समोसा,,Snacks & Namkeen,4,Rack 32
Poha Atukula,పోహా అటుకుల,पोहा अटुकुला,snack,"Rava, Poha & Grains",4,Rack 32
Euro Navratan Mixture,యూరో నవరతన్ మిశ్రమం,यूरो नवरतन मिश्रण,snack mix,Snacks & Namkeen,4,Rack 33
Haldiram's Samosa,హల్దీరామ్ సమోసా,हल्दीराम का समोसा,potato samosa|snack,Snacks & Namkeen,4,Rack 33
Haldiram's Navrattan,హల్దీరామ్ నవరత్న,हल्दीराम का नवरतन,,Snacks & Namkeen,4,Rack 33
Haldiram's Punjabi Tadka,హల్దీరామ్ పంజాబీ తడ్కా,हल्दीराम का पंजाबी तड़का,samosas|punjabi samosas,Snacks & Namkeen,4,Rack 33
Haldiram's Aloo Bhujia,హల్దీరామ్స్ ఆలూ భుజియా,हल्दीराम की आलू भुजिया,snacks|snack,Snacks & Namkeen,4,Rack 33
Haldiram's Bhujia,హల్దీరామ్స్ భుజియా,हल्दीराम की भुजिया,snack|snacks,Snacks & Namkeen,4,Rack 33
Haldiram's Aloo Bhujia,హల్దీరామ్స్ ఆలూ భుజియా,हल्दीराम की आलू भुजिया,snacks|snack,Snacks & Namkeen,4,Rack 34
Limu Mari Sev,లిము మారి సెవ్,लिमु मारी सेव,,Snacks & Namkeen,4,Rack 34
Raju Chana Dal,రాజు చనా దాల్,राजू चना दाल,split black gram,Dals & Pulses,4,Rack 34
Chiwda,చివ్డా,चिवड़ा,,Snacks & Namkeen,4,Rack 34
Garvi Gujarat Dry Samosa,గర్వి గుజరాత్ డ్రై సమోసా,गरवी गुजरात ड्राई समोसा,,Snacks & Namkeen,4,Rack 35
Garvi Gujarat Dry Kachori,గర్వి గుజరాత్ డ్రై కచోరి,गरवी गुजरात ड्राई कचौरी,,Snacks & Namkeen,4,Rack 35
Alu Bhujia,అలు భుజియా,आलू भुजिया,snack|snacks,Snacks & Namkeen,4,Rack 31
Ganesh Bhel,గణేష్ భెల్,गणेश भेल,jeera|cumin,Snacks & Namkeen,4,Rack 31
Karachi's Dry-Fruit Kachori,కరాచీ డ్రై-ఫ్రూట్ కచోరీ,कराची की ड्राई फ्रूट कचौरी,rice,Snacks & Namkeen,4,Rack 32
Bansi Bhel Puri Kit,బాన్సీ భేల్ పూరీ కిట్,बंसी भेल पूरी किट,indian,Snacks & Namkeen,4,Rack 32
Chitale Chana Chaat Samosa,చిటాలే చనా చాట్ సమోసా,चिताले चना चाट समोसा,deep fried samosas,Snacks & Namkeen,4,Rack 32
Muri,మురి,मूरी,,Dry Fruits & Nuts,4,Rack 33
Euro Navratan Mixtup,యూరో నవరతన్ మిక్స్‌టప్,यूरो नवरतन मिक्सटअप,spice mix,Spices & Masalas,4,Rack 33
Samosa,సమోసా,समोसा,potato samosa|snack|deep fried samosas,Snacks & Namkeen,4,Rack 33
Haldirams Navratan,హల్దీరామ్స్ నవరతన్,हल्दीराम नवरतन,gujarati sweets,Sweets & Mithai,4,Rack 33
Haldirams Punjabi Tadka,హల్దీరామ్స్ పంజాబీ తడ్కా,हल्दीराम्स पंजाबी तड़का,samosas|punjabi samosas,Snacks & Namkeen,4,Rack 33
Jabsons Soya Sticks Magic Masala,జాబ్సన్స్ సోయా స్టిక్స్ మ్యాజిక్ మసాలా,जैब्सन्स सोया स्टिक्स मैजिक मसाला,,Snacks & Namkeen,4,Rack 34
Jabsons Soya Sticks Tangy Tomato,జాబ్సన్స్ సోయా స్టిక్స్ టాంగీ టొమాటో,जैब्सन्स सोया स्टिक्स टैंगी टोमैटो,,Snacks & Namkeen,4,Rack 34
Jabsons Sabudana Mix,జాబ్సన్స్ సబుదానా మిక్స్,जैब्सन्स साबूदाना मिक्स,rava,Ready to Eat & Instant,4,Rack 34
Raju Aloo Bhujiya,రాజు ఆలూ భుజియా,राजू आलू भुजिया,snacks|snack,Snacks & Namkeen,4,Rack 34
Garvi Gujarat Sada Sev,గర్వి గుజరాత్ సదా సేవ,गरवी गुजरात सदा सेव,gujarati sweets,Snacks & Namkeen,4,Rack 35
Garvi Gujarat Poha Chiwda,గర్వి గుజరాత్ పోహా చివ్డా,गरवी गुजरात पोहा चिवड़ा,indian snack,"Rava, Poha & Grains",4,Rack 35
Babu Mari Sev,బాబు మారి సేవ్,बाबू मारी सेव,,Snacks & Namkeen,4,Rack 1
Babu Chana Dal,బాబు చనా దాల్,बाबू चना दाल,,Dals & Pulses,4,Rack 1
Garvi Gujarat Gujarati Chakri,గర్వి గుజరాత్ గుజరాతీ చక్రి,गरवी गुजरात गुजराती चक्री,gujarati sweets|fried snack,Snacks & Namkeen,4,Rack 2
Garvi Gujarat Farali Chiwda,గర్వి గుజరాత్ ఫరాలి చివ్డా,गरवी गुजरात फराली चिवड़ा,indian snack,Snacks & Namkeen,4,Rack 2
Garvi Gujarat Dry Kachori,గర్వి గుజరాత్ డ్రై కచోరి,गरवी गुजरात ड्राई कचौरी,,Snacks & Namkeen,4,Rack 2
Garvi Gujarat Gujrati Chakri,గర్వి గుజరాత్ గుజరాతీ చక్రి,गरवी गुजरात गुजराती चक्री,gujarati sweets|fried snack,Snacks & Namkeen,4,Rack 2
Lay's Spanish Tomato Tango,లేస్ స్పానిష్ టొమాటో టాంగో,लेज़ स्पैनिश टोमैटो टैंगो,,Snacks & Namkeen,4,Rack 3
Chana Dal,శనగ పప్పు,चना दाल,split black gram|chickpeas|chickpea,Dals & Pulses,4,Rack 28
Garvi Gujarat Dry Kachori,గర్వి గుజరాత్ డ్రై కచోరి,गरवी गुजरात ड्राई कचौरी,,Snacks & Namkeen,4,Rack 29
Garvi Gujarat Masala Murukku,గర్వి గుజరాత్ మసాలా మురుక్కు,गरवी गुजरात मसाला मुरुक्कू,gujarati sweets,Snacks & Namkeen,4,Rack 29
Garvi Gujarat Nagari Gathiya,గర్వి గుజరాత్ నగరి గతియా,गरवी गुजरात नागरी गाठिया,,Snacks & Namkeen,4,Rack 29
Lay's Sizzling Hot,లేస్ సిజ్లింగ్ హాట్,लेज़ सिज़लिंग हॉट,,Snacks & Namkeen,4,Bottom shelf
Anand Spicy Mullu Muruku,ఆనంద్ స్పైసీ ముల్లు మురుకు,आनंद स्पाइसी मुल्लू मुरुक्कू,murukku,Snacks & Namkeen,4,Rack 28
Anand Special Cornflakes Mixture,ఆనంద్ స్పెషల్ కార్న్‌ఫ్లేక్స్ మిశ్రమం,आनंद स्पेशल कॉर्नफ्लेक्स मिश्रण,corn|indian snacks,Snacks & Namkeen,4,Rack 28
Garvi Gujarat Bhavnagari Gathiya,గర్వి గుజరాత్ భావనగరి గతియా,गरवी गुजरात भावनगरी गाठिया,,Snacks & Namkeen,4,Rack 29
Garvi Gujarat Bhel Sev,గర్వి గుజరాత్ భేల్ సేవ్,गरवी गुजरात भेल सेव,,Snacks & Namkeen,4,Rack 29
Euro Usal Sev,యూరో ఉసల్ సెవ్,यूरो उसल सेव,,Snacks & Namkeen,4,Rack 29
Lay's Chile Limon,లేస్ చిలీ లిమోన్,लेज़ चिली लिमोन,,Snacks & Namkeen,4,Bottom Shelf
Anand Special Cornflakes Mixture,ఆనంద్ స్పెషల్ కార్న్‌ఫ్లేక్స్ మిశ్రమం,आनंद स्पेशल कॉर्नफ्लेक्स मिश्रण,corn|indian snacks,Snacks & Namkeen,4,Rack 21
Anand Sev Thin,ఆనంద్ సేవ్ థిన్,आनंद सेव थिन,,Snacks & Namkeen,4,Rack 21
Anand Rice Murukku,ఆనంద్ రైస్ మురుక్కు,आनंद राइस मुरुक्कू,biyyam|chawal|indian rice,Snacks & Namkeen,4,Rack 21
Anand Ribbun Pakoda,ఆనంద్ రిబ్బన్ పకోడా,आनंद रिबन पकोड़ा,naan,Snacks & Namkeen,4,Rack 21
Garvi Gujarat Bhavnagari Gathiya,గర్వి గుజరాత్ భావనగరి గతియా,गरवी गुजरात भावनगरी गाठिया,,Snacks & Namkeen,4,Rack 22
Garvi Gujarat Bhel Sev,గర్వి గుజరాత్ భేల్ సేవ్,गरवी गुजरात भेल सेव,,Snacks & Namkeen,4,Rack 22
Garvi Gujarat 3 in One Puri,గర్వి గుజరాత్ 3 ఇన్ వన్ పూరి,गरवी गुजरात 3 इन वन पुरी,,Snacks & Namkeen,4,Rack 22
Euro Usal Sev,యూరో ఉసల్ సెవ్,यूरो उसल सेव,,Snacks & Namkeen,4,Rack 22
Euro Tasty Peanuts,యూరో టేస్టీ పీనట్స్,यूरो टेस्टी मूंगफली,groundnuts,Dry Fruits & Nuts,4,Rack 22
Euro Shahi Mixture,యూరో షాహి మిశ్రమం,यूरो शाही मिश्रण,,Snacks & Namkeen,4,Rack 22
Lay's Chile Limon Potato Chips,లేస్ చిల్లీ లిమోన్ పొటాటో చిప్స్,लेज़ चिली लेमन पोटैटो चिप्स,potato chips masala|snacks,Snacks & Namkeen,4,Rack 23
Lay's Potato Chips,లేస్ బంగాళాదుంప చిప్స్,लेज़ पोटैटो चिप्स,potato chips masala|snacks,Snacks & Namkeen,4,Rack 24
Anand Thin Sev,ఆనంద్ థిన్ సెవ్,आनंद थिन सेव,,Snacks & Namkeen,4,Rack 22
Anand Ragi Murukku,ఆనంద్ రాగి మురుక్కు,आनंद रागी मुरुक्कू,muruku,Snacks & Namkeen,4,Rack 22
Euro Ratlami Mixture,యూరో రత్లామి మిశ్రమం,यूरो रतलामी मिश्रण,mix|snacks|snack mix,Snacks & Namkeen,4,Rack 23
Lays Chips,లేస్ చిప్స్,लेज़ चिप्स,potato chips masala,Snacks & Namkeen,4,Rack 24
Anand Muruku,ఆనంద్ మురుకు,आनंद मुरुक्कू,murukku,Snacks & Namkeen,4,Rack 22
Euro Navratan Mixture,యూరో నవరతన్ మిశ్రమం,यूरो नवरतन मिश्रण,snack mix,Snacks & Namkeen,4,Rack 23
Kurkure,కుర్కురే,कुरकुरे,,Snacks & Namkeen,4,Rack 24
Anand Muruku Mini,ఆనంద్ మురుకు మినీ,आनंद मुरुकु मिनी,muruku|249 anand|mini,Snacks & Namkeen,4,Rack 1
Anand Mini Bhakarwadi,ఆనంద్ మినీ భాకర్వాడి,आनंद मिनी भाकरवाड़ी,cumin,Snacks & Namkeen,4,Rack 1
Anand Masala Chanadal,ఆనంద్ మసాలా చనాడల్,आनंद मसाला चनादल,garam masala,Spices & Masalas,4,Rack 1
Euro Nylon Sev,యూరో నైలాన్ సెవ్,यूरो नायलॉन सेव,,Snacks & Namkeen,4,Rack 2
Euro Navratan Mixture,యూరో నవరతన్ మిశ్రమం,यूरो नवरतन मिश्रण,snack mix,Snacks & Namkeen,4,Rack 2
Euro Masala Soya Sticks,యూరో మసాలా సోయా స్టిక్స్,यूरो मसाला सोया स्टिक्स,,Snacks & Namkeen,4,Rack 2
Euro Mini Bhakarwadi,యూరో మినీ భాకర్వాడి,यूरो मिनी भाकरवाड़ी,flatbread,Snacks & Namkeen,4,Rack 2
Euro Masala,యూరో మసాలా,यूरो मसाला,,Spices & Masalas,4,Rack 2
Kurkure Masala Munch,కుర్కురే మసాలా మంచ్,कुरकुरे मसाला मंच,,Snacks & Namkeen,4,Rack 3
Anand Kerala Mixture,ఆనంద్ కేరళ మిశ్రమం,आनंद केरल मिश्रण,kerala|mixture,Snacks & Namkeen,4,Rack 16
Euro Soya Sticks,యూరో సోయా స్టిక్స్,यूरो सोया स्टिक्स,,Dals & Pulses,4,Rack 17
Euro Mini Bhakarwadi,యూరో మినీ భాకర్వాడి,यूरो मिनी भाकरवाड़ी,flatbread,Snacks & Namkeen,4,Rack 17
Euro Methi Para,యూరో మెథి పారా,यूरो मेथी पारा,,"Rava, Poha & Grains",4,Rack 17
Kurkure Masala Munch,కుర్కురే మసాలా మంచ్,कुरकुरे मसाला मंच,,Snacks & Namkeen,4,Rack 18
Kurkure Green Chutney,కుర్కురే గ్రీన్ చట్నీ,कुरकुरे हरी चटनी,,Pickles & Chutneys,4,Rack 18
Euro Ni Bhakarwadi,యూరో నీ భాకర్వాడి,यूरो नी भाकरवाड़ी,,Snacks & Namkeen,4,Rack 16
Anand Kabuli Chana Spicy,ఆనంద్ కాబులి చనా స్పైసీ,आनंद काबुली चना मसालेदार,,Dals & Pulses,4,Rack 16
Anand Jala,ఆనంద్ జాలా,आनंद जला,,Rice,4,Rack 16
Anand Kachori,ఆనంద్ కచోరి,आनंद कचौरी,indian snack,Snacks & Namkeen,4,Rack 1
Anand Jalapeno Murukku Sticks,ఆనంద్ జలపెనో మురుక్కు స్టిక్స్,आनंद जलपीनो मुरुक्कू स्टिक्स,spicy muruku|muruku,Snacks & Namkeen,4,Rack 1
Anand Jackfruit Chips,ఆనంద్ పనస చిప్స్,आनंद कटहल चिप्स,snacks,Snacks & Namkeen,4,Rack 1
Anand Hyderabad Mixture,ఆనంద్ హైదరాబాద్ మిశ్రమం,आनंद हैदराबाद मिश्रण,snacks,Snacks & Namkeen,4,Rack 1
Anand Garlic,ఆనంద్ వెల్లుల్లి,आनंद लहसुन,lahsun|vellulli,Spices & Masalas,4,Rack 1
Euro Chiwda,యూరో చివ్డా,यूरो चिवडा,chickpea,Snacks & Namkeen,4,Rack 2
Euro Dal Moth,యూరో డాల్ చిమ్మట,यूरो दाल मोथ,,Dals & Pulses,4,Rack 2
Euro Dry Kachori,యూరో డ్రై కచోరి,यूरो ड्राई कचौरी,,Snacks & Namkeen,4,Rack 2
Euro Chana Dal,యూరో చనా దాల్,यूरो चना दाल,chickpeas|chickpea,Dals & Pulses,4,Rack 2
Euro Chana Jor Masala,యూరో చనా జోర్ మసాలా,यूरो चना जोर मसाला,,Spices & Masalas,4,Rack 2
Euro Aloo Sev,యూరో ఆలూ సేవ్,यूरो आलू सेव,,Snacks & Namkeen,4,Rack 2
Abad Mixture,అబాద్ మిశ్రమం,अबाड मिश्रण,amma s iyer mixture|indian spice blend|south indian mix,Spices & Masalas,4,Rack 10
Farsan Mart Farali Chiwda Tikha,ఫర్సన్ మార్ట్ ఫరాలీ చివడా తిఖా,फरसाण मार्ट फराली चिवड़ा तिखा,,Snacks & Namkeen,4,Rack 10
Farsan Mart Farali Chiwda,ఫర్సాన్ మార్ట్ ఫరాలి చివ్డా,फरसान मार्ट फराली चिवड़ा,,Snacks & Namkeen,4,Rack 10
A. Chanachur Mixture,ఎ. చనాచూర్ మిశ్రమం,ए. चनाचूर मिश्रण,,Snacks & Namkeen,4,Rack 10
Euro A Jor Masala,యూరో ఎ జోర్ మసాలా,यूरो ए जोर मसाला,,Spices & Masalas,4,Rack 11
PopRings Cheese Chilli Flavour,పాప్‌రింగ్స్ చీజ్ చిల్లీ ఫ్లేవర్,पॉपरिंग्स चीज़ चिली फ्लेवर,mirchi,Snacks & Namkeen,4,Rack 12
Farali Chiwda,ఫరాలి చివ్డా,फराली चिवड़ा,indian snack,Snacks & Namkeen,4,Rack 1
Chanachur Mix,చనాచూర్ మిక్స్,चनाचुर मिक्स,mixture|snacks,Snacks & Namkeen,4,Rack 1
Butter Murukku Sticks,వెన్న మురుక్కు కర్రలు,मक्खन मुरुक्कू की छड़ें,spicy muruku|muruku,Snacks & Namkeen,4,Rack 1
Boondi,బూందీ,बूंदी,veg boondi|bundi,Snacks & Namkeen,4,Rack 1
Anand Boondi Plain,ఆనంద్ బూందీ మైదానం,आनंद बूंदी मैदान,veg boondi|bundi,Snacks & Namkeen,4,Rack 1
Frito Jone,ఫ్రిటో జోన్,फ्रिटो जोन्स,,Snacks & Namkeen,4,Rack 2
Amma's Kitchen Banana Chips Chili Masala,అమ్మ కిచెన్ బనానా చిప్స్ చిల్లీ మసాలా,अम्मा की रसोई केले के चिप्स मिर्च मसाला,,Snacks & Namkeen,4,Rack 2
Amma's Kitchen Achappam,అమ్మ వంటగది అచ్చప్పం,अम्माज़ किचन अचप्पम,,Snacks & Namkeen,4,Rack 2
Sweet Karam Coffee Spiced Peanuts,తీపి కారం కాఫీ మసాలా వేరుశనగలు,स्वीट करम कॉफी स्पाइस्ड पीनट्स,groundnuts,Snacks & Namkeen,4,Rack 2
PopRings Cheese Chilli Flavour,పాప్‌రింగ్స్ చీజ్ చిల్లీ ఫ్లేవర్,पॉपरिंग्स चीज़ चिली फ्लेवर,mirchi,Snacks & Namkeen,4,Rack 3
Kwiks Cheese Balls,క్విక్స్ చీజ్ బాల్స్,क्विक्स चीज़ बॉल्स,,Snacks & Namkeen,4,Rack 3
Anand Boundi Plain,ఆనంద్ బౌండి మైదానం,आनंद बाउंडी मैदान,,Snacks & Namkeen,4,Rack 3
Anand Bhujia,ఆనంద్ భుజియా,आनंद भुजिया,,Snacks & Namkeen,4,Rack 3
Anand Benne Muruku,ఆనంద్ బెన్నె మురుకు,आनंद बेन्ने मुरुक्कू,spicy muruku,Snacks & Namkeen,4,Rack 3
Anand Banana Chips (Salted),ఆనంద్ బనానా చిప్స్ (ఉప్పు వేసినవి),आनंद केले के चिप्स (नमकीन),anand|banana|chips|salted,Snacks & Namkeen,4,Rack 3
Anand Banana Chips (Pepper),ఆనంద్ బనానా చిప్స్ (పెప్పర్),आनंद बनाना चिप्स (मिर्च),banana chilli|snacks,Snacks & Namkeen,4,Rack 3
Sweet Karam Coffee Spiced Peanuts,తీపి కారం కాఫీ మసాలా వేరుశనగలు,स्वीट करम कॉफी स्पाइस्ड पीनट्स,groundnuts,Snacks & Namkeen,4,Rack 4
Sweet Karam Coffee Ribbon Pakoda,స్వీట్ కరమ్ కాఫీ రిబ్బన్ పకోడా,मीठा करम कॉफी रिबन पकोड़ा,,Snacks & Namkeen,4,Rack 4
Sweet Karam Coffee Pepper Murukku Sticks,తీపి కారం కాఫీ మిరియాల మురుక్కు పుల్లలు,स्वीट करम कॉफी पेपर मुरुक्कू स्टिक्स,spicy muruku|snacks,Snacks & Namkeen,4,Rack 4
Sweet Karam Coffee Nippattu (Thattai),స్వీట్ కారం కాఫీ నిప్పట్టు (తట్టై),मीठी करम कॉफ़ी निप्पट्टू (थट्टाई),kaapi,Snacks & Namkeen,4,Rack 4
Sweet Karam Coffee Madras Mixture,స్వీట్ కరం కాఫీ మద్రాస్ మిశ్రమం,स्वीट करम कॉफी मद्रास मिक्सचर,madras mix,Snacks & Namkeen,4,Rack 4
PopRings,పాప్‌రింగ్స్,पॉपरिंग्स,,Snacks & Namkeen,4,Rack 5
Anand Banana Chips (Salted),ఆనంద్ బనానా చిప్స్ (ఉప్పు వేసినవి),आनंद केले के चिप्स (नमकीन),anand|banana|chips|salted,Snacks & Namkeen,4,Rack 4
Anand Banana Chips (Chilli),ఆనంద్ బనానా చిప్స్ (చిల్లీ),आनंद बनाना चिप्स (चिली),snacks|salted,Snacks & Namkeen,4,Rack 4
Baby Muruku Spicy,బేబీ మురుకు స్పైసీ,बेबी मुरुक्कू स्पाइसी,murukku,Snacks & Namkeen,4,Rack 4
Sweet Karam Coffee Pepper Muruku Sticks,తీపి కారం కాఫీ మిరియాల మురుకు పుల్లలు,स्वीट करम कॉफी पेपर मुरुक्कू स्टिक्स,spicy muruku|snacks,Snacks & Namkeen,4,Rack 5
Sweet Karam Coffee Thippattu Thattai,తీపి కారం కాఫీ తిప్పట్టు తట్టై,मीठी करम कॉफ़ी थिपट्टू थट्टई,murukku,Snacks & Namkeen,4,Rack 5
Laxmi Amla,లక్ష్మి ఆమ్లా,लक्ष्मी आमला,amla preserve,Dry Fruits & Nuts,4,Freezer 1
Laxmi Drumsticks,లక్ష్మి డ్రమ్ స్టిక్స్,लक्ष्मी ड्रमस्टिक्स,,Dry Fruits & Nuts,4,Freezer 1
Laxmi Green Peas,లక్ష్మి పచ్చి బఠానీలు,लक्ष्मी हरी मटर,,Dry Fruits & Nuts,4,Freezer 1
Laxmi Karela,లక్ష్మి కరేలా,लक्ष्मी करेला,,Pickles & Chutneys,4,Freezer 1
Laxmi Tindora,లక్ష్మి టిండోరా,लक्ष्मी टिंडोरा,ivy gourd,Fruits & Vegetables,4,Freezer 1
Vadilal Amla,వాదిలాల్ ఆమ్లా,वडीलाल अमला,amla preserve,Pickles & Chutneys,4,Freezer 1
Vadilal Fansi,వాదిలాల్ ఫాన్సీ,वडीलाल फांसी,,Frozen Foods,4,Freezer 1
Vadilal Green Chana,వాదిలాల్ గ్రీన్ చనా,वडीलाल हरा चना,chickpea|chickpeas,Ready to Eat & Instant,4,Freezer 1
Vadilal Green Peas,వడిలాల్ గ్రీన్ పీస్,वडीलाल हरी मटर,,Frozen Foods,4,Freezer 1
Vadilal Lemongrass,వాదిలాల్ లెమన్‌గ్రాస్,वडीलाल लेमनग्रास,,Spices & Masalas,4,Freezer 1
Vadilal Surti Papdi Lilva,వాదిలాల్ సుర్తి పాప్డి లిల్వా,वडीलाल सुरती पापड़ी लिलवा,tuvar dal|pigeon pea,Dals & Pulses,4,Freezer 1
Vadilal Arwal,వాదిలాల్ అర్వాల్,वडीलाल अरवाल,,Dals & Pulses,4,Freezer 1
Vadilal Peas & Carrots,వడిలాల్ బఠానీలు & క్యారెట్లు,वडीलाल मटर और गाजर,gajar|gaajar,Frozen Foods,4,Freezer 1
Vadilal Red Baby Onions,వాదిలాల్ రెడ్ బేబీ ఆనియన్స్,वडीलाल लाल बेबी प्याज,pyaz|ullipaya|erragaddalu,Fruits & Vegetables,4,Freezer 1
Vadilal Sambar Mix,వడిలాల్ సాంబార్ మిక్స్,वडीलाल सांभर मिक्स,spice mix,Spices & Masalas,4,Freezer 1
Vadilal Sweet Corn,వడిలాల్ స్వీట్ కార్న్,वडीलाल स्वीट कॉर्न,,Frozen Foods,4,Freezer 1
Anand Aviyal Mix,ఆనంద్ అవియల్ మిక్స్,आनंद अवियाल मिक्स,snack mix|snacks|mixture,Spices & Masalas,4,Freezer 1
Anand Green Jackfruit Cut,ఆనంద్ పచ్చి పనసకాయ కోత,आनंद ग्रीन कटहल कटा हुआ,,Fruits & Vegetables,4,Freezer 1
Anand Sambar Mix,ఆనంద్ సాంబార్ మిక్స్,आनंद सांभर मिक्स,spice mix,Spices & Masalas,4,Freezer 1
Swetha Chintha Chi,శ్వేత చింత చి,श्वेता चिंथा ची,,Dry Fruits & Nuts,4,Freezer 1
Swetha Moringa Leaves,శ్వేత మునగాకు,श्वेता मोरिंगा के पत्ते,,Dals & Pulses,4,Freezer 1
Swetha Ponna Ganti,శ్వేత పొన్న గంటి,श्वेता पोन्ना गंटी,,Spices & Masalas,4,Freezer 1
Laxmi Mixed Vegetables,లక్ష్మి మిక్స్డ్ వెజిటబుల్స్,लक्ष्मी मिक्स्ड वेजिटेबल्स,,Frozen Foods,4,Freezer 1
Swetha Bhindi Cuts,శ్వేత భిండి కోతలు,श्वेता भिंडी कट्स,snack,Snacks & Namkeen,4,Freezer 1
Vadilal Bhindi Cuts,వాదిలాల్ భిండి కోతలు,वडीलाल भिंडी कट्स,snack,Snacks & Namkeen,4,Freezer 1
Laxmi Mixed Vegetables,లక్ష్మి మిక్స్డ్ వెజిటబుల్స్,लक्ष्मी मिक्स्ड वेजिटेबल्स,,Frozen Foods,4,Freezer
Laxmi Tindora,లక్ష్మి టిండోరా,लक्ष्मी टिंडोरा,ivy gourd,Fruits & Vegetables,4,Freezer
Laxmi Val Lilva,లక్ష్మి వాల్ లిల్వా,लक्ष्मी वाल लिल्वा,,Dals & Pulses,4,Freezer 2
Vadilal Moth,వాదిలాల్ చిమ్మట,वडीलाल मोठ,,Dals & Pulses,4,Freezer
Vadilal Palak,వాదిలాల్ పాలక్,वडीलाल पालक,,Ready to Eat & Instant,4,Freezer
Swetha Tender Jack,శ్వేత టెండర్ జాక్,श्वेता टेंडर जैक,,Rice,4,Freezer
Swetha Thati Munjel,శ్వేత తాటి ముంజెల్,श्वेता थाटी मुंजेल,tuvar dal|pigeon pea,Dals & Pulses,4,Freezer
Swetha Chintha Chiguru,శ్వేత చింత చిగురు,श्वेता चिंथा चिगुरु,chickpeas,Dry Fruits & Nuts,4,Freezer
Swetha Chukka Kura,శ్వేత చుక్క కురా,श्वेता चुक्का कुरा,split black gram,Dals & Pulses,4,Freezer
Swetha Moringa Leaves,శ్వేత మునగాకు,श्वेता मोरिंगा के पत्ते,,Dals & Pulses,4,Freezer
Swetha Annaganti Kura,శ్వేత అన్నగంటి కుర,श्वेता अन्नागंती कुरा,paneer,Dairy & Paneer,4,Freezer
Swetha Raw Mango Pieces,శ్వేత పచ్చి మామిడి ముక్కలు,श्वेता कच्चे आम के टुकड़े,fruit,Dry Fruits & Nuts,4,Freezer
Laxmi Bhindi,లక్ష్మి భిండి,लक्ष्मी भिंडी,,Frozen Foods,4,Freezer
Vadilal Bhindi Cuts,వాదిలాల్ భిండి కోతలు,वडीलाल भिंडी कट्स,snack,Snacks & Namkeen,4,Freezer
Vadilal Green Peas,వడిలాల్ గ్రీన్ పీస్,वडीलाल हरी मटर,,Frozen Foods,4,Freezer
Vadilal Tindora,వాదిలాల్ టిండోరా,वडीलाल टिंडोरा,ivy gourd,Frozen Foods,4,Freezer
Laxmi Coconut,లక్ష్మి కొబ్బరి,लक्ष्मी नारियल,narial,Dry Fruits & Nuts,4,Freezer
Minute Khana Wrap,మినిట్ ఖానా వ్రాప్,मिनट खाना रैप,,Snacks & Namkeen,4,Freezer
Minute Khana Classic Mix Veg Wrap,మినిట్ ఖానా క్లాసిక్ మిక్స్ వెజ్ వ్రాప్,मिनट खाना क्लासिक मिक्स वेज रैप,rava,Ready to Eat & Instant,4,Freezer
Minute Khana Shami Kebab Wrap,మినిట్ ఖానా షమీ కబాబ్ వ్రాప్,मिनट खाना शमी कबाब रैप,,Ready to Eat & Instant,4,Freezer
Laxmi Shredded Coconut,లక్ష్మి తురిమిన కొబ్బరి,लक्ष्मी कसा हुआ नारियल,narial,Dry Fruits & Nuts,4,Freezer
Laxmi Val Lilva,లక్ష్మి వాల్ లిల్వా,लक्ष्मी वाल लिल्वा,,Dals & Pulses,4,Freezer
Haldiram's Guvar Cut,హల్దీరామ్ యొక్క గువార్ కట్,हल्दिराम का गुवार कट,,Snacks & Namkeen,4,Freezer
Haldiram's Saragva,హల్దీరామ్ యొక్క సరగ్వా,हल्दीराम का सरगवा,,Sweets & Mithai,4,Freezer
Laxmi Val Papdi,లక్ష్మి వాల్ పాప్డి,लक्ष्मी वाल पापड़ी,,Dry Fruits & Nuts,4,Freezer
Alphonso Mango Pulp,అల్ఫోన్సో మామిడి గుజ్జు,अल्फोंसो आम का गूदा,alphonso mango juice concentrate,Fruits & Vegetables,4,Freezer
Alphonso Mango Slices,అల్ఫోన్సో మామిడి ముక్కలు,अल्फोंसो आम के टुकड़े,fruit,Fruits & Vegetables,4,Freezer
Vadilal Veg Spring Roll,వాదిలాల్ వెజ్ స్ప్రింగ్ రోల్,वडीलाल वेज स्प्रिंग रोल,,Snacks & Namkeen,4,Freezer
Deep Kati Roll Tawa Paneer,డీప్ కటి రోల్ తవా పనీర్,डीप कटी रोल तवा पनीर,paneer cheese,Ready to Eat & Instant,4,Freezer
Deep Kati Roll Paneer Tikka,డీప్ కటి రోల్ పనీర్ టిక్కా,डीप कटी रोल पनीर टिक्का,paneer cheese,Snacks & Namkeen,4,Freezer
Minute Khana Wraps,మినిట్ ఖానా వ్రాప్స్,मिनट खाना रैप्स,,Snacks & Namkeen,4,Freezer
Minute Khana Classic Mix Veg,మినిట్ ఖానా క్లాసిక్ మిక్స్ వెజ్,मिनट खाना क्लासिक मिक्स वेज,,Ready to Eat & Instant,4,Freezer
Minute Khana Masala Soya Chop,మినిట్ ఖానా మసాలా సోయా చాప్,मिनट खाना मसाला सोया चॉप,,Frozen Foods,4,Freezer
Minute Khana Paneer Tikka,మినిట్ ఖానా పనీర్ టిక్కా,मिनट खाना पनीर टिक्का,,Frozen Foods,4,Freezer
Minute Khana Punjabi Choley,మినిట్ ఖానా పంజాబీ చోలే,मिनट खाना पंजाबी छोले,split black gram,Dals & Pulses,4,Freezer
Minute Khana Shami Kebab,మినిట్ ఖానా షమీ కబాబ్,मिनट खाना शमी कबाब,indian street food,Snacks & Namkeen,4,Freezer
Ashoka Chatpata Aloo Kathi Roll,అశోక చత్పత ఆలూ కతి రోల్,अशोक चटपटा आलू काठी रोल,snacks|snack,Snacks & Namkeen,4,Freezer
Ashoka Hot and Sour Kathi Roll,అశోక హాట్ అండ్ సోర్ కతి రోల్,अशोका हॉट एंड सॉर काठी रोल,,Snacks & Namkeen,4,Freezer
Vadilal Paneer Tikka Jumbo Puff,వాడిలాల్ పనీర్ టిక్కా జంబో పఫ్,वाडीलाल पनीर टिक्का जंबो पफ,paneer cheese|snack,Snacks & Namkeen,4,Freezer
Laxmi Coconut Slices,లక్ష్మి కొబ్బరి ముక్కలు,लक्ष्मी नारियल के टुकड़े,narial,Dry Fruits & Nuts,4,Freezer
Laxmi Grated Coconut,లక్ష్మి తురిమిన కొబ్బరి,लक्ष्मी कसा हुआ नारियल,narial,Dry Fruits & Nuts,4,Freezer
Deep Premium Shredded Coconut,డీప్ ప్రీమియం తురిమిన కొబ్బరి,डीप प्रीमियम कटा हुआ नारियल,narial,Dry Fruits & Nuts,4,Freezer
Himalayan Malai Soya Chaap,హిమాలయన్ మలై సోయా చాప్,हिमालयन मलाई सोया चाप,,Frozen Foods,4,Freezer
Ashoka Masala Vegetable Burger Pattice,అశోక మసాలా వెజిటబుల్ బర్గర్ ప్యాటీస్,अशोक मसाला सब्जी बर्गर पैटिस,,Frozen Foods,4,Freezer
Fresh Frozen Grated Coconut,తాజాగా స్తంభింపజేసిన తురిమిన కొబ్బరి,ताज़ा जमा हुआ कसा हुआ नारियल,narial,Dry Fruits & Nuts,4,Freezer
Daily Delight Grated Coconut,డైలీ డిలైట్ తురిమిన కొబ్బరి,डेली डिलाइट कसा हुआ नारियल,narial,Dry Fruits & Nuts,4,Freezer
Telugu Mirchi Bajji,తెలుగు మిర్చి బజ్జి,तेलुगु मिर्ची बज्जी,,Snacks & Namkeen,4,Freezer 4
Haleem,హలీమ్,हलीम,slow cooked stew,Ready to Eat & Instant,4,Freezer 4
Vadilal Coconut Chutney,వడిలాల్ కొబ్బరి చట్నీ,वडीलाल नारियल चटनी,narial chutney|narial,Pickles & Chutneys,4,Freezer 4
Vadilal Mint Chutney,వడిలాల్ పుదీనా చట్నీ,वडीलाल पुदीना चटनी,,Pickles & Chutneys,4,Freezer 4
Vadilal Green Coriander Chutney,వడిలాల్ గ్రీన్ కొత్తిమీర చట్నీ,वाडीलाल हरे धनिये की चटनी,dhania|dhaniyalu,Sauces & Pastes,4,Freezer 4
Vadilal Pani Puri Concentrate,వడిలాల్ పానీ పూరీ కాన్సంట్రేట్,वडीलाल पानी पूरी कॉन्सेंट्रेट,flavor concentrate|puchka masala|golgappas spice,Pickles & Chutneys,4,Freezer 4
Veg Spring Roll,వెజ్ స్ప్రింగ్ రోల్,वेज स्प्रिंग रोल,wheat|vermicelli,Snacks & Namkeen,4,Freezer 3
Himalayan Hariyali Soya Chaap,హిమాలయన్ హరియాలి సోయా చాప్,हिमालयन हरियाली सोया चाप,chickpea rice|fried snack,Ready to Eat & Instant,4,Freezer 4
Himalayan Malai Soya Chaap,హిమాలయన్ మలై సోయా చాప్,हिमालयन मलाई सोया चाप,,Frozen Foods,4,Freezer 4
Himalayan Tandoori Soya Chaap,హిమాలయన్ తందూరి సోయా చాప్,हिमालयन तंदूरी सोया चाप,brown rice|chickpea lentil|whole wheat atta,Ready to Eat & Instant,4,Freezer 4
Deep Chutney Mint,డీప్ చట్నీ మింట్,डीप चटनी मिंट,,Pickles & Chutneys,4,Freezer 4
Minute Khana Classic Mix,మినిట్ ఖానా క్లాసిక్ మిక్స్,मिनट खाना क्लासिक मिक्स,snack mix,Snacks & Namkeen,4,Freezer 3
Minute Khana Masala Soya Chop,మినిట్ ఖానా మసాలా సోయా చాప్,मिनट खाना मसाला सोया चॉप,,Frozen Foods,4,Freezer 3
Bikaji Burger Patty,బికాజీ బర్గర్ ప్యాటీ,बिकाजी बर्गर पैटी,,Biscuits & Bakery,4,Freezer 4
Ashoka Masala Vegetable Burger Patties,అశోక మసాలా వెజిటబుల్ బర్గర్ ప్యాటీలు,अशोका मसाला वेजिटेबल बर्गर पैटीज़,,Biscuits & Bakery,4,Freezer 4
Deep Sambar,దీప సాంబార్,दीप सांभर,,Ready to Eat & Instant,4,Freezer 4
Deep Veggie Masala Burger,డీప్ వెజ్జీ మసాలా బర్గర్,डीप वेजी मसाला बर्गर,,Biscuits & Bakery,4,Freezer 4
Aloo Kathi Roll,ఆలూ కతి రోల్,आलू काठी रोल,aloo tikki|potato tikki,Snacks & Namkeen,4,Freezer 3
Paneer Kathi Roll,పనీర్ కతి రోల్,पनीर काठी रोल,paneer cheese,Snacks & Namkeen,4,Freezer 3
Laxmi Shredded Coconut,లక్ష్మి తురిమిన కొబ్బరి,लक्ष्मी कसा हुआ नारियल,narial,Dry Fruits & Nuts,4,Freezer 3
Daily Delight Fresh Frozen Grated Coconut,డైలీ డిలైట్ ఫ్రెష్ ఫ్రోజెన్ తురిమిన కొబ్బరి,डेली डिलाइट फ्रेश फ्रोजन ग्रेटेड कोकोनट,narial,Dry Fruits & Nuts,4,Freezer 4
Vadilal Coconut Chutney,వడిలాల్ కొబ్బరి చట్నీ,वडीलाल नारियल चटनी,narial chutney|narial,Pickles & Chutneys,4,Freezer 5
Vadilal Mint Chutney,వడిలాల్ పుదీనా చట్నీ,वडीलाल पुदीना चटनी,,Pickles & Chutneys,4,Freezer 5
Vadilal Green Coriander Chutney,వడిలాల్ గ్రీన్ కొత్తిమీర చట్నీ,वाडीलाल हरे धनिये की चटनी,dhania|dhaniyalu,Sauces & Pastes,4,Freezer 5
Vadilal Pani Puri Concentrate,వడిలాల్ పానీ పూరీ కాన్సంట్రేట్,वडीलाल पानी पूरी कॉन्सेंट्रेट,flavor concentrate|puchka masala|golgappas spice,Pickles & Chutneys,4,Freezer 5
Vadilal Chutney,వాదిలాల్ చట్నీ,वडीलाल चटनी,narial chutney,Pickles & Chutneys,4,Freezer 5
Deep Mint Chutney,డీప్ మింట్ చట్నీ,डीप मिंट चटनी,,Sauces & Pastes,4,Freezer 5
Deep Coconut Chutney,డీప్ కోకోనట్ చట్నీ,गाढ़ी नारियल चटनी,narial chutney|narial,Pickles & Chutneys,4,Freezer 5
Deep Coriander Chutney,డీప్ కొత్తిమీర చట్నీ,गाढ़ी धनिया चटनी,dhania|dhaniyalu|kotthimera,Sauces & Pastes,4,Freezer 5
Deep Chutney,డీప్ చట్నీ,डीप चटनी,narial chutney,Pickles & Chutneys,4,Freezer 5
Haldiram Organic Punjabi Samosa,హల్దీరామ్ ఆర్గానిక్ పంజాబీ సమోసా,हल्दीराम ऑर्गेनिक पंजाबी समोसा,deep fried samosas,Snacks & Namkeen,4,Freezer 5
Haldiram Classic Cheese Pizza Pockets,హల్దీరామ్ క్లాసిక్ చీజ్ పిజ్జా పాకెట్స్,हल्दीराम क्लासिक चीज़ पिज़्ज़ा पॉकेट्स,,Snacks & Namkeen,4,Freezer 5
Haldiram Mazedaar Aloo Special Pockets,హల్దీరామ్ మజేదార్ ఆలూ స్పెషల్ పాకెట్స్,हल्दीराम मजेदार आलू स्पेशल पॉकेट्स,,Snacks & Namkeen,4,Freezer 5
Deep Suya Chaap,దీప్ సుయా చాప్,दीप सुया चाप,deep fried samosas,Ready to Eat & Instant,4,Freezer 4
Haldiram Cocktail Samosa,హల్దీరామ్ కాక్‌టెయిల్ సమోసా,हल्दीराम कॉकटेल समोसा,snack|deep fried samosas,Snacks & Namkeen,4,Freezer 4
Haldiram Jumbo Punjabi Samosa,హల్దీరామ్ జంబో పంజాబీ సమోసా,हल्दीराम जंबो पंजाबी समोसा,deep fried samosas,Snacks & Namkeen,4,Freezer 4
Haldiram Purani Dilli Special Samosa,హల్దీరామ్ పురాణి డిల్లీ స్పెషల్ సమోసా,हल्दीराम पुरानी दिल्ली स्पेशल समोसा,deep fried samosas,Snacks & Namkeen,4,Freezer 4
Haldiram Punjabi Samosa,హల్దీరామ్ పంజాబీ సమోసా,हल्दीराम पंजाबी समोसा,deep fried samosas,Snacks & Namkeen,4,Freezer 4
Daily Delight Grated Coconut,డైలీ డిలైట్ తురిమిన కొబ్బరి,डेली डिलाइट कसा हुआ नारियल,narial,Dry Fruits & Nuts,4,Freezer 4
Haldiram Samosa,హల్దీరామ్ సమోసా,हल्दीराम समोसा,potato samosa|snack,Snacks & Namkeen,4,Freezer 5
Haldiram Jalapeno & Cheese Samosa,హల్దీరామ్ జలపెనో & చీజ్ సమోసా,हल्दीराम जलपीनो और चीज़ समोसा,snack,Snacks & Namkeen,4,Freezer 5
Laxmi Samosa,లక్ష్మి సమోసా,लक्ष्मी समोसा,potato samosa,Snacks & Namkeen,4,Freezer 5
Mantra Organic Punjabi Samosa,మంత్ర ఆర్గానిక్ పంజాబీ సమోసా,मंत्रा ऑर्गेनिक पंजाबी समोसा,deep fried samosas,Snacks & Namkeen,4,Freezer 6
Deep Spicy Veggie Burgers,డీప్ స్పైసీ వెజ్జీ బర్గర్స్,डीप स्पाइसी वेजी बर्गर,,Frozen Foods,4,Freezer 6
Minute Khana Classic Cheese Pizza Pockets,మినిట్ ఖానా క్లాసిక్ చీజ్ పిజ్జా పాకెట్స్,मिनट खाना क्लासिक चीज़ पिज़्ज़ा पॉकेट्स,,Frozen Foods,4,Freezer 6
Minute Khana Mazedaar Aloo Special Pockets,నిమిషం ఖానా మజేదార్ ఆలూ ప్రత్యేక పాకెట్స్,मिनट खाना मजादार आलू स्पेशल पॉकेट,deep fried samosas,Frozen Foods,4,Freezer 6
Minute Khana Spinach Corn & Cheese Pockets,మినిట్ ఖానా స్పినాచ్ కార్న్ & చీజ్ పాకెట్స్,मिनट खाना पालक कॉर्न और चीज़ पॉकेट्स,,Snacks & Namkeen,4,Freezer 6
Himalayan Delight Cheese Lovers Pizza,హిమాలయన్ డిలైట్ చీజ్ లవర్స్ పిజ్జా,हिमालयन डिलाइट चीज़ लवर्स पिज़्ज़ा,paneer,Frozen Foods,4,Freezer 6
Deep Samosas Potato & Pea,డీప్ సమోసాలు బంగాళాదుంప & బఠానీ,आलू और मटर के साथ डीप समोसे,snack,Snacks & Namkeen,4,Freezer 6
Deep Samosas Jalapeno Cheese,డీప్ సమోసాలు జలపెనో చీజ్,"डीप समोसे, जलेपीनो चीज़",snack,Snacks & Namkeen,4,Freezer 6
Minute Khana Tandoori Paneer Samosa,నిమిషం ఖానా తందూరి పనీర్ సమోసా,मिनट खाना तंदूरी पनीर समोसा,deep fried samosas,Snacks & Namkeen,4,Freezer 6
Minute Khana Jalapeno & Cheese Samosa,నిమిషం ఖానా జలపెనో & చీజ్ సమోసా,मिनट खाना जलपीनो और पनीर समोसा,potato samosa|snack|deep fried samosas,Snacks & Namkeen,4,Freezer 6
Laxmi Punjabi Samosa,లక్ష్మి పంజాబీ సమోసా,लक्ष्मी पंजाबी समोसा,deep fried samosas|chicken samosa,Snacks & Namkeen,4,Freezer 6
Ashoka Jalapeno Cheese Samosa,అశోక జలపెనో చీజ్ సమోసా,अशोका जलापेनो चीज़ समोसा,snack|deep fried samosas,Snacks & Namkeen,4,Freezer 6
Ashoka Spinach Paneer Samosa,అశోక పాలకూర పనీర్ సమోసా,अशोक पालक पनीर समोसा,deep fried samosas|snack|paneer cheese,Snacks & Namkeen,4,Freezer 6
Minute Khana Dal Makhani,మినిట్ ఖానా దాల్ మఖానీ,मिनट खाना दाल मखानी,,Ready to Eat & Instant,4,Freezer 6
Minute Khana Hyderabadi Biryani,నిమిషం ఖానా హైదరాబాదీ బిర్యానీ,मिनट खाना हैदराबादी बिरयानी,spice|indian rice dish,Ready to Eat & Instant,4,Freezer 6
Minute Khana Bhindi Masala,మినిట్ ఖానా భిండి మసాలా,मिनट खाना भिंडी मसाला,spice,Ready to Eat & Instant,4,Freezer 6
Minute Khana Palak Paneer,నిమిషం ఖానా పాలక్ పనీర్,मिनट खाना पालक पनीर,paneer cheese|spicy,Ready to Eat & Instant,4,Freezer 6
Minute Khana Paneer Butter Masala,మినిట్ ఖానా పనీర్ బటర్ మసాలా,मिनट खाना पनीर बटर मसाला,spice,Ready to Eat & Instant,4,Freezer 6
Minute Khana Matar Paneer,నిమిషం ఖానా మటర్ పనీర్,मिनट खाना मटर पनीर,paneer cheese|spicy,Ready to Eat & Instant,4,Freezer 6
Minute Khana Dal Tadka,నిమిషం ఖానా దాల్ తడ్కా,मिनट खाना दाल तड़का,split black gram,Dals & Pulses,4,Freezer 6
Deep D Bajra Rotla,దీప్ డి బజ్రా రోట్లా,दीप डी बाजरा रोटला,pearl millet roti,"Rava, Poha & Grains",4,Freezer 6
Minute Khana Sandwich Dhokla,మినిట్ ఖానా శాండ్‌విచ్ ధోక్లా,मिनट खाना सैंडविच ढोकला,,Ready to Eat & Instant,4,Freezer 6
Deep D Methi Gota,దీప్ డి మేథి గోటా,दीप डी मेथी गोटा,deep carom seeds flatbread,"Rava, Poha & Grains",4,Freezer 6
Deep Methi Thepla,డీప్ మేథి తేప్లా,दीप मेथी थेपला,,"Rava, Poha & Grains",4,Freezer 6
Deep Paratha Plain,డీప్ పరాఠా మైదానం,डीप पराठा प्लेन,deep carom seeds flatbread,"Rava, Poha & Grains",4,Freezer 6
Minute Khana Chule Kulcha,మినిట్ ఖానా చులే కుల్చా,मिनट खाना चूले कुलचा,north indian bread,"Rava, Poha & Grains",4,Freezer 6
Minute Khana Cocktail Samosa,మినిట్ ఖానా కాక్‌టెయిల్ సమోసా,मिनट खाना कॉकटेल समोसा,deep fried samosas,Snacks & Namkeen,4,Freezer
Minute Khana Special Samosa,మినిట్ ఖానా స్పెషల్ సమోసా,मिनट खाना स्पेशल समोसा,deep fried samosas|potato samosa|snack,Snacks & Namkeen,4,Freezer
Deep Jalapeno Cheese Samosa,డీప్ జలపెనో చీజ్ సమోసా,डीप जलापेनो चीज़ समोसा,potato samosa|snack|deep fried samosas,Snacks & Namkeen,4,Freezer 6
Deep Spinach Paneer Samosa,డీప్ స్పినాచ్ పనీర్ సమోసా,डीप पालक पनीर समोसा,deep fried samosas|paneer cheese,Snacks & Namkeen,4,Freezer 6
Deep Mut'n Keema Samosa,డీప్ మట్'న్ కీమా సమోసా,डीप मटन कीमा समोसा,deep fried samosas,Snacks & Namkeen,4,Freezer 7
Deep Keema Samosa,డీప్ కీమా సమోసా,दीप कीमा समोसा,deep fried samosas,Snacks & Namkeen,4,Freezer
Deep Jalapeno Cheese Samosa,డీప్ జలపెనో చీజ్ సమోసా,डीप जलापेनो चीज़ समोसा,potato samosa|snack|deep fried samosas,Snacks & Namkeen,4,Freezer
Deep Samosa,డీప్ సమోసా,डीप समोसा,deep fried samosas,Snacks & Namkeen,4,Freezer
Deep Pizza,డీప్ పిజ్జా,डीप पिज्जा,,Frozen Foods,4,Freezer 6
Minute Khana Dal Makhani,మినిట్ ఖానా దాల్ మఖానీ,मिनट खाना दाल मखानी,,Ready to Eat & Instant,4,Freezer
Minute Khana Bhindi Masala,మినిట్ ఖానా భిండి మసాలా,मिनट खाना भिंडी मसाला,spice,Ready to Eat & Instant,4,Freezer
Minute Khana Hyderabadi Biryani,నిమిషం ఖానా హైదరాబాదీ బిర్యానీ,मिनट खाना हैदराबादी बिरयानी,spice|indian rice dish,Ready to Eat & Instant,4,Freezer
Minute Khana Paneer Makhani,మినిట్ ఖానా పనీర్ మఖానీ,मिनट खाना पनीर मखानी,,Ready to Eat & Instant,4,Freezer
Deep Palak Kofta,దీప్ పాలక్ కోఫ్తా,दीप पालक कोफ्ता,,Ready to Eat & Instant,4,Freezer
Deep Paneer Makhani,డీప్ పనీర్ మఖానీ,डीप पनीर मखानी,paneer cheese,Ready to Eat & Instant,4,Freezer
Deep Bhindi Masala,డీప్ భిండి మసాలా,दीप भिंडी मसाला,,Ready to Eat & Instant,4,Freezer
Deep Palak Paneer,డీప్ పాలక్ పనీర్,दीप पालक पनीर,paneer cheese,Ready to Eat & Instant,4,Freezer
Deep Paneer Butter Masala,డీప్ పనీర్ బట్టర్ మసాలా,डीप पनीर बटर मसाला,,Sauces & Pastes,4,Freezer
Deep Paneer Tikka,డీప్ పనీర్ టిక్కా,डीप पनीर टिक्का,paneer cheese|barar s paneer,Snacks & Namkeen,4,Freezer
Deep Pav Bhaji,దీప్ పావ్ భాజీ,दीप पाव भाजी,deep naan,Frozen Foods,4,Freezer
Deep Rajma Masala,డీప్ రాజ్మా మసాలా,दीप राजमा मसाला,kidney beans,Dals & Pulses,4,Freezer
D Matar Paneer,డి మటర్ పనీర్,डी मटर पनीर,paneer cheese|barar s paneer,Dals & Pulses,4,Freezer
D Dal Tadka,డి దాల్ తడ్కా,डी दाल तड़का,tuvar dal|pigeon pea|split black gram,Dals & Pulses,4,Freezer
H Kadai Paneer,హెచ్ కడాయి పనీర్,एच कढ़ाई पनीर,paneer cheese,Dairy & Paneer,4,Freezer
Deep Patra,దీప్ పాత్ర,दीप पात्रा,deep naan|deep carom seeds flatbread|sooji|rava|semolina,"Rava, Poha & Grains",4,Freezer
Deep Gari Gujarati,దీప్ గారి గుజరాతీ,दीप गारी गुजराती,deep fried samosas|deep naan,Sweets & Mithai,4,Freezer
Deep Undhiyu,దీప్ ఉంధియు,दीप उंधियु,sooji|rava|semolina,Ready to Eat & Instant,4,Freezer
Deep Paneer Paratha,డీప్ పనీర్ పరాఠా,डीप पनीर पराठा,deep carom seeds flatbread|paneer cheese|barar s paneer|carom seeds flatbread,Ready to Eat & Instant,4,Freezer
Deep Thepla,డీప్ తేప్లా,डीप थेपला,,Ready to Eat & Instant,4,Freezer
D Batra Rotla,డి బాత్రా రోట్లా,डी बत्रा रोटला,pearl millet roti,"Rava, Poha & Grains",4,Freezer
Surti Khaman,సుర్తి ఖమన్,सुरती खमान,khaman mix,Ready to Eat & Instant,4,Freezer
Deep Aloo Puri,డీప్ ఆలూ పూరీ,डीप आलू पूरी,,Ready to Eat & Instant,4,Freezer
Deep Turich Masala,డీప్ తురిచ్ మసాలా,डीप तुरिच मसाला,garam masala,Spices & Masalas,4,Freezer
Deep Pakora Spinach,డీప్ పకోరా పాలకూర,डीप पकोड़ा पालक,,Ready to Eat & Instant,4,Freezer
Deep Rumali Roti,డీప్ రుమాలి రోటి,डीप रुमाली रोटी,sooji,"Rava, Poha & Grains",4,Freezer
Deep Sandwich Dhokla,డీప్ శాండ్‌విచ్ ధోక్లా,डीप सैंडविच ढोकला,,Ready to Eat & Instant,4,Freezer
D Methi Gota,డి మేథి గోటా,डी मेथी गोटा,,Dry Fruits & Nuts,4,Freezer
D Muthia,డి ముతియా,डी मुथिया,,Dry Fruits & Nuts,4,Freezer
Methi Thepla,మెథి తేప్లా,मेथी थेपला,,"Rava, Poha & Grains",4,Freezer
Paratha Plain,పరాఠా మైదానం,पराठा प्लेन,deep carom seeds flatbread,Atta & Flours,4,Freezer
Minute Khana Chole Kulcha,మినిట్ ఖానా చోలే కుల్చా,मिनट खाना छोले कुलचा,,Ready to Eat & Instant,4,Freezer
Deep Punjabi Samosa,డీప్ పంజాబీ సమోసా,डीप पंजाबी समोसा,deep fried samosas,Snacks & Namkeen,4,Freezer
Haldiram's Minute Khana Punjabi Samosa,హల్దీరామ్ యొక్క నిమిషం ఖానా పంజాబీ సమోసా,हल्दीराम मिनट खाना पंजाबी समोसा,deep fried samosas,Snacks & Namkeen,4,Freezer
Deep G Chana Jor Garam,దీప్ జి చనా జోర్ గరం,दीप जी चना जोर गरम,chickpeas,Ready to Eat & Instant,4,Freezer 10
Bhagwati Muthiya,భగవతి ముతియా,भगवती मुठिया,muruku,Ready to Eat & Instant,4,Freezer 10
Haldiram's Minute Khana Dal Tadka,హల్దీరామ్ యొక్క నిమిషం ఖానా దాల్ తడ్కా,हल्दीराम मिनट खाना दाल तड़का,chickpeas,Ready to Eat & Instant,4,Freezer
Deep Baingan Bharta,దీప్ బైంగన్ భర్తా,दीप बैंगन भर्ता,,Ready to Eat & Instant,4,Freezer
Deep Paneer Tikka Masala,డీప్ పనీర్ టిక్కా మసాలా,डीप पनीर टिक्का मसाला,,Ready to Eat & Instant,4,Freezer
Deep Banana Chips (Pepper),డీప్ బనానా చిప్స్ (పెప్పర్),डीप बनाना चिप्स (पेपर),snacks,Snacks & Namkeen,4,Freezer
Deep Onion Paratha,డీప్ ఆనియన్ పరాఠా,डीप अनियन पराठा,aloo pyaz paratha|aloo paratha|deep carom seeds flatbread|aloo paratha bulk,Ready to Eat & Instant,4,Freezer
Deep Mixed Vegetable Paratha,డీప్ మిక్స్డ్ వెజిటబుల్ పరాఠా,डीप मिक्स्ड वेजिटेबल पराठा,aloo paratha|aloo paratha bulk|aloo pyaz paratha|deep carom seeds flatbread,Ready to Eat & Instant,4,Freezer
Deep Lachha Paratha,డీప్ లచ్చా పరాఠా,दीप लच्छा पराठा,deep carom seeds flatbread|carom seeds flatbread|aloo paratha|aloo paratha bulk,Ready to Eat & Instant,4,Freezer
Deep Aloo Paratha,డీప్ ఆలూ పరాఠా,डीप आलू पराठा,,Ready to Eat & Instant,4,Freezer
Deep Masala Dosa,డీప్ మసాలా దోస,डीप मसाला डोसा,,Ready to Eat & Instant,4,Freezer
Deep Onion Uttapam,డీప్ ఆనియన్ ఉత్తప్పం,डीप अनियन उत्तपम,pyaz|ullipaya|erragaddalu,Ready to Eat & Instant,4,Freezer
Deep Mathia,డీప్ మథియా,दीप मथिया,,Ready to Eat & Instant,4,Freezer
Deep Bhatura,దీప్ భటూరా,दीप भटूरा,fried|bread,Ready to Eat & Instant,4,Freezer
Kawan Chapatti,కవాన్ చపాతీ,कवान चपाती,flatbread|indian bread|flour,Atta & Flours,4,Freezer
Deep Jalapeno Cheese Samosa,డీప్ జలపెనో చీజ్ సమోసా,डीप जलापेनो चीज़ समोसा,potato samosa|snack|deep fried samosas,Snacks & Namkeen,4,Freezer 8
Deep Cocktail Samosa,డీప్ కాక్‌టెయిల్ సమోసా,डीप कॉकटेल समोसा,deep fried samosas,Snacks & Namkeen,4,Freezer 9
Haldiram Minute Khana Cocktail Samosa,హల్దీరామ్ మినిట్ ఖానా కాక్‌టెయిల్ సమోసా,हल्दीराम मिनट खाना कॉकटेल समोसा,deep fried samosas,Snacks & Namkeen,4,Freezer 9
Haldiram Minute Khana Punjabi Choley,హల్దీరామ్ మినిట్ ఖానా పంజాబీ చోలే,हल्दीराम मिनट खाना पंजाबी छोले,deep fried samosas,Dals & Pulses,4,Freezer 9
Haldiram Minute Khana Punjabi Sarson Ka Saag,హల్దీరామ్ మినిట్ ఖానా పంజాబీ సర్సన్ కా సాగ్,हल्दीराम मिनट खाना पंजाबी सरसों का साग,deep fried samosas,Ready to Eat & Instant,4,Freezer 9
Haldiram Minute Khana Sambhar,హల్దీరామ్ మినిట్ ఖానా సంభార్,हल्दीराम मिनट खाना सांभर,deep fried samosas,Ready to Eat & Instant,4,Freezer 9
Laxmi Shahi Malai Kofta,లక్ష్మి షాహి మలై కోఫ్తా,लक्ष्मी शाही मलाई कोफ्ता,paneer,Ready to Eat & Instant,4,Freezer
Laxmi Methi Malai Matar,లక్ష్మి మేతి మలై మాతర్,लक्ष्मी मेथी मलाई मटर,paneer|tuvar dal|pigeon pea,Ready to Eat & Instant,4,Freezer
Laxmi Shahi Paneer,లక్ష్మి షాహి పనీర్,लक्ष्मी शाही पनीर,paneer cheese|barar s paneer,Ready to Eat & Instant,4,Freezer
Laxmi Yellow Dal Tadka,లక్ష్మి పసుపు పప్పు తడ్కా,लक्ष्मी येलो दाल तड़का,tuvar dal|pigeon pea,Dals & Pulses,4,Freezer
Aashirvaad Aloo Paratha,ఆశీర్వాద్ ఆలూ పరాఠా,आशीर्वाद आलू पराठा,deep carom seeds flatbread|carom seeds flatbread,Atta & Flours,4,Freezer
Aashirvaad Paneer Paratha,ఆశీర్వాద్ పనీర్ పరాఠా,आशीर्वाद पनीर पराठा,carom seeds flatbread|deep carom seeds flatbread,Biscuits & Bakery,4,Freezer
Deep Rice Roti,డీప్ రైస్ రోటీ,डीप राइस रोटी,chawal|biyyam,Rice,4,Freezer
Deep Idli,దీప్ ఇడ్లీ,डीप इडली,sooji|rava,"Rava, Poha & Grains",4,Freezer
Deep Onion Rava Masala Dosa,డీప్ ఆనియన్ రవా మసాలా దోస,डीप अनियन रवा मसाला डोसा,,Ready to Eat & Instant,4,Freezer
Deep Puffs Pastry Sheets,డీప్ పఫ్స్ పేస్ట్రీ షీట్లు,डीप पफ पेस्ट्री शीट,,Biscuits & Bakery,4,Freezer
Deep Mut'n Keema Samosa,డీప్ మట్'న్ కీమా సమోసా,डीप मटन कीमा समोसा,deep fried samosas,Snacks & Namkeen,4,Freezer 8
Deep Samosas,డీప్ సమోసాలు,डीप समोसे,deep fried samosas,Snacks & Namkeen,4,Freezer 8
Minute Khana Cocktail Samosa,మినిట్ ఖానా కాక్‌టెయిల్ సమోసా,मिनट खाना कॉकटेल समोसा,deep fried samosas,Snacks & Namkeen,4,Freezer 8
Minute Khana Punjabi Choley,మినిట్ ఖానా పంజాబీ చోలే,मिनट खाना पंजाबी छोले,split black gram,Dals & Pulses,4,Freezer 8
Deep Mutter Paneer,డీప్ మటర్ పనీర్,डीप मटर पनीर,paneer cheese|barar s paneer,Ready to Eat & Instant,4,Freezer 8
Deep Paneer Makhani,డీప్ పనీర్ మఖానీ,डीप पनीर मखानी,paneer cheese,Ready to Eat & Instant,4,Freezer 8
Deep Paneer Masala,డీప్ పనీర్ మసాలా,डीप पनीर मसाला,,Spices & Masalas,4,Freezer 8
Deep Pav Bhaji,దీప్ పావ్ భాజీ,दीप पाव भाजी,deep naan,Frozen Foods,4,Freezer 8
Deep Punjabi Choley,డీప్ పంజాబీ చోలే,दीप पंजाबी छोले,,Ready to Eat & Instant,4,Freezer 8
Deep Shahi Paneer,డీప్ షాహి పనీర్,दीप शाही पनीर,paneer cheese|barar s paneer,Ready to Eat & Instant,4,Freezer 8
Deep Garvi Gujarat Khaman Dhokla,దీప్ గర్వి గుజరాత్ ఖమన్ ధోక్లా,दीप गर्वी गुजरात खमण ढोकला,,Ready to Eat & Instant,4,Freezer 8
Deep Garvi Gujarat Patra,దీప్ గర్వి గుజరాత్ పాత్ర,दीप गरवी गुजरात पात्रा,gujarati sweets,Sweets & Mithai,4,Freezer 8
Aashirvaad Paneer Paratha,ఆశీర్వాద్ పనీర్ పరాఠా,आशीर्वाद पनीर पराठा,carom seeds flatbread|deep carom seeds flatbread,Biscuits & Bakery,4,Freezer 8
Deep Mirch Masala Aloo Puri,డీప్ మిర్చ్ మసాలా ఆలూ పూరీ,डीप मिर्च मसाला आलू पूरी,deep naan,Ready to Eat & Instant,4,Freezer 8
Vadilal Rumali Roti,వాదిలాల్ రుమాలి రోటి,वडीलाल रुमाली रोटी,,"Rava, Poha & Grains",4,Freezer 8
Deep Pakora Onion,డీప్ పకోరా ఉల్లిపాయ,डीप पकोड़ा प्याज,pyaz|ullipaya|erragaddalu,Frozen Foods,4,Freezer 8
Minute Khana Puffs Pastry Sheets,నిమిషాల ఖానా పఫ్స్ పేస్ట్రీ షీట్లు,मिनट खाना पफ पेस्ट्री शीट,,Biscuits & Bakery,4,Freezer 8
Aashirvaad Paratha,ఆశీర్వాద్ పరాఠా,आशीर्वाद पराठा,aloo paratha|carom seeds flatbread|deep carom seeds flatbread|aloo paratha bulk|aloo pyaz paratha,"Rava, Poha & Grains",4,Freezer 8
Haldiram's Hyderabadi Biryani,హల్దీరామ్స్ హైదరాబాదీ బిర్యానీ,हल्दिराम की हैदराबादी बिरयानी,indian rice dish|mixed rice,Ready to Eat & Instant,4,Rack 133
Haldiram's Sarson Da Saag,హల్దీరామ్స్ సర్సన్ దా సాగ్,हल्दीराम की सरसों दा साग,,Ready to Eat & Instant,4,Rack 133
Haldiram's Pao Bhaji,హల్దీరామ్స్ పావ్ భాజీ,हल्दीराम की पाव भाजी,mumbai street food|snacks|snack,Snacks & Namkeen,4,Rack 133
Haldiram's Rajma Raseela,హల్దీరామ్ యొక్క రాజ్మా రసీలా,हल्दिराम की राजमा रसीला,kidney beans|slow cooked stew,Ready to Eat & Instant,4,Rack 133
Haldiram's Aloo Mutter,హల్దీరామ్స్ ఆలూ మటర్,हल्दीराम का आलू मटर,,Snacks & Namkeen,4,Rack 133
Haldiram's Dilli Style Choley,హల్దీరామ్స్ దిల్లీ స్టైల్ చోలే,हल्दीराम के दिल्ली स्टाइल छोले,indian snack,Snacks & Namkeen,4,Rack 133
Haldiram's Kadhi Pakoda,హల్దీరామ్ కధి పకోడా,हल्दीराम की कढ़ी पकोड़ा,indian snack,Snacks & Namkeen,4,Rack 133
Haldiram's Paneer Makhani,హల్దీరామ్స్ పనీర్ మఖానీ,हल्दीराम का पनीर मखानी,paneer cheese,Ready to Eat & Instant,4,Rack 134
Haldiram's Kadhi Pakoda,హల్దీరామ్ కధి పకోడా,हल्दीराम की कढ़ी पकोड़ा,indian snack,Snacks & Namkeen,4,Rack 134
Haldiram's Mutter Paneer,హల్దీరామ్ యొక్క మటర్ పనీర్,हल्दीराम का मटर पनीर,paneer cheese,Ready to Eat & Instant,4,Rack 134
Haldiram's Sarson Da Saag,హల్దీరామ్స్ సర్సన్ దా సాగ్,हल्दीराम की सरसों दा साग,,Ready to Eat & Instant,4,Rack 134
Haldiram's Rajma Raseela,హల్దీరామ్ యొక్క రాజ్మా రసీలా,हल्दिराम की राजमा रसीला,kidney beans|slow cooked stew,Ready to Eat & Instant,4,Rack 134
Haldiram's Pao Bhaji,హల్దీరామ్స్ పావ్ భాజీ,हल्दीराम की पाव भाजी,mumbai street food|snacks|snack,Snacks & Namkeen,4,Rack 134
MTR Palak Paneer,MTR పాలక్ పనీర్,एमटीआर पालक पनीर,paneer cheese,Ready to Eat & Instant,4,Rack 135
MTR Paneer Butter Masala,MTR పనీర్ బట్టర్ మసాలా,एमटीआर पनीर बटर मसाला,paneer cheese,Ready to Eat & Instant,4,Rack 135
MTR Paneer,MTR పనీర్,एमटीआर पनीर,paneer cheese,Dairy & Paneer,4,Rack 135
MTR Aloo Methi,MTR ఆలూ మేథి,एमटीआर आलू मेथी,,Ready to Eat & Instant,4,Rack 135
MTR Sambar,MTR సాంబార్,एमटीआर सांभर,,Ready to Eat & Instant,4,Rack 135
Gits Paneer Tikka Masala,గిట్స్ పనీర్ టిక్కా మసాలా,गिट्स पनीर टिक्का मसाला,paneer cheese,Ready to Eat & Instant,4,Rack 135
Everest Kasuri Methi,ఎవరెస్ట్ కసూరి మేథి,एवरेस्ट कसूरी मेथी,,Spices & Masalas,4,Rack 137
Aastha Methi,ఆస్థా మేథి,आस्था मेथी,,Spices & Masalas,4,Rack 137
Aastha Kasuri Methi,ఆస్థా కసూరి మేథి,आस्था कसूरी मेथी,,Spices & Masalas,4,Rack 137
Deep Masala Papadi,దీప్ మసాలా పాపడి,डीप मसाला पापड़ी,puchka masala|golgappas spice|tea spice,Spices & Masalas,4,Rack 37
Deep Fafda,డీప్ ఫాఫ్డా,दीप फाफड़ा,sooji|rava|semolina,"Rava, Poha & Grains",4,Rack 37
Haldiram Chat Papdi,హల్దీరామ్ చాట్ పాప్డి,हल्दीराम चाट पापड़ी,,Pickles & Chutneys,4,Rack 38
Masala Para,మసాలా పారా,मसाला पारा,puchka masala|golgappas spice,Spices & Masalas,4,Rack 38
Chitale Bakarwadi,చిటాలే బకర్వాడి,चिताले बकरवाड़ी,mumbai street food|pearl millet biscuit,Snacks & Namkeen,4,Rack 39
Anand Rice Roti,ఆనంద్ రైస్ రోటీ,आनंद चावल की रोटी,chawal|biyyam,"Rava, Poha & Grains",4,Rack 40
Chitale product,చిటాలే ఉత్పత్తి,चिताले उत्पाद,,Other,4,Rack 45
Lamb Seekh Kebab,లాంబ్ సీఖ్ కబాబ్,लैंब सीख कबाब,indian street food,Ready to Eat & Instant,4,Rack 51
Chicken Samosa,చికెన్ సమోసా,चिकन समोसा,snack,Snacks & Namkeen,4,Rack 53
Frozen Food Pack 1,ఘనీభవించిన ఆహార ప్యాక్ 1,फ्रोजन फूड पैक 1,,Frozen Foods,4,Freezer
Frozen Food Pack 2,ఘనీభవించిన ఆహార ప్యాక్ 2,फ्रोजन फूड पैक 2,,Frozen Foods,4,Freezer
Frozen Food Pack 3,ఘనీభవించిన ఆహార ప్యాక్ 3,फ्रोजन फूड पैक 3,,Frozen Foods,4,Freezer
Frozen Food Pack 4,ఘనీభవించిన ఆహార ప్యాక్ 4,फ्रोजन फूड पैक 4,,Frozen Foods,4,Freezer
Frozen Food Pack 5,ఘనీభవించిన ఆహార ప్యాక్ 5,फ्रोजन फूड पैक 5,,Frozen Foods,4,Freezer
Frozen Food Pack 6,ఘనీభవించిన ఆహార ప్యాక్ 6,फ्रोजन फूड पैक 6,,Frozen Foods,4,Freezer
Rohu,రోహు,रोहू,,Dals & Pulses,4,Freezer
Steak,స్టీక్,माँस का कबाब,,Frozen Foods,4,Freezer
King Fish,కింగ్ ఫిష్,किंग फिश,,Frozen Foods,4,Freezer
Frozen Food Pack 7,ఘనీభవించిన ఆహార ప్యాక్ 7,फ्रोजन फूड पैक 7,,Frozen Foods,4,Freezer
Silver Pomfret,సిల్వర్ పామ్‌ఫ్రెట్,सिल्वर पोमफ्रेट,,Frozen Foods,4,Freezer
Frozen Food Pack 8,ఘనీభవించిన ఆహార ప్యాక్ 8,फ्रोजन फूड पैक 8,,Frozen Foods,4,Freezer
Amma Vada with Chutney,అమ్మ వడ చట్నీతో,चटनी के साथ अम्मा वड़ा,indian snack,Snacks & Namkeen,4,Freezer
Tuna Steak,ట్యూనా స్టీక్,ट्यूना टिक्की,,Frozen Foods,4,Freezer
Lachcha Paratha,లచ్చా పరాఠా,लच्छा पराठा,carom seeds flatbread|deep carom seeds flatbread,"Rava, Poha & Grains",4,Rack 56
Chicken Biryani,చికెన్ బిర్యానీ,चिकन बिरयानी,indian rice dish,Ready to Eat & Instant,4,Freezer
Nanak Rasmalai,నానక్ రసమలై,नानक रसमलाई,deep naan,Sweets & Mithai,4,Freezer
Amma's Kitchen Medu Vada with Chutney,చట్నీతో అమ్మ కిచెన్ మేడు వడ,चटनी के साथ अम्मा की रसोई मेदु वड़ा,south indian,Frozen Foods,4,Freezer
Rohu Steak,రోహు స్టీక్,रोहू स्टेक,,Frozen Foods,4,Freezer
Kaise Tandoori Chicken,కైసే తందూరి చికెన్,कैसे तंदूरी चिकन,,Ready to Eat & Instant,4,Rack 51
Bikaji Chicken Kabab Roll,బికాజీ చికెన్ కబాబ్ రోల్,बिकाजी चिकन कबाब रोल,indian street food|kebabs,Snacks & Namkeen,4,Rack 51
Chapli Kabab,చప్లీ కబాబ్,चपली कबाब,indian street food|kebabs,Snacks & Namkeen,4,Rack 52
Lamb Biryani,లాంబ్ బిర్యానీ,लैंब बिरयानी,indian rice dish,Rice,4,Rack 52
Seekh Kabab,సీఖ్ కబాబ్,सीख कबाब,indian street food|kebabs,Snacks & Namkeen,4,Rack 52
Chicken Vindaloo,చికెన్ విండాలూ,चिकन विंदालू,vindaloo chicken,Ready to Eat & Instant,4,Rack 53
Kadai Chicken,కడాయి చికెన్,कढ़ाई चिकन,kadai chicken masala|chicken masala,Ready to Eat & Instant,4,Rack 53
Chicken Biryani,చికెన్ బిర్యానీ,चिकन बिरयानी,indian rice dish,Ready to Eat & Instant,4,Rack 53
Shahi Chicken Korma,షాహీ చికెన్ కోర్మా,शाही चिकन कोरमा,mughlai cuisine,Ready to Eat & Instant,4,Rack 53
Chicken Chapli Kebab,చికెన్ చప్లీ కబాబ్,चिकन चपली कबाब,chicken kabab|indian street food|mughlai cuisine,Ready to Eat & Instant,4,Rack 54
Chicken Samosa,చికెన్ సమోసా,चिकन समोसा,snack,Snacks & Namkeen,4,Rack 54
Shahnawaz Chicken,షానవాజ్ చికెన్,शाहनवाज़ चिकन,marinade for chicken,Ready to Eat & Instant,4,Rack 54
Chicken Shami Kebab,చికెన్ షామీ కబాబ్,चिकन शमी कबाब,chicken kabab,Snacks & Namkeen,4,Rack 54
Chicken Tikka,చికెన్ టిక్కా,चिकन टिक्का,chicken tikka mix|tikka chicken mix,Snacks & Namkeen,4,Rack 54
Gajar Halwa,గజర్ హల్వా,गाजर हलवा,,Sweets & Mithai,4,Rack 55
Bikaji Mini Gulab Jamun,బికాజీ మినీ గులాబ్ జామున్,बिकाजी मिनी गुलाब जामुन,,Sweets & Mithai,4,Rack 55
Bikaji Malai Rabri,బికాజీ మలై రబ్రి,बिकाजी मलाई रबड़ी,,Dairy & Paneer,4,Rack 55
Nanak Rasmalai,నానక్ రసమలై,नानक रसमलाई,deep naan,Sweets & Mithai,4,Rack 55
Haldiram's Paratha,హల్దీరామ్ పరాఠా,हल्दीराम का पराठा,aloo paratha|aloo paratha bulk,Snacks & Namkeen,4,Rack 56
Minute Khana Homestyle Paratha,మినిట్ ఖానా హోమ్‌స్టైల్ పరాఠా,मिनट खाना होमस्टाइल पराठा,aloo paratha|deep carom seeds flatbread|aloo paratha bulk,Snacks & Namkeen,4,Rack 56
Minute Khana Lachcha Paratha,నిమిషం ఖానా లచ్చా పరాఠా,मिनट खाना लच्छा पराठा,aloo paratha,Snacks & Namkeen,4,Rack 56
Seafood Delight,సీఫుడ్ డిలైట్,समुद्री भोजन का आनंद,,Frozen Foods,4,Freezer
Puttu,పుట్టు,पुट्टू,puttu powder,Dry Fruits & Nuts,4,Freezer
Silver Fish,వెండి చేప,सिल्वर मछली,,Dry Fruits & Nuts,4,Freezer
Medhu Vada,మేధు వడ,मेधु वड़ा,potato vada,Snacks & Namkeen,4,Freezer
Anand Kozhukkatta,ఆనంద్ కోజుక్కట్ట,आनंद कोझुक्कट्टा,,Ready to Eat & Instant,4,Rack 57
Kaiser Tandoori Chicken Roll,కైజర్ తందూరి చికెన్ రోల్,कैसर तंदूरी चिकन रोल,,Ready to Eat & Instant,4,Rack 57
Kaiser Chicken Kabab Roll,కైజర్ చికెన్ కబాబ్ రోల్,कैसर चिकन कबाब रोल,kebabs,Ready to Eat & Instant,4,Rack 57
Anand Family Pack Malabar Parotta,ఆనంద్ ఫ్యామిలీ ప్యాక్ మలబార్ పరోటా,आनंद फैमिली पैक मालाबार परोटा,,"Rava, Poha & Grains",4,Rack 57
Lamb Seekh Kebab,లాంబ్ సీఖ్ కబాబ్,लैंब सीख कबाब,indian street food,Ready to Eat & Instant,4,Rack 57
Minute Khana,నిమిషం ఖానా,मिनट खाना,,Ready to Eat & Instant,4,Rack 58
Chicken Keema,చికెన్ కీమా,चिकन कीमा,kodi keema,Frozen Foods,4,Rack 58
Chapli Kabab,చప్లీ కబాబ్,चपली कबाब,indian street food|kebabs,Snacks & Namkeen,4,Rack 58
Mutton Coconut Fry,మటన్ కొబ్బరి ఫ్రై,मटन नारियल फ्राई,,Frozen Foods,4,Rack 59
Daily Delight Tapioca with Fish Curry,డైలీ డిలైట్ టాపియోకా విత్ ఫిష్ కర్రీ,डेली डिलाइट टैपिओका विद फिश करी,,Frozen Foods,4,Rack 59
Chicken Curry,చికెన్ కర్రీ,चिकन करी,kodi kura paste|kodi kuri peest,Sauces & Pastes,4,Rack 59
Kadai Chicken,కడాయి చికెన్,कढ़ाई चिकन,kadai chicken masala|chicken masala,Ready to Eat & Instant,4,Rack 59
Chicken Samosa,చికెన్ సమోసా,चिकन समोसा,snack,Snacks & Namkeen,4,Rack 59
Plain Porotta,సాదా పొరోటా,प्लेन पोरोटा,,"Rava, Poha & Grains",4,Rack 60
Veechu Parotta,వీచు పరోటా,वीचु परोटा,,"Rava, Poha & Grains",4,Rack 60
Himalayan Momo,హిమాలయన్ మోమో,हिमालयन मोमो,,Frozen Foods,4,Rack 60
Chicken Chapli Kabab,చికెన్ చప్లీ కబాబ్,चिकन चपली कबाब,,Snacks & Namkeen,4,Rack 60
Chicken Samosa,చికెన్ సమోసా,चिकन समोसा,snack,Snacks & Namkeen,4,Rack 60
Shahnawaz Shami Kebab,షానవాజ్ షమీ కబాబ్,शाहनवाज़ शमी कबाब,chicken kabab,Snacks & Namkeen,4,Rack 60
Paratha,పరాఠా,पराठा,,"Rava, Poha & Grains",4,Rack 67
Rasmalai,రసమలై,रस मलाई,,Sweets & Mithai,4,Rack 61
Nanak Gajar Halwa,నానక్ గజర్ హల్వా,नानक गाजर हलवा,,Sweets & Mithai,4,Rack 61
Bikaji Gulab Jamun,బికాజీ గులాబ్ జామున్,बिकाजी गुलाब जामुन,,Sweets & Mithai,4,Rack 61
Malai Rabri,మలై రబ్రి,मलाई रबड़ी,paneer,Dairy & Paneer,4,Rack 61
Patta,పట్టా,पत्ता,,Snacks & Namkeen,4,Rack 67
Deep Homestyle Paratha,డీప్ హోమ్‌స్టైల్ పరాఠా,डीप होमस्टाइल पराठा,deep carom seeds flatbread|aloo paratha|carom seeds flatbread,Biscuits & Bakery,4,Rack 62
Paratha,పరాఠా,पराठा,,"Rava, Poha & Grains",4,Rack 62
Minute Khana Homestyle Paratha,మినిట్ ఖానా హోమ్‌స్టైల్ పరాఠా,मिनट खाना होमस्टाइल पराठा,aloo paratha|deep carom seeds flatbread|aloo paratha bulk,Snacks & Namkeen,4,Rack 62
Minute Khana Lachcha Paratha,నిమిషం ఖానా లచ్చా పరాఠా,मिनट खाना लच्छा पराठा,aloo paratha,Snacks & Namkeen,4,Rack 62
Vadilal Rajbhog Shrikhand,వాదిలాల్ రాజ్‌భోగ్ శ్రీఖండ్,वडीलाल राजभोग श्रीखंड,rajbhog sweets,Dairy & Paneer,4,Rack 63
Vadilal Pineapple Shrikhand,వడిలాల్ పైనాపిల్ శ్రీఖండ్,वडीलाल अनानास श्रीखंड,rajbhog sweets,Dairy & Paneer,4,Rack 63
Vadilal Mango Shrikhand,వాదిలాల్ మాంగో శ్రీఖండ్,वडीलाल मैंगो श्रीखंड,,Dairy & Paneer,4,Rack 63
Amul Shrikhand Cardamom,అముల్ శ్రీఖండ్ యాలకులు,अमूल श्रीखंड इलायची,,Dairy & Paneer,4,Rack 63
Haldiram's Paneer Mint Finger,హల్దీరామ్స్ పనీర్ మింట్ ఫింగర్,हल्दीराम का पनीर मिंट फिंगर,paneer cheese,Snacks & Namkeen,4,Rack 64
Haldiram's Minute Khana Corn Cutlet,హల్దీరామ్స్ మినిట్ ఖానా కార్న్ కట్లెట్,हल्दीराम का मिनट खाना कॉर्न कटलेट,,Frozen Foods,4,Rack 64
Haldiram's Paneer Cutlet,హల్దీరామ్స్ పనీర్ కట్లెట్,हल्दीराम का पनीर कटलेट,paneer cheese,Frozen Foods,4,Rack 64
Haldiram's Minute Khana Railway Cutlet,హల్దీరామ్ యొక్క నిమిషం ఖానా రైల్వే కట్‌లెట్,हल्दीराम मिनट खाना रेलवे कटलेट,,Snacks & Namkeen,4,Rack 64
Haldiram's Minute Khana Spinach Pakora,హల్దీరామ్ యొక్క నిమిషం ఖానా బచ్చలికూర పకోరా,हल्दीराम मिनट खाना पालक पकौड़ा,,Snacks & Namkeen,4,Rack 64
Haldiram's Onion Samosa,హల్దీరామ్ ఉల్లిపాయ సమోసా,हल्दीराम का प्याज समोसा,pyaz|ullipaya|erragaddalu,Snacks & Namkeen,4,Rack 65
Haldiram's Minute Khana Spring Roll,హల్దీరామ్ యొక్క మినిట్ ఖానా స్ప్రింగ్ రోల్,हल्दीराम का मिनट खाना स्प्रिंग रोल,,Snacks & Namkeen,4,Rack 65
Daily Delight Idiappam with Vegetable Stew,కూరగాయల కూరతో డైలీ డిలైట్ ఇడియప్పం,डेली डिलाइट इडियाप्पम सब्जी स्टू के साथ,,Ready to Eat & Instant,4,Rack 65
Daily Delight Parippuvada,డైలీ డిలైట్ పరిప్పువడ,डेली डिलाइट परिप्पुवदा,golgappas spice,Snacks & Namkeen,4,Rack 65
Daily Delight Spinach Vada,డైలీ డిలైట్ పాలకూర వడ,डेली डिलाइट पालक वड़ा,indian snack,Snacks & Namkeen,4,Rack 65
Anand Puttu,ఆనంద్ పుట్టు,आनंद पुट्टू,puttu powder|brahmins puttu powder,"Rava, Poha & Grains",4,Rack 66
Anand Kerala Parotta,ఆనంద్ కేరళ పరోటా,आनंद केरल परोटा,mixture,Ready to Eat & Instant,4,Rack 66
Anand Malabar Parotta,ఆనంద్ మలబార్ పరోటా,आनंद मालाबार परोटा,mixture|indian snack,Ready to Eat & Instant,4,Rack 66
Anand Whole Wheat Malabar Parotta,ఆనంద్ హోల్ వీట్ మలబార్ పరోటా,आनंद होल व्हीट मालाबार परोटा,whole wheat atta|atta|flour|godhumapindi,"Rava, Poha & Grains",4,Rack 66
Tastes of Kerala Malabar Porotta,కేరళ మలబార్ పొరోటా రుచులు,केरल मालाबार पोरोटा का स्वाद,,"Rava, Poha & Grains",4,Rack 66
Kawan Paratha Onion,కవాన్ పరాఠా ఉల్లిపాయ,कवान पराठा प्याज,,"Rava, Poha & Grains",4,Rack 66
Kawan Paratha Reduced Fat,కవాన్ పరాఠా కొవ్వును తగ్గిస్తుంది,कम वसा वाला कवान पराठा,,"Rava, Poha & Grains",4,Rack 66
Haldiram's Porotta,హల్దీరామ్స్ పొరోటా,हल्दीराम का परोठा,,"Rava, Poha & Grains",4,Rack 63
Haldiram's Onion Samosa,హల్దీరామ్ ఉల్లిపాయ సమోసా,हल्दीराम का प्याज समोसा,pyaz|ullipaya|erragaddalu,Snacks & Namkeen,4,Rack 64
Haldiram's Spring Roll,హల్దీరామ్స్ స్ప్రింగ్ రోల్,हल्दीराम का स्प्रिंग रोल,,Snacks & Namkeen,4,Rack 64
Parippuvada,పరిప్పువద,परिप्पुवादा,,Snacks & Namkeen,4,Rack 65
Haldiram's Spinach Vada,హల్దీరామ్ పాలకూర వడ,हल्दीराम का पालक वड़ा,,Snacks & Namkeen,4,Rack 65
Tastes of Kerala Malabar Parotta,కేరళ మలబార్ పరోటా రుచులు,केरल मालाबार परोटा का स्वाद,,"Rava, Poha & Grains",4,Rack 66
Daily Delight Tapioca with Fish Curry,డైలీ డిలైట్ టాపియోకా విత్ ఫిష్ కర్రీ,डेली डिलाइट टैपिओका विद फिश करी,,Frozen Foods,4,Rack 66
Anand Vegetable Parotta,ఆనంద్ వెజిటబుల్ పరోటా,आनंद वेजिटेबल परोटा,,"Rava, Poha & Grains",4,Rack 66
Anand Layered Porotta,ఆనంద్ లేయర్డ్ పొరోటా,आनंद लेयर्ड परोठा,,"Rava, Poha & Grains",4,Rack 67
Kawan Onion Paratha,కవాన్ ఉల్లిపాయ పరాఠా,कवान प्याज पराठा,pyaz|ullipaya|erragaddalu,"Rava, Poha & Grains",4,Rack 67
Kawan Reduced Fat Paratha,కవాన్ తక్కువ కొవ్వు పరాఠా,कवान रिड्यूस्ड फैट पराठा,aloo paratha|aloo paratha bulk,"Rava, Poha & Grains",4,Rack 67
Haldiram's Rasmalai,హల్దీరామ్ రసమలై,हल्दीराम की रस मलाई,,Sweets & Mithai,4,Rack 61
Deep Homestyle Paratha,డీప్ హోమ్‌స్టైల్ పరాఠా,डीप होमस्टाइल पराठा,deep carom seeds flatbread|aloo paratha|carom seeds flatbread,Biscuits & Bakery,4,Rack 68
Kawan Chapatti,కవాన్ చపాతీ,कवान चपाती,flatbread|indian bread|flour,Atta & Flours,4,Rack 68
Swad Chapatti,స్వాద్ చపాతీ,स्वाद चपाती,flatbread|indian bread,Atta & Flours,4,Rack 68
Haldiram's Paneer Pakoda,హల్దీరామ్స్ పనీర్ పకోడా,हल्दीराम का पनीर पकोड़ा,paneer cheese|barar s paneer,Snacks & Namkeen,4,Freezer
Haldiram's Minute Khana Pakoda,హల్దీరామ్ యొక్క నిమిషం ఖానా పకోడా,हल्दीराम मिनट खाना पकौड़ा,,Snacks & Namkeen,4,Freezer
Haldiram's Minute Khana Ragda Bites,హల్దీరామ్ యొక్క నిమిషం ఖానా రగ్దా బైట్స్,हल्दीराम मिनट खाना रगड़ा बाइट्स,indian snack,Snacks & Namkeen,4,Freezer
Haldiram's Minute Khana Bread Pakoda,హల్దీరామ్ యొక్క నిమిషం ఖానా బ్రెడ్ పకోడా,हल्दीराम मिनट खाना ब्रेड पकोड़ा,,Snacks & Namkeen,4,Freezer
Haldiram's Minute Khana Veg Balls,హల్దీరామ్ యొక్క నిమిషం ఖానా వెజ్ బాల్స్,हल्दीराम के मिनट खाना वेज बॉल्स,,Snacks & Namkeen,4,Freezer
Haldiram's Minute Khana Aloo Vada,హల్దీరామ్ యొక్క నిమిషం ఖానా ఆలూ వడ,हल्दीराम मिनट खाना आलू वड़ा,indian snack|snacks,Snacks & Namkeen,4,Rack 71
Haldiram's Minute Khana Batata Vada,హల్దీరామ్ యొక్క నిమిషం ఖానా బటాట వడ,हल्दीराम मिनट खाना बटाटा वड़ा,potato vada|indian street food|indian snack,Snacks & Namkeen,4,Rack 71
Haldiram's Minute Khana Masala Idli,హల్దీరామ్ యొక్క నిమిషం ఖానా మసాలా ఇడ్లీ,हल्दीराम मिनट खाना मसाला इडली,idli rava,Ready to Eat & Instant,4,Rack 71
Haldiram's Minute Khana Dahi Vada,హల్దీరామ్ యొక్క నిమిషం ఖానా దహి వడ,हल्दीराम मिनट खाना दही वड़ा,indian snack|mumbai street food,Snacks & Namkeen,4,Rack 71
Haldiram's Minute Khana Onion Bhaji,హల్దీరామ్ యొక్క నిమిషం ఖానా ఉల్లిపాయ భాజీ,हल्दीराम मिनट खाना प्याज भाजी,mumbai street food|snack,Snacks & Namkeen,4,Rack 71
Haldiram's Minute Khana Samosa,హల్దీరామ్ యొక్క నిమిషం ఖానా సమోసా,हल्दीराम मिनट खाना समोसा,deep fried samosas,Snacks & Namkeen,4,Rack 71
Spring Home Spring Roll,స్ప్రింగ్ హోమ్ స్ప్రింగ్ రోల్,स्प्रिंग होम स्प्रिंग रोल,,Frozen Foods,4,Rack 71
Anand Medu Vada,ఆనంద్ మేడు వాడ,आनंद मेडू वड़ा,,Snacks & Namkeen,4,Rack 72
Anand Vegetable Puffs,ఆనంద్ వెజిటబుల్ పఫ్స్,आनंद वेजिटेबल पफ्स,,Snacks & Namkeen,4,Rack 72
Anand Vegetable Cutlets,ఆనంద్ వెజిటబుల్ కట్లెట్స్,आनंद वेजिटेबल कटलेट्स,,Snacks & Namkeen,4,Rack 72
Anand White Puffs,ఆనంద్ వైట్ పఫ్స్,आनंद व्हाइट पफ्स,,Biscuits & Bakery,4,Rack 72
Anand Parotta,ఆనంద్ పరోటా,आनंद परोटा,,"Rava, Poha & Grains",4,Rack 72
Anand Malabar Parota,ఆనంద్ మలబార్ పరోటా,आनंद मालाबार परोटा,,"Rava, Poha & Grains",4,Rack 72
Swetha Telugu Foods Corn Samosa,శ్వేత తెలుగు ఫుడ్స్ కార్న్ సమోసా,स्वेता तेलुगु फूड्स कॉर्न समोसा,,Snacks & Namkeen,4,Rack 73
Swetha Telugu Foods Hyderabadi Onion Samosa,శ్వేత తెలుగు ఫుడ్స్ హైదరాబాదీ ఉల్లిపాయ సమోసా,स्वेता तेलुगु फूड्स हैदराबादी प्याज समोसा,,Snacks & Namkeen,4,Rack 73
Swetha Telugu Foods Verusenaga Chutney,శ్వేత తెలుగు ఫుడ్స్ వేరుసెనగ చట్నీ,स्वेता तेलुगु फूड्स वेरुसेनागा चटनी,south indian,Pickles & Chutneys,4,Rack 73
Swetha Telugu Foods Sweet Corn Tikki,Swetha Telugu Foods స్వీట్ కార్న్ టిక్కీ,स्वेता तेलुगु फूड्स स्वीट कॉर्न टिक्की,,Snacks & Namkeen,4,Rack 73
Kawan Paratha Onion,కవాన్ పరాఠా ఉల్లిపాయ,कवान पराठा प्याज,,"Rava, Poha & Grains",4,Rack 73
Deep Homestyle Paratha,డీప్ హోమ్‌స్టైల్ పరాఠా,डीप होमस्टाइल पराठा,deep carom seeds flatbread|aloo paratha|carom seeds flatbread,Biscuits & Bakery,4,Rack 74
Deep Chapati,దీప్ చపాతీ,डीप चपाती,flatbread|indian bread,"Rava, Poha & Grains",4,Rack 74
Amma's Kitchen Medu Vada,అమ్మ వంటగది మేడు వడ,अम्मा की रसोई का मेडू वड़ा,potato vada,Ready to Eat & Instant,4,Freezer
Swetha Verusenaga Chutney,శ్వేత వెరుసెనగా చట్నీ,श्वेता वेरुसेनागा चटनी,south indian,Pickles & Chutneys,4,Rack 69
Vadilal Rajbhog Shrikhand,వాదిలాల్ రాజ్‌భోగ్ శ్రీఖండ్,वडीलाल राजभोग श्रीखंड,rajbhog sweets,Dairy & Paneer,4,Freezer
Haldiram Minute Khana Paneer Pakoda,హల్దీరామ్ మినిట్ ఖానా పనీర్ పకోడా,हल्दीराम मिनट खाना पनीर पकोड़ा,,Snacks & Namkeen,4,Freezer
Haldiram Minute Khana Mirchi Pakoda,హల్దీరామ్ మినిట్ ఖానా మిర్చి పకోడా,हल्दीराम मिनट खाना मिर्ची पकौड़ा,indian snack,Snacks & Namkeen,4,Freezer
Haldiram Minute Khana Ragda Bites,హల్దీరామ్ మినిట్ ఖానా రగ్డా బైట్స్,हल्दीराम मिनट खाना रगड़ा बाइट्स,indian snack,Snacks & Namkeen,4,Freezer
Haldiram Minute Khana Bread Pakoda,హల్దీరామ్ మినిట్ ఖానా బ్రెడ్ పకోడా,हल्दीराम मिनट खाना ब्रेड पकोड़ा,,Snacks & Namkeen,4,Freezer
Haldiram Minute Khana Cheese Balls,హల్దీరామ్ మినిట్ ఖానా చీజ్ బాల్స్,हल्दीराम मिनट खाना चीज़ बॉल्स,,Snacks & Namkeen,4,Freezer
Haldiram Minute Khana Batata Vada,హల్దీరామ్ మినిట్ ఖానా బటాట వడ,हल्दीराम मिनट खाना बटाटा वड़ा,potato vada|indian street food|indian snack,Snacks & Namkeen,4,Rack 71
Haldiram Minute Khana Masala Idli,హల్దీరామ్ మినిట్ ఖానా మసాలా ఇడ్లీ,हल्दीराम मिनट खाना मसाला इडली,idli rava,Ready to Eat & Instant,4,Rack 71
Haldiram Minute Khana Dahi Vada,హల్దీరాం మినిటే ఖానా దహి వదా,हल्दीराम मिनट खाना दही वड़ा,indian snack|mumbai street food,Snacks & Namkeen,4,Rack 71
Haldiram Minute Khana Onion Bhaji,హల్దీరామ్ మినిట్ ఖానా ఆనియన్ భాజీ,हल्दीराम मिनट खाना प्याज भाजी,mumbai street food|snack,Snacks & Namkeen,4,Rack 71
Haldiram Minute Khana Samosa,హల్దీరామ్ మినిట్ ఖానా సమోసా,हल्दीराम मिनट खाना समोसा,deep fried samosas,Snacks & Namkeen,4,Rack 71
Anand Classic Medu Vada,ఆనంద్ క్లాసిక్ మేడు వాడ,आनंद क्लासिक मेडू वड़ा,indian snack,Snacks & Namkeen,4,Freezer
Anand Vegetable Puffs,ఆనంద్ వెజిటబుల్ పఫ్స్,आनंद वेजिटेबल पफ्स,,Snacks & Namkeen,4,Freezer
Anand Vegetable Cutlets,ఆనంద్ వెజిటబుల్ కట్లెట్స్,आनंद वेजिटेबल कटलेट्स,,Snacks & Namkeen,4,Freezer
Anand White Puffs,ఆనంద్ వైట్ పఫ్స్,आनंद व्हाइट पफ्स,,Biscuits & Bakery,4,Freezer
Anand Parotta,ఆనంద్ పరోటా,आनंद परोटा,,"Rava, Poha & Grains",4,Freezer
Anand Malabar Paratha,ఆనంద్ మలబార్ పరాఠా,आनंद मालाबार पराठा,deep carom seeds flatbread,Biscuits & Bakery,4,Freezer
Swetha Telugu Corn Samosa,శ్వేత తెలుగు కార్న్ సమోసా,श्वेता तेलुगु कॉर्न समोसा,chawal|biyyam,Snacks & Namkeen,4,Freezer
Swetha Telugu Hyderabadi Onion Samosa,శ్వేత తెలుగు హైదరాబాదీ ఆనియన్ సమోసా,स्वेता तेलुगु हैदराबादी प्याज समोसा,,Snacks & Namkeen,4,Freezer
Swetha Verusenaga Chutney,శ్వేత వెరుసెనగా చట్నీ,श्वेता वेरुसेनागा चटनी,south indian,Pickles & Chutneys,4,Freezer
Ashoka Sweet Corn Tikki,అశోక స్వీట్ కార్న్ టిక్కీ,अशोका स्वीट कॉर्न टिक्की,,Snacks & Namkeen,4,Freezer
Kawan Paratha Onion,కవాన్ పరాఠా ఉల్లిపాయ,कवान पराठा प्याज,,"Rava, Poha & Grains",4,Freezer
Deep Homestyle Roti,డీప్ హోమ్‌స్టైల్ రోటీ,डीप होमस्टाइल रोटी,pearl millet roti,"Rava, Poha & Grains",4,Freezer
Amma's Kitchen Idli with Chutney,అమ్మ వంటగది ఇడ్లీ చట్నీతో,अम्मा की रसोई की इडली चटनी के साथ,,Ready to Eat & Instant,4,Rack 75
Amma's Kitchen Rava Idli with Chutney,అమ్మ వంటగది రవ్వ ఇడ్లీ చట్నీతో,अम्मा की रसोई की रवा इडली चटनी के साथ,rice rava,Ready to Eat & Instant,4,Rack 75
Haldiram's Minute Khana Mutter Kachori,హల్దీరామ్ యొక్క నిమిషం ఖానా మట్టర్ కచోరీ,हल्दीराम मिनट खाना मटर कचौरी,indian snack,Snacks & Namkeen,4,Rack 76
Haldiram's Minute Khana Beetroot Kebab,హల్దీరామ్ యొక్క నిమిషం ఖానా బీట్‌రూట్ కబాబ్,हल्दीराम मिनट खाना चुकंदर कबाब,indian street food,Ready to Eat & Instant,4,Rack 76
Haldiram's Minute Khana Dal Palak Kebab,హల్దీరామ్ యొక్క నిమిషం ఖానా దాల్ పాలక్ కబాబ్,हल्दीराम मिनट खाना दाल पालक कबाब,indian street food,Ready to Eat & Instant,4,Rack 76
Haldiram's Minute Khana Hara Bhara Kebab,హల్దీరామ్ యొక్క నిమిషం ఖానా హర భార కబాబ్,हल्दीराम मिनट खाना हरा भरा कबाब,indian street food,Ready to Eat & Instant,4,Rack 76
Haldiram's Minute Khana Veg Shami Kebab,హల్దీరామ్ యొక్క నిమిషం ఖానా వేజ్ షామీ కబాబ్,हल्दीराम मिनट खाना वेज शामी कबाब,indian street food,Snacks & Namkeen,4,Rack 76
Haldiram's Minute Khana Onion Paratha,హల్దీరామ్ యొక్క నిమిషం ఖానా ఉల్లిపాయ పరాటా,हल्दीराम मिनट खाना प्याज पराठा,aloo pyaz paratha|aloo paratha,Snacks & Namkeen,4,Rack 77
Haldiram's Minute Khana Sabudana Tikki,హల్దీరామ్ యొక్క నిమిషం ఖానా సబుదానా టిక్కీ,हल्दीराम मिनट खाना साबूदाना टिक्की,potato tikki|aloo tikki,Snacks & Namkeen,4,Rack 77
Haldiram's Minute Khana Tikki Snacker,హల్దీరామ్ యొక్క నిమిషం ఖానా టిక్కీ స్నాకర్,हल्दीराम का मिनट खाना टिक्की स्नैकर,snacks,Snacks & Namkeen,4,Rack 77
Haldiram's Minute Khana Choley Kulcha,హల్దీరామ్ యొక్క నిమిషం ఖానా చోలే కుల్చా,हल्दीराम मिनट खाना छोले कुलचा,north indian bread|indian snack|split black gram,Snacks & Namkeen,4,Rack 79
Anand Dal Vada,ఆనంద్ దాల్ వడ,आनंद दाल वड़ा,indian snack,Snacks & Namkeen,4,Rack 79
Anand Kozhukkatta,ఆనంద్ కోజుక్కట్ట,आनंद कोझुक्कट्टा,,Ready to Eat & Instant,4,Rack 79
Anand Mini Podi Idli,ఆనంద్ మినీ పొడి ఇడ్లీ,आनंद मिनी पोडी इडली,,Ready to Eat & Instant,4,Rack 79
Haldiram's Classic Veggie Momos,హల్దీరామ్స్ క్లాసిక్ వెజ్జీ మోమోస్,हल्दिराम के क्लासिक वेजी मोमोज,,Frozen Foods,4,Rack 79
Haldiram's Classic Veggie & Paneer Momos,హల్దీరామ్స్ క్లాసిక్ వెజ్జీ & పనీర్ మోమోస్,हल्दीराम के क्लासिक वेजी और पनीर मोमोज,,Frozen Foods,4,Rack 79
Haldiram's Minute Khana Tandoori Plain Naan,హల్దీరామ్ యొక్క నిమిషం ఖానా తందూరి ప్లెయిన్ నాన్,हल्दीराम मिनट खाना तंदूरी प्लेन नान,deep naan,Biscuits & Bakery,4,Freezer
Haldiram's Minute Khana Tandoori Naan,హల్దీరామ్ యొక్క నిమిషం ఖానా తందూరి నాన్,हल्दीराम मिनट खाना तंदूरी नान,deep naan|bread,Biscuits & Bakery,4,Freezer
Haldiram's Onion Paratha,హల్దీరామ్ ఉల్లిపాయ పరాఠా,हल्दीराम का प्याज पराठा,aloo pyaz paratha|aloo paratha|deep carom seeds flatbread,Biscuits & Bakery,4,Freezer
Haldiram's Sabudana Vada,హల్దీరామ్ సబుదానా వడ,हल्दीराम का साबूदाना वड़ा,potato vada,Snacks & Namkeen,4,Freezer
Haldiram's Tikki Snacker,హల్దీరామ్స్ టిక్కీ స్నాకర్,हल्दीराम की टिक्की स्नैकर,potato tikki|aloo tikki,Snacks & Namkeen,4,Freezer
Haldiram's Choley Kulcha,హల్దీరామ్స్ చోలే కుల్చా,हल्दीराम का छोले कुलचा,north indian bread|flatbread|indian bread,Biscuits & Bakery,4,Rack 77
Anand Dal Vada,ఆనంద్ దాల్ వడ,आनंद दाल वड़ा,indian snack,Snacks & Namkeen,4,Rack 78
Anand Kozhukatta,ఆనంద్ కోజుకట్ట,आनंद कोझुकट्टा,north indian bread,"Rava, Poha & Grains",4,Rack 78
Haldiram's Mini Podi Idli,హల్దీరామ్స్ మినీ పొడి ఇడ్లీ,हल्दीराम की मिनी पोडी इडली,dosa podi|brahmins dosa powder|idli rava,Ready to Eat & Instant,4,Rack 78
Anand Ragi Ela Ada,ఆనంద్ రాగి ఎలా అడా,आनंद रागी एला अदा,tuvar dal|pigeon pea|idli rava,"Rava, Poha & Grains",4,Rack 78
Haldiram's Malayan Momos,హల్దీరామ్ మలయన్ మోమోస్,हल्दिराम के मलयन मोमोज,samosas|deep fried samosas|paneer,Frozen Foods,4,Rack 79
Laxmi Tandoori Plain Naan,లక్ష్మి తందూరి ప్లెయిన్ నాన్,लक्ष्मी तंदूरी प्लेन नान,deep naan|roti|bread,Biscuits & Bakery,4,Rack 80
Haldiram's Tandoori Naan,హల్దీరామ్స్ తందూరి నాన్,हल्दीराम का तंदूरी नान,deep naan|bread,Biscuits & Bakery,4,Rack 80
Swetha Corn Samosa,శ్వేత కార్న్ సమోసా,श्वेता कॉर्न समोसा,snack,Snacks & Namkeen,4,Freezer
Vadilal Malai Paneer,వడిలాల్ మలై పనీర్,वडीलाल मलाई पनीर,paneer cheese,Dairy & Paneer,4,Freezer
Haldiram's Dal Kachori,హల్దీరామ్ దాల్ కచోరీ,हल्दीराम की दाल कचौरी,indian snack,Snacks & Namkeen,4,Freezer
Haldiram's Minute Khana Masala Lachedar Paratha,హల్దీరామ్ యొక్క నిమిషం ఖానా మసాలా లాచెదర్ పరాఠా,हल्दीराम मिनट खाना मसाला लच्छेदार पराठा,,Ready to Eat & Instant,4,Rack 89
Haldiram's Minute Khana Methi Paratha,హల్దీరామ్ యొక్క నిమిషం ఖానా మేతి పరాటా,हल्दीराम मिनट खाना मेथी पराठा,indian snack,Snacks & Namkeen,4,Rack 89
Haldiram's Minute Khana Muli Paratha,హల్దీరామ్ యొక్క నిమిషం ఖానా ములి పరాటా,हल्दीराम मिनट खाना मुली पराठा,,Snacks & Namkeen,4,Rack 83
Haldiram's Minute Khana Multigrain Chapati,హల్దీరామ్ యొక్క నిమిషం ఖానా మల్టీగ్రెయిన్ చపాతీ,हल्दीराम मिनट खाना मल्टीग्रेन चपाती,flatbread|indian bread,Atta & Flours,4,Rack 90
Vadilal Rumali Roti,వాదిలాల్ రుమాలి రోటి,वडीलाल रुमाली रोटी,,"Rava, Poha & Grains",4,Freezer
Haldiram's Minute Khana Hakki ki Roti & Sarson ka Saag,హల్దీరామ్ యొక్క నిమిషం ఖానా హక్కీ కి రోటీ & సర్సన్ కా సాగ్,हल्दीराम का मिनट खाना हकी की रोटी और सरसों का साग,,Ready to Eat & Instant,4,Rack 84
Haldiram's Minute Khana Choley Bhature,హల్దీరామ్ యొక్క నిమిషం ఖానా చోలే భాతురే,हल्दीराम मिनट खाना छोले भटूरे,north indian bread|indian snack|atta,Snacks & Namkeen,4,Rack 84
Mantra Organic Garlic Naan,మంత్ర ఆర్గానిక్ గార్లిక్ నాన్,मंत्रा ऑर्गेनिक लहसुन नान,lahsun|vellulli,Biscuits & Bakery,4,Freezer
Mantra Organic Phulka,మంత్ర ఆర్గానిక్ ఫుల్కా,मंत्रा ऑर्गेनिक फुल्का,organic rice,Biscuits & Bakery,4,Freezer
Mirch Masala Malabari Paratha Plain,మిర్చ్ మసాలా మలబారి పరాఠా మైదానం,मिर्च मसाला मालाबारी पराठा सादा,,Biscuits & Bakery,4,Freezer
Mirch Masala Paratha Aloo,మిర్చ్ మసాలా పరాఠా ఆలూ,मिर्च मसाला पराठा आलू,,Biscuits & Bakery,4,Rack 85
Haldiram's Minute Khana Mix Veg Paratha,హల్దీరామ్ యొక్క నిమిషం ఖానా మిక్స్ వెజ్ పరాటా,हल्दीराम मिनट खाना मिक्स वेज पराठा,aloo paratha,Biscuits & Bakery,4,Freezer
Haldiram's Minute Khana Aloo Paratha,హల్దీరామ్ యొక్క నిమిషం ఖానా ఆలూ పరాటా,हल्दीराम मिनट खाना आलू पराठा,snacks|indian snack,Snacks & Namkeen,4,Rack 86
Haldiram's Minute Khana Aloo Pyaz Paratha,హల్దీరామ్ యొక్క నిమిషం ఖానా ఆలూ ప్యాజ్ పరాఠా,हल्दीराम मिनट खाना आलू प्याज़ पराठा,snacks|atta,Snacks & Namkeen,4,Rack 86
Haldiram's Minute Khana Pakora,హల్దీరామ్ యొక్క నిమిషం ఖానా పకోరా,हल्दीराम मिनट खाना पकौड़ा,,Snacks & Namkeen,4,Freezer
Haldiram's Minute Khana Sabudana Tikki,హల్దీరామ్ యొక్క నిమిషం ఖానా సబుదానా టిక్కీ,हल्दीराम मिनट खाना साबूदाना टिक्की,potato tikki|aloo tikki,Snacks & Namkeen,4,Freezer
Swetha Telugu Foods Corn Samosa,శ్వేత తెలుగు ఫుడ్స్ కార్న్ సమోసా,स्वेता तेलुगु फूड्स कॉर्न समोसा,,Snacks & Namkeen,4,Rack 81
Annam Masala Idli,అన్నం మసాలా ఇడ్లీ,अन्नम मसाला इडली,idli rava|rice rava,"Rava, Poha & Grains",4,Rack 81
Annam Idli Sambar,అన్నం ఇడ్లీ సాంబార్,अन्नम इडली सांभर,,Ready to Eat & Instant,4,Rack 81
Haldiram's Minute Khana Malai Paneer,హల్దీరామ్ యొక్క నిమిషం ఖానా మలై పనీర్,हल्दीराम मिनट खाना मलाई पनीर,paneer cheese,Ready to Eat & Instant,4,Rack 82
Haldiram's Minute Khana Dal Kachori,హల్దీరామ్ యొక్క నిమిషం ఖానా దాల్ కచోరి,हल्दीराम मिनट खाना दाल कचौरी,,Ready to Eat & Instant,4,Rack 82
Haldiram's Minute Khana Masala Lachha Paratha,హల్దీరామ్ యొక్క నిమిషం ఖానా మసాలా లచ్చా పరాఠా,हल्दीराम मिनट खाना मसाला लच्छा पराठा,,Ready to Eat & Instant,4,Rack 83
Haldiram's Minute Khana Methi Paratha,హల్దీరామ్ యొక్క నిమిషం ఖానా మేతి పరాటా,हल्दीराम मिनट खाना मेथी पराठा,indian snack,Snacks & Namkeen,4,Rack 83
Vadilal Rumali Roti,వాదిలాల్ రుమాలి రోటి,वडीलाल रुमाली रोटी,,"Rava, Poha & Grains",4,Rack 84
24 Mantra Organic Phulka,24 మంత్ర ఆర్గానిక్ ఫుల్కా,24 मंत्रा ऑर्गेनिक फुल्का,organic rice,Biscuits & Bakery,4,Rack 85
Mirch Masala Malayasian Paratha Plain,మిర్చ్ మసాలా మలయాసియన్ పరాఠా మైదానం,मिर्च मसाला मलयशियाई पराठा सादा,,Ready to Eat & Instant,4,Rack 85
Mirch Masala Malayasian Paratha Aloo,మిర్చ్ మసాలా మలయాసియన్ పరాటా ఆలూ,मिर्च मसाला मलयशियाई पराठा आलू,,Ready to Eat & Instant,4,Rack 85
Himalayan Momos,హిమాలయన్ మోమోస్,हिमालयन मोमोज,,Frozen Foods,4,Rack 85
Haldiram's Minute Khana Value Pack,హల్దీరామ్ యొక్క మినిట్ ఖానా వాల్యూ ప్యాక్,हल्दीराम का मिनट खाना वैल्यू पैक,,Ready to Eat & Instant,4,Freezer
Haldiram's Aloo Tikki,హల్దీరామ్స్ ఆలూ టిక్కీ,हल्दीराम की आलू टिक्की,aloo tikki|haldiram s|snack,Snacks & Namkeen,4,Freezer
Haldiram's Paneer Finger,హల్దీరామ్ పనీర్ వేలు,हल्दीराम का पनीर फिंगर,paneer cheese|barar s paneer,Dairy & Paneer,4,Freezer
Haldiram's Mirchi Pakoda,హల్దీరామ్స్ మిర్చి పకోడా,हल्दीराम का मिर्ची पकोड़ा,,Snacks & Namkeen,4,Freezer
Haldiram's Mutter Kachori,హల్దీరామ్ యొక్క మటర్ కచోరి,हल्दीराम की मटर कचौरी,,Snacks & Namkeen,4,Freezer
Haldiram's Sabudana Tikki,హల్దీరామ్ సబుదానా టిక్కీ,हल्दीराम की साबूदाना टिक्की,potato tikki|aloo tikki,Snacks & Namkeen,4,Freezer
Haldiram's Paneer,హల్దీరామ్ పనీర్,हल्दीराम का पनीर,paneer cheese,Dairy & Paneer,4,Freezer
Haldiram's Aloo Gobhi Paratha,హల్దీరామ్స్ ఆలూ గోబీ పరాఠా,हल्दीराम का आलू गोभी पराठा,,"Rava, Poha & Grains",4,Freezer
Haldiram's Gobhi Paratha,హల్దీరామ్ గోబీ పరాఠా,हल्दीराम का गोभी पराठा,aloo gobhi,"Rava, Poha & Grains",4,Freezer
Haldiram's Homestyle Paratha,హల్దీరామ్స్ హోమ్‌స్టైల్ పరాఠా,हल्दीराम का होमस्टाइल पराठा,aloo paratha|aloo paratha bulk|carom seeds flatbread|deep carom seeds flatbread|aloo pyaz paratha,"Rava, Poha & Grains",4,Freezer
Haldiram's Lachha Paratha,హల్దీరామ్ లచ్చా పరాఠా,हल्दीराम का लच्छा पराठा,deep carom seeds flatbread|carom seeds flatbread,"Rava, Poha & Grains",4,Freezer
Haldiram's Methi Paratha,హల్దీరామ్ మెంతి పరాఠా,हल्दीराम का मेथी पराठा,deep carom seeds flatbread|carom seeds flatbread,"Rava, Poha & Grains",4,Freezer
Haldiram's Pudina Paratha,హల్దీరామ్ పుదీనా పరాఠా,हल्दीराम का पुदीना पराठा,deep carom seeds flatbread|carom seeds flatbread,"Rava, Poha & Grains",4,Freezer
Haldiram's Ragi Roti,హల్దీరామ్స్ రాగి రోటీ,हल्दीराम की रागी रोटी,pearl millet roti,"Rava, Poha & Grains",4,Freezer
Haldiram's Multigrain Chapati,హల్దీరామ్స్ మల్టీగ్రెయిన్ చపాతీ,हल्दीराम की मल्टीग्रेन चपाती,atta|multigrain atta,Atta & Flours,4,Freezer
Haldiram's Hakki ki Roti & Sarson ka saag,హల్దీరామ్ యొక్క హక్కీ కి రోటీ & సర్సన్ కా సాగ్,हल्दीराम की हक्की की रोटी और सरसों का साग,atta,Ready to Eat & Instant,4,Freezer
Haldiram's Whole Wheat Naan,హల్దీరామ్స్ హోల్ వీట్ నాన్,हल्दीराम का होल व्हीट नान,whole wheat atta|atta|godhumapindi,Biscuits & Bakery,4,Freezer
Haldiram's Aloo Kulcha,హల్దీరామ్స్ ఆలూ కుల్చా,हल्दीराम का आलू कुलचा,north indian bread|atta,Biscuits & Bakery,4,Freezer
Haldiram's Paneer Kulcha,హల్దీరామ్స్ పనీర్ కుల్చా,हल्दीराम का पनीर कुलचा,paneer cheese|north indian bread,Biscuits & Bakery,4,Freezer
Mantra Organic Tandoori Garlic Naan,మంత్రం ఆర్గానిక్ తందూరి వెల్లుల్లి నాన్,मंत्र ऑर्गेनिक तंदूरी लहसुन नान,lahsun|vellulli,Biscuits & Bakery,4,Freezer
Mantra Organic Tandoori Naan,మంత్ర ఆర్గానిక్ తందూరి నాన్,मंत्रा ऑर्गेनिक तंदूरी नान,deep naan,Biscuits & Bakery,4,Freezer
Mantra Organic Roti,మంత్ర ఆర్గానిక్ రోటీ,मंत्रा ऑर्गेनिक रोटी,pearl millet roti,Biscuits & Bakery,4,Freezer
Mirch Masala Malaiyan Paratha,మిర్చ్ మసాలా మలయన్ పరాఠా,मिर्च मसाला मलाईयन पराठा,,Biscuits & Bakery,4,Freezer
Haldiram's Family Value Pack Naan,హల్దీరామ్ కుటుంబ విలువ ప్యాక్ నాన్,हल्दीराम का फैमिली वैल्यू पैक नान,,Biscuits & Bakery,4,Freezer
Haldiram's Mix Veg Paratha,హల్దీరామ్స్ మిక్స్ వెజ్ పరాఠా,हल्दीराम का मिक्स वेज पराठा,,Biscuits & Bakery,4,Freezer
Haldiram's Minute Khana Aloo Gobi Paratha,హల్దీరామ్ యొక్క నిమిషం ఖానా ఆలూ గోబీ పరాఠా,हल्दीराम मिनट खाना आलू गोभी पराठा,indian snack,Snacks & Namkeen,4,Rack 89
Haldiram's Minute Khana Gobi Paratha,హల్దీరామ్ యొక్క నిమిషం ఖానా గోబీ పరాఠా,हल्दीराम मिनट खाना गोभी पराठा,indian snack,Snacks & Namkeen,4,Rack 89
Haldiram's Minute Khana Lachcha Paratha,హల్దీరామ్ యొక్క నిమిషం ఖానా లచ్చా పరాఠా,हल्दीराम मिनट खाना लच्छा पराठा,indian snack,Snacks & Namkeen,4,Rack 89
Haldiram's Minute Khana Aloo Kulcha,హల్దీరామ్ యొక్క నిమిషం ఖానా ఆలూ కుల్చా,हल्दीराम मिनट खाना आलू कुलचा,north indian bread|snacks,Snacks & Namkeen,4,Rack 90
24 Mantra Organic Garlic Naan,24 మంత్ర ఆర్గానిక్ గార్లిక్ నాన్,24 मंत्रा ऑर्गेनिक गार्लिक नान,lahsun|vellulli,Biscuits & Bakery,4,Rack 90
24 Mantra Organic Tandoori Naan,24 మంత్రం ఆర్గానిక్ తందూరి నాన్,24 मंत्र ऑर्गेनिक तंदूरी नान,deep naan,Biscuits & Bakery,4,Rack 90
Haldiram's Minute Khana Paneer Onion Paratha,హల్దీరామ్ యొక్క నిమిషం ఖానా పనీర్ ఉల్లిపాయ పరాటా,हल्दीराम मिनट खाना पनीर प्याज पराठा,,Snacks & Namkeen,4,Freezer
Haldiram's Minute Khana Aloo Paratha,హల్దీరామ్ యొక్క నిమిషం ఖానా ఆలూ పరాటా,हल्दीराम मिनट खाना आलू पराठा,snacks|indian snack,Snacks & Namkeen,4,Freezer
Vadilal Malai Paneer,వడిలాల్ మలై పనీర్,वडीलाल मलाई पनीर,paneer cheese,Dairy & Paneer,4,Rack 88
Vadilal Paratha,వాదిలాల్ పరాఠా,वडीलाल पराठा,aloo paratha|aloo paratha bulk,"Rava, Poha & Grains",4,Rack 89
Vadilal Ragi Roti,వాదిలాల్ రాగి రోటి,वडीलाल रागी रोटी,,"Rava, Poha & Grains",4,Rack 90
Vadilal Tandoori Roti,వాదిలాల్ తందూరి రోటి,वडीलाल तंदूरी रोटी,,"Rava, Poha & Grains",4,Rack 90
Vadilal Cheese Naan,వడిలాల్ చీజ్ నాన్,वडीलाल चीज़ नान,deep naan,Biscuits & Bakery,4,Rack 90
Vadilal Aloo Kulcha,వడిలాల్ ఆలూ కుల్చా,वडीलाल आलू कुलचा,,Biscuits & Bakery,4,Rack 90
Vadilal Aloo Paratha,వడిలాల్ ఆలూ పరాఠా,वडीलाल आलू पराठा,carom seeds flatbread|snack,Snacks & Namkeen,4,Rack 90
Mirch Masala Malayasian Style Paratha Plain,మిర్చ్ మసాలా మలేషియా స్టైల్ పరాఠా ప్లెయిన్,मिर्च मसाला मलेशियन स्टाइल पराठा सादा,,Snacks & Namkeen,4,Rack 90
Vadilal Makki ki Roti & Sarson ka Saag,వాడిలాల్ మక్కీ కి రోటీ & సర్సన్ కా సాగ్,वाडीलाल मक्की की रोटी और सरसों का साग,,Ready to Eat & Instant,4,Rack 90
Nanak Paneer,నానక్ పనీర్,नानक पनीर,paneer cheese,Dairy & Paneer,4,Freezer
Amul Paneer,అముల్ పనీర్,अमूल पनीर,paneer|amul|paneer cheese,Dairy & Paneer,4,Freezer
Deep Paneer,డీప్ పనీర్,डीप पनीर,paneer cheese|barar s paneer,Dairy & Paneer,4,Freezer
Fresh Paneer,తాజా పనీర్,ताज़ा पनीर,paneer cheese|barar s paneer,Dairy & Paneer,4,Freezer
Haldiram's Minute Khana Aloo Pyaz Paratha,హల్దీరామ్ యొక్క నిమిషం ఖానా ఆలూ ప్యాజ్ పరాఠా,हल्दीराम मिनट खाना आलू प्याज़ पराठा,snacks|atta,Snacks & Namkeen,4,Freezer
Haldiram's Minute Khana Aloo Achari Paratha,హల్దీరామ్ యొక్క నిమిషం ఖానా ఆలూ ఆచారి పరాఠా,हल्दीराम मिनट खाना आलू अचारी पराठा,,Ready to Eat & Instant,4,Freezer
Haldiram's Minute Khana Gobhi Paratha,హల్దీరామ్ యొక్క నిమిషం ఖానా గోభి పరాఠా,हल्दीराम मिनट खाना गोभी पराठा,,Ready to Eat & Instant,4,Freezer
Haldiram's Minute Khana Tandoori Paratha,హల్దీరామ్ యొక్క నిమిషం ఖానా తందూరి పరాటా,हल्दीराम मिनट खाना तंदूरी पराठा,,Ready to Eat & Instant,4,Freezer
Haldiram's Minute Khana Pudina Paratha,హల్దీరామ్ యొక్క నిమిషం ఖానా పుదీనా పరాటా,हल्दीराम मिनट खाना पुदीना पराठा,indian snack,Snacks & Namkeen,4,Freezer
Haldiram's Minute Khana Phulka Roti,హల్దీరామ్ యొక్క నిమిషం ఖానా ఫుల్కా రోటీ,हल्दीराम मिनट खाना फुल्का रोटी,indian snack|pearl millet roti,"Rava, Poha & Grains",4,Freezer
Agi Roti,అగి రోటి,अगी रोटी,pearl millet roti,"Rava, Poha & Grains",4,Freezer
Haldiram's Minute Khana Tandoori Garlic Naan,హల్దీరామ్ యొక్క నిమిషం ఖానా తందూరి గార్లిక్ నాన్,हल्दीराम मिनट खाना तंदूरी लहसुन नान,indian spices,Biscuits & Bakery,4,Freezer
Haldiram's Minute Khana Whole Wheat Naan,హల్దీరామ్ యొక్క నిమిషం ఖానా హోల్ వీట్ నాన్,हल्दीराम मिनट खाना होल व्हीट नान,whole wheat atta|atta,Biscuits & Bakery,4,Freezer
Haldiram's Minute Khana Amritsari Kulcha,హల్దీరామ్ యొక్క నిమిషం ఖానా అమృతసరి కుల్చా,हल्दीराम मिनट खाना अमृतसरी कुलचा,north indian bread,Biscuits & Bakery,4,Freezer
Haldiram's Minute Khana Aloo Kulcha,హల్దీరామ్ యొక్క నిమిషం ఖానా ఆలూ కుల్చా,हल्दीराम मिनट खाना आलू कुलचा,north indian bread|snacks,Snacks & Namkeen,4,Freezer
Deep Tandoori Naan,డీప్ తందూరి నాన్,डीप तंदूरी नान,bread,Biscuits & Bakery,4,Freezer
Haldiram's Minute Khana Mirchi Pakoda,హల్దీరామ్ యొక్క నిమిషం ఖానా మిర్చి పకోడా,हल्दीराम मिनट खाना मिर्ची पकौड़ा,indian snack,Snacks & Namkeen,4,Freezer
Haldiram's Minute Khana Paneer Pakoda,హల్దీరామ్ యొక్క నిమిషం ఖానా పనీర్ పకోడా,हल्दीराम मिनट खाना पनीर पकोड़ा,,Snacks & Namkeen,4,Freezer
Haldiram's Minute Khana Masala Dal,హల్దీరామ్ యొక్క నిమిషం ఖానా మసాలా దాల్,हल्दीराम मिनट खाना मसाला दाल,,Dals & Pulses,4,Freezer
Haldiram's Minute Khana Dal Makhani,హల్దీరామ్ యొక్క నిమిషం ఖానా దాల్ మఖానీ,हल्दीराम मिनट खाना दाल मखनी,,Dals & Pulses,4,Freezer
Haldiram's Minute Khana Paneer,హల్దీరామ్ యొక్క నిమిషం ఖానా పనీర్,हल्दीराम मिनट खाना पनीर,paneer cheese,Dairy & Paneer,4,Freezer
Haldiram's Minute Khana Omes Paratha,హల్దీరామ్ యొక్క నిమిషం ఖానా ఒమేస్ పరాఠా,हल्दीराम मिनट खाना ओमेस पराठा,garam masala,Ready to Eat & Instant,4,Freezer
Haldiram's Minute Khana Ragi Roti,హల్దీరామ్ యొక్క నిమిషం ఖానా రాగి రోటీ,हल्दीराम मिनट खाना रागी रोटी,,Ready to Eat & Instant,4,Freezer
Deep Tandoori Roti,డీప్ తందూరి రోటీ,डीप तंदूरी रोटी,deep naan|pearl millet roti|sooji|rava|semolina,Ready to Eat & Instant,4,Freezer
Milk Pak Heavy Cream,మిల్క్ పాక్ హెవీ క్రీమ్,मिल्क पैक हैवी क्रीम,doodh,Dairy & Paneer,4,Freezer
Tamarind Date Chutney,చింతపండు ఖర్జూర చట్నీ,इमली खजूर की चटनी,narial chutney,Pickles & Chutneys,4,Freezer
Eggs,గుడ్లు,अंडे,,Dairy & Paneer,4,Rack 100
Peeled Garlic,తొక్క తీసిన వెల్లుల్లి,छिला हुआ लहसुन,lahsun|vellulli,Spices & Masalas,4,Rack 100
Red Onions,ఎర్ర ఉల్లిపాయలు,लाल प्याज,pyaz|ullipaya|erragaddalu,Spices & Masalas,4,Rack 100
Assorted food items in plastic containers,ప్లాస్టిక్ కంటైనర్లలో రకరకాల ఆహార పదార్థాలు,प्लास्टिक के डिब्बों में रखे विभिन्न प्रकार के खाद्य पदार्थ,,Other,4,Rack 101
Green Peppers,పచ్చి మిరపకాయలు,हरी मिर्च,,Spices & Masalas,4,Rack 102
Okra in plastic container,ప్లాస్టిక్ డబ్బాలో బెండకాయ,प्लास्टिक के डिब्बे में भिंडी,lady s finger|bhindi|benda kalu,Fruits & Vegetables,4,Rack 102
Eggplants,వంకాయలు,बैंगन,vegetable,Fruits & Vegetables,4,Freezer
Green beans,పచ్చి బీన్స్,हरी सेम,legumes,Fruits & Vegetables,4,Freezer
Nanak Dahi,నానక్ దహి,नानक दही,,Dairy & Paneer,4,Rack 106
Gopi Yogurt,గోపీ పెరుగు,गोपी योगर्ट,curd|dahi|perugu,Dairy & Paneer,4,Rack 106
Desi Natural Dahi,దేశీ నాచురల్ దహి,देसी प्राकृतिक दही,,Dairy & Paneer,4,Rack 107
Desi Natural Dahi,దేశీ నాచురల్ దహి,देसी प्राकृतिक दही,,Dairy & Paneer,4,Rack 108
Desi Natural Dahi,దేశీ నాచురల్ దహి,देसी प्राकृतिक दही,,Dairy & Paneer,4,Rack 104
Prasuma Dosa Batter,ప్రసుమ దోస పిండి,प्रसुमा डोसा बैटर,,"Rava, Poha & Grains",4,Rack 105
Dahi Yogurt,దహి పెరుగు,दही योगर्ट,curd|perugu,Dairy & Paneer,4,Rack 106
Desi Natural Dahi,దేశీ నాచురల్ దహి,देसी प्राकृतिक दही,,Dairy & Paneer,4,Rack 106
PRYems Dosa Batter,పిఆర్‌యమ్స్ దోస పిండి,PRYems डोसा बैटर,,"Rava, Poha & Grains",4,Rack 109
PRYems Ragi Batter,పిఆర్‌యమ్స్ రాగి పిండి,PRYems रागी बैटर,ragi flour,"Rava, Poha & Grains",4,Rack 111
PRYems Adai Batter,పిఆర్‌వైఎమ్స్ అడై బ్యాటర్,PRYems Adai Batter,,"Rava, Poha & Grains",4,Rack 111
PRYems Pesarattu Batter,PRYems పెసరట్టు బ్యాటర్,PRYems Pesarattu Batter,,"Rava, Poha & Grains",4,Rack 111
Desi Dahi,దేశీ పెరుగు,देसी दही,,Dairy & Paneer,4,Rack 113
PRYems Dosa Batter,పిఆర్‌యమ్స్ దోస పిండి,PRYems डोसा बैटर,,"Rava, Poha & Grains",4,Rack 113
PRYems Idli-Dosa Batter,PRYems ఇడ్లీ-దోస పిండి,PRYems इडली-डोसा बैटर,idli rava|rice rava,"Rava, Poha & Grains",4,Rack 113
Desi Natural Dahi,దేశీ నాచురల్ దహి,देसी प्राकृतिक दही,,Dairy & Paneer,4,Rack 109
Priyems Dosa Batter,ప్రియెమ్స్ దోస పిండి,प्रियम्स डोसा बैटर,,"Rava, Poha & Grains",4,Rack 110
Priyems Ragi Batter,ప్రియెమ్స్ రాగి బ్యాటర్,प्रियम्स रागी बैटर,ragi flour,"Rava, Poha & Grains",4,Rack 111
Priyems Adai Batter,ప్రియెమ్స్ అడై బ్యాటర్,प्रियम्स अडाई बैटर,,Ready to Eat & Instant,4,Rack 111
Priyems Pesarattu Batter,ప్రియెమ్స్ పెసరట్టు బ్యాటర్,प्रियेम्स पेसरट्टू बैटर,,Ready to Eat & Instant,4,Rack 111
Nanak Dahi,నానక్ దహి,नानक दही,,Dairy & Paneer,4,Rack 111
Priyems Dosa Batter,ప్రియెమ్స్ దోస పిండి,प्रियम्स डोसा बैटर,,"Rava, Poha & Grains",4,Rack 112
Priyems Idli-Dosa Batter,ప్రియెమ్స్ ఇడ్లీ-దోస పిండి,प्रियम्स इडली-डोसा बैटर,idli rava|rice rava,"Rava, Poha & Grains",4,Rack 112
Priyems Idli-Dosa Batter,ప్రియెమ్స్ ఇడ్లీ-దోస పిండి,प्रियम्स इडली-डोसा बैटर,idli rava|rice rava,"Rava, Poha & Grains",4,Rack 114
Arya Dosa Batter,ఆర్య దోస పిండి,आर्य डोसा बैटर,,Ready to Eat & Instant,4,Rack 115
Priyems Certified Organic Idli-Dosa Batter,ప్రియమ్స్ సర్టిఫైడ్ ఆర్గానిక్ ఇడ్లీ-దోస పిండి,प्रियम्स प्रमाणित ऑर्गेनिक इडली-डोसा बैटर,,"Rava, Poha & Grains",4,Rack 115
Priyems Ragi Batter,ప్రియెమ్స్ రాగి బ్యాటర్,प्रियम्स रागी बैटर,ragi flour,"Rava, Poha & Grains",4,Rack 115
Priyems Adai Batter,ప్రియెమ్స్ అడై బ్యాటర్,प्रियम्स अडाई बैटर,,Ready to Eat & Instant,4,Rack 115
Methi,మెంతి,मेथी,,Spices & Masalas,4,Rack 116
Muzzi Green Onions,ముజ్జి పచ్చి ఉల్లిపాయలు,मुज़ी हरी प्याज,,Fruits & Vegetables,4,Rack 116
Priyems Dosa Batter,ప్రియెమ్స్ దోస పిండి,प्रियम्स डोसा बैटर,,"Rava, Poha & Grains",4,Rack 117
Priyems Idli-Dosa Batter,ప్రియెమ్స్ ఇడ్లీ-దోస పిండి,प्रियम्स इडली-डोसा बैटर,idli rava|rice rava,"Rava, Poha & Grains",4,Rack 117
Priyems Idli-Dosa Batter,ప్రియెమ్స్ ఇడ్లీ-దోస పిండి,प्रियम्स इडली-डोसा बैटर,idli rava|rice rava,"Rava, Poha & Grains",4,Rack 115
Arya Dosa Batter,ఆర్య దోస పిండి,आर्य डोसा बैटर,,Ready to Eat & Instant,4,Rack 116
Priyems Certified Organic Idli-Dosa Batter,ప్రియమ్స్ సర్టిఫైడ్ ఆర్గానిక్ ఇడ్లీ-దోస పిండి,प्रियम्स प्रमाणित ऑर्गेनिक इडली-डोसा बैटर,,"Rava, Poha & Grains",4,Rack 116
Priyems Certified Organic Dosa Batter,ప్రియమ్స్ సర్టిఫైడ్ ఆర్గానిక్ దోస పిండి,प्रियम्स प्रमाणित ऑर्गेनिक डोसा बैटर,,Ready to Eat & Instant,4,Rack 116
Priyems Ragi Batter,ప్రియెమ్స్ రాగి బ్యాటర్,प्रियम्स रागी बैटर,ragi flour,"Rava, Poha & Grains",4,Rack 116
Priyems Adai Batter,ప్రియెమ్స్ అడై బ్యాటర్,प्रियम्स अडाई बैटर,,Ready to Eat & Instant,4,Rack 116
Desi Natural Dahi,దేశీ నాచురల్ దహి,देसी प्राकृतिक दही,,Dairy & Paneer,4,Rack 115
Priyems Dosa Batter,ప్రియెమ్స్ దోస పిండి,प्रियम्स डोसा बैटर,,"Rava, Poha & Grains",4,Rack 115
Britannia Toastea,బ్రిటానియా టోస్టీ,ब्रिटानिया टोस्टी,,Biscuits & Bakery,4,Rack 138
Swad Chick Peas,స్వాద్ చిక్ పీస్,स्वाद छोले,white chick peas|chickpeas,Dals & Pulses,4,Rack 139
Goya Black Beans,గోయా బ్లాక్ బీన్స్,गोया ब्लैक बीन्स,,Dals & Pulses,4,Rack 139
Goya Chick Peas,గోయా చిక్ పీస్,गोया छोले,white chick peas|chickpeas|split chickpeas|chana dal,Dals & Pulses,4,Rack 139
India's Nature Coconut Milk Powder,భారతదేశపు ప్రకృతి కొబ్బరి పాల పొడి,इंडियाज़ नेचर नारियल दूध पाउडर,narial powder|narial,Dry Fruits & Nuts,4,Rack 140
Maggi Real Coconut Milk Powder,మ్యాగీ రియల్ కొబ్బరి పాల పొడి,मैगी रियल नारियल दूध पाउडर,narial powder|narial,Dry Fruits & Nuts,4,Rack 140
Chaokoh Coconut Milk,చావోకో కొబ్బరి పాలు,चाओकोह नारियल का दूध,coconut milk|chaokoh,Dry Fruits & Nuts,4,Rack 140
California Farms Coconut Milk,కాలిఫోర్నియా ఫార్మ్స్ కొబ్బరి పాలు,कैलिफ़ोर्निया फ़ार्म्स नारियल का दूध,narial,Dry Fruits & Nuts,4,Rack 141
Chaokoh Coconut Milk,చావోకో కొబ్బరి పాలు,चाओकोह नारियल का दूध,coconut milk|chaokoh,Dry Fruits & Nuts,4,Rack 141
Saffola Masala Oats,సఫోలా మసాలా ఓట్స్,सैफोला मसाला ओट्स,,"Rava, Poha & Grains",4,Rack 142
Britannia Toastea Suji Rusk,బ్రిటానియా టోస్టీ సుజీ రస్క్,ब्रिटानिया टोस्टी सूजी रस्क,biscuits,Biscuits & Bakery,4,Rack 142
Swad Soya Wadi,స్వాద్ సోయా వాడి,स्वाद सोया वड़ी,,Dals & Pulses,4,Rack 143
Britannia Marie Gold,బ్రిటానియా మేరీ గోల్డ్,ब्रिटानिया मैरी गोल्ड,britannia|marie gold|biscuits,Biscuits & Bakery,4,Rack 143
Methi Puri,మెంతి పూరి,मेथी पूरी,masala|spice,Spices & Masalas,4,Rack 144
Britannia Toastea Suji Rusk,బ్రిటానియా టోస్టీ సుజీ రస్క్,ब्रिटानिया टोस्टी सूजी रस्क,biscuits,Biscuits & Bakery,4,Rack 145
Morton Iodized Salt,మోర్టన్ అయోడైజ్డ్ సాల్ట్,मॉर्टन आयोडीन युक्त नमक,,"Sugar, Salt & Jaggery",4,Rack 145
Saffola Masala Oats Classic Masala,సఫోలా మసాలా ఓట్స్ క్లాసిక్ మసాలా,सैफोला मसाला ओट्स क्लासिक मसाला,,Ready to Eat & Instant,4,Rack 142
Swad Soya Wadi Soya Chunks,స్వాద్ సోయా వాడి సోయా చంక్స్,स्वाद सोया वड़ी सोया चंक्स,,Dals & Pulses,4,Rack 143
Methi Puri (packaged snack),మెంతి పూరి (ప్యాక్ చేసిన చిరుతిండి),मेथी पूरी (पैकेज्ड स्नैक),,Snacks & Namkeen,4,Rack 144
Amul Butter,అముల్ వెన్న,अमूल मक्खन,amul|butter,Dairy & Paneer,4,Rack 119
Amul Cheese,అముల్ చీజ్,अमूल चीज़,amul|cheese,Dairy & Paneer,4,Rack 119
Pryems Idli-Dosa Batter,ప్రైమ్స్ ఇడ్లీ-దోస పిండి,प्रियम्स इडली-डोसा बैटर,idli rava|rice rava,"Rava, Poha & Grains",4,Rack 115
Pryems Idli-Dosa Batter,ప్రైమ్స్ ఇడ్లీ-దోస పిండి,प्रियम्स इडली-डोसा बैटर,idli rava|rice rava,"Rava, Poha & Grains",4,Rack 116
Pryems Organic Idli-Dosa Batter,ప్రైమ్స్ ఆర్గానిక్ ఇడ్లీ-దోస పిండి,प्रायम्स ऑर्गेनिक इडली-डोसा बैटर,organic rice|rice,"Rava, Poha & Grains",4,Rack 116
Milk-Mava Powder,మిల్క్-మావా పౌడర్,दूध-मावा पाउडर,doodh|paneer,Dairy & Paneer,4,Rack 121
Pryems Lemon Pickles,ప్రైమ్స్ నిమ్మకాయ ఊరగాయలు,प्रियम्स लेमन पिकल्स,green chilli pickle,Pickles & Chutneys,4,Rack 121
Curry Leaves,కరివేపాకు,करी पत्ते,,Spices & Masalas,4,Rack 122
Mint,పుదీనా,पुदीना,,Spices & Masalas,4,Rack 122
Muzzi Green Onions,ముజ్జి పచ్చి ఉల్లిపాయలు,मुज़ी हरी प्याज,,Fruits & Vegetables,4,Rack 117
Shri Multi-Grain Roti,శ్రీ మల్టీ-గ్రెయిన్ రోటీ,श्री मल्टी-ग्रेन रोटी,atta|flour,"Rava, Poha & Grains",4,Rack 123
Shri Fresh Roti,శ్రీ ఫ్రెష్ రోటీ,श्री फ्रेश रोटी,pearl millet roti,"Rava, Poha & Grains",4,Rack 123
Shri Always-Fresh Rotis,శ్రీ ఆల్వేస్-ఫ్రెష్ రోటీలు,श्री ऑलवेज-फ्रेश रोटियां,pearl millet roti,"Rava, Poha & Grains",4,Rack 123
Pryems Dosa Batter,ప్రైమ్స్ దోస పిండి,प्रियम्स डोसा बैटर,,"Rava, Poha & Grains",4,Rack 118
Amul Butter,అముల్ వెన్న,अमूल मक्खन,amul|butter,Dairy & Paneer,4,Rack 120
Amul Cheese,అముల్ చీజ్,अमूल चीज़,amul|cheese,Dairy & Paneer,4,Rack 120
Brar Malai Paneer,బ్రార్ మలై పనీర్,बरार मलाई पनीर,paneer cheese|barar s paneer,Dairy & Paneer,4,Rack 120
Pryems Idli-Dosa Batter,ప్రైమ్స్ ఇడ్లీ-దోస పిండి,प्रियम्स इडली-डोसा बैटर,idli rava|rice rava,"Rava, Poha & Grains",4,Rack 120
Pryems Mango Pickle,ప్రైమ్స్ మామిడి ఊరగాయ,प्रायम्स आम का अचार,adukura pacchadi|velulli pacchadi,Pickles & Chutneys,4,Rack 121
Pryems Lemon Pickle,ప్రైమ్స్ నిమ్మకాయ ఊరగాయ,प्रियम्स लेमन पिकल,green chilli pickle,Pickles & Chutneys,4,Rack 121
Shri Fresh Roti,శ్రీ ఫ్రెష్ రోటీ,श्री फ्रेश रोटी,pearl millet roti,"Rava, Poha & Grains",4,Rack 122
Organic Sprouted Wheat,సేంద్రీయ మొలకెత్తిన గోధుమలు,जैविक अंकुरित गेहूं,atta|whole wheat|whole wheat atta,Atta & Flours,4,Rack 122
Swad Paneer,స్వాద్ పనీర్,स्वाद पनीर,paneer cheese,Dairy & Paneer,4,Rack 124
Brar's Malai Paneer,బ్రార్ మలై పనీర్,ब्रार का मलाई पनीर,paneer cheese|barar s paneer,Dairy & Paneer,4,Rack 124
Swad Fresh Paneer,స్వాద్ ఫ్రెష్ పనీర్,स्वाद फ्रेश पनीर,paneer cheese,Dairy & Paneer,4,Rack 124
Amul Butter,అముల్ వెన్న,अमूल मक्खन,amul|butter,Dairy & Paneer,4,Rack 124
Laxmi Butter,లక్ష్మి వెన్న,लक्ष्मी बटर,ghee,Oils & Ghee,4,Rack 124
Nanak Paneer,నానక్ పనీర్,नानक पनीर,paneer cheese,Dairy & Paneer,4,Rack 125
Saab Paneer,సాబ్ పనీర్,साब पनीर,paneer cheese|barar s paneer,Ready to Eat & Instant,4,Rack 126
Coriander,కొత్తిమీర,धनिया,dhania|dhaniyalu,Spices & Masalas,4,Rack 127
Shri Fresh Roti,శ్రీ ఫ్రెష్ రోటీ,श्री फ्रेश रोटी,pearl millet roti,"Rava, Poha & Grains",4,Rack 128
Shri Multi-Grains Roti,శ్రీ మల్టీ-గ్రెయిన్స్ రోటీ,श्री मल्टी-ग्रेन्स रोटी,atta|flour,"Rava, Poha & Grains",4,Rack 128
Swad Paneer,స్వాద్ పనీర్,स्वाद पनीर,paneer cheese,Dairy & Paneer,4,Rack 125
Braj Malai Paneer,బ్రజ్ మలై పనీర్,ब्रज मलाई पनीर,barar s paneer|paneer cheese,Dairy & Paneer,4,Rack 125
Amul Water Buffalo And Cow Milk Butter,అముల్ నీటి గేదె మరియు ఆవు పాల వెన్న,अमूल भैंस और गाय के दूध का मक्खन,ghee,Dairy & Paneer,4,Rack 125
Nanak Malai Paneer,నానక్ మలై పనీర్,नानक मलाई पनीर,paneer cheese|barar s paneer,Dairy & Paneer,4,Rack 126
Nanak Paneer,నానక్ పనీర్,नानक पनीर,paneer cheese,Dairy & Paneer,4,Rack 126
Deep Milk-Mava Powder,డీప్ మిల్క్-మావా పౌడర్,डीप मिल्क-मावा पाउडर,,Dairy & Paneer,4,Rack 126
Shri Fresh Roti,శ్రీ ఫ్రెష్ రోటీ,श्री फ्रेश रोटी,pearl millet roti,"Rava, Poha & Grains",4,Rack 127
Shri Multi-Grains Roti,శ్రీ మల్టీ-గ్రెయిన్స్ రోటీ,श्री मल्टी-ग्रेन्स रोटी,atta|flour,"Rava, Poha & Grains",4,Rack 127
Britannia Marie Gold,బ్రిటానియా మేరీ గోల్డ్,ब्रिटानिया मैरी गोल्ड,britannia|marie gold|biscuits,Biscuits & Bakery,4,Rack 129
Britannia Gobbles Vanilla flavoured cake,బ్రిటానియా వెనీలా ఫ్లేవర్ కేక్‌ను మింగేసింది,ब्रिटानिया गोबल्स वनीला फ्लेवर केक,almond cake,Biscuits & Bakery,4,Rack 129
Britannia Gobbles Double choco cake,బ్రిటానియా గోబుల్స్ డబుల్ చాకో కేక్,ब्रिटानिया गोबल्स डबल चोको केक,,Biscuits & Bakery,4,Rack 129
Daily Delight Jackfruit Cake,డైలీ డిలైట్ జాక్‌ఫ్రూట్ కేక్,डेली डिलाइट कटहल केक,,Sweets & Mithai,4,Rack 130
Daily Delight Plum Special,డైలీ డిలైట్ ప్లమ్ స్పెషల్,डेली डिलाइट प्लम स्पेशल,,Sweets & Mithai,4,Rack 130
Daily Delight Jackfruit Cake,డైలీ డిలైట్ జాక్‌ఫ్రూట్ కేక్,डेली डिलाइट कटहल केक,,Sweets & Mithai,4,Rack 131
Daily Delight Plum Special,డైలీ డిలైట్ ప్లమ్ స్పెషల్,डेली डिलाइट प्लम स्पेशल,,Sweets & Mithai,4,Rack 131
Karela,కరేలా,करेले,,Dals & Pulses,4,N/A
Lemons (Y),నిమ్మకాయలు (Y),नींबू (वाई),,Fruits & Vegetables,4,N/A
Limes (Gr),నిమ్మకాయలు (గ్రా),नींबू (ग्रीक),,Fruits & Vegetables,4,N/A
Beans,బీన్స్,फलियाँ,,Dals & Pulses,4,N/A
Small Chilli,చిన్న మిరపకాయ,छोटी मिर्च,,Spices & Masalas,4,N/A
Med Chilli,మెడ్ చిల్లీ,मध्यम मिर्च,,Spices & Masalas,4,N/A
Methi,మెంతి,मेथी,,Spices & Masalas,4,N/A
Mint,పుదీనా,पुदीना,,Spices & Masalas,4,N/A
Muli,ములి,मुली,,Spices & Masalas,4,N/A
Okra,బెండకాయ,भिंडी,lady s finger|bhindi,Fruits & Vegetables,4,N/A
Palak (Spinach),పాలక్ (పాలకూర),पालक,,Fruits & Vegetables,4,N/A
Potatoes 5lb bag,బంగాళాదుంపలు 5 పౌండ్ల సంచి,आलू का 5 पौंड का बैग,,Dry Fruits & Nuts,4,N/A
White Potato,తెల్ల బంగాళాదుంప,सफेद आलू,,Dry Fruits & Nuts,4,N/A
Long Bean,లాంగ్ బీన్,लंबी फली,legumes,Fruits & Vegetables,4,N/A
Round,రౌండ్,गोल,,Rice,4,N/A
Oranges,నారింజ పండ్లు,संतरे,,Fruits & Vegetables,4,Floor Rack
Lemons,నిమ్మకాయలు,नींबू,,Fruits & Vegetables,4,Floor Rack
Spinach/Greenery,పాలకూర/ఆకుకూరలు,पालक/हरी सब्जियां,,Fruits & Vegetables,4,Floor Rack
Limes,నిమ్మకాయలు,नीबू,,Fruits & Vegetables,4,Display Rack
Okra,బెండకాయ,भिंडी,lady s finger|bhindi,Fruits & Vegetables,4,Display Rack
Various produce,వివిధ ఉత్పత్తులు,विभिन्न उत्पाद,product,Fruits & Vegetables,4,Background shelf
Bananas,అరటిపండ్లు,केले,,Fruits & Vegetables,4,Rack 1
Tandeljo,టాండెల్జో,टंडेलजो,,Other,4,Rack 2
Leafy Green Vegetables,ఆకుపచ్చ కూరగాయలు,पत्तेदार हरी सब्जियां,,Fruits & Vegetables,4,Rack 2
Plantains,అరటిపండ్లు,केले,,Fruits & Vegetables,4,Rack 3
Coconuts,కొబ్బరికాయలు,नारियल,narial,Dry Fruits & Nuts,4,Rack 4
Frozen Food Items,ఘనీభవించిన ఆహార పదార్థాలు,जमे हुए खाद्य पदार्थ,,Frozen Foods,4,Rack 5
Moringa leaves,మునగాకు,मोरिंगा के पत्ते,,Fruits & Vegetables,4,Rack 1
Turmeric root,పసుపు వేరు,हल्दी की गांठ,haldi|pasupu,Spices & Masalas,4,Rack 1
Bananas,అరటిపండ్లు,केले,,Fruits & Vegetables,4,Rack 2
Papaya,బొప్పాయి,पपीता,,Fruits & Vegetables,4,Rack 2
Coconuts,కొబ్బరికాయలు,नारियल,narial,Dry Fruits & Nuts,4,Rack 3
Moringa,మోరింగా,मोरिंगा,,Dry Fruits & Nuts,4,Rack 1
Cucumbers,దోసకాయలు,खीरे,curd|yogurt|dahi|perugu,Fruits & Vegetables,4,Rack 1
Green papayas,పచ్చి బొప్పాయిలు,हरे पपीते,,Fruits & Vegetables,4,Rack 2
Ripe papayas,పండిన బొప్పాయిలు,पके हुए पपीते,,Fruits & Vegetables,4,Rack 2
Peanuts,వేరుశెనగలు,मूंगफली,groundnuts,Dry Fruits & Nuts,4,Rack 1
Green beans,పచ్చి బీన్స్,हरी सेम,legumes,Fruits & Vegetables,4,Rack 1
Papayas,బొప్పాయిలు,पपीता,,Fruits & Vegetables,4,Rack 2
Chayote,చాయోటే,चायोट,,Fruits & Vegetables,4,Rack 2
Daikon radish,డైకాన్ ముల్లంగి,डाइकॉन मूली,,Fruits & Vegetables,4,Rack 1
Chayote squash,చాయోట్ స్క్వాష్,चायोट स्क्वैश,,Fruits & Vegetables,4,Rack 2
Bitter melon,కాకరకాయ,करेला,,Fruits & Vegetables,4,Rack 2
Festival coconuts,పండుగ కొబ్బరికాయలు,त्योहार के नारियल,narial,Dry Fruits & Nuts,4,Rack 3
Peanuts,వేరుశెనగలు,मूंगफली,groundnuts,Dry Fruits & Nuts,4,Rack 3
Daikon,డైకాన్,डेकोन,,Fruits & Vegetables,4,Rack 1
Carrots,క్యారెట్లు,गाजर,gajar|gaajar,Fruits & Vegetables,4,Rack 1
Turnips,టర్నిప్‌లు,शलजम,,Fruits & Vegetables,4,Rack 1
Taro root,టారో రూట్,तारो की जड़,,Fruits & Vegetables,4,Rack 2
Red Pearl Onions,ఎర్ర ముత్యపు ఉల్లిపాయలు,लाल मोती प्याज,pyaz|ullipaya|erragaddalu,Fruits & Vegetables,4,Rack 1
Sweet Potatoes,చిలగడదుంపలు,शकरकंद,,Fruits & Vegetables,4,Rack 1
Roma Tomatoes,రోమా టమోటాలు,रोमा टमाटर,,Fruits & Vegetables,4,Rack 2
Patrona Roots,పాట్రోనా రూట్స్,पैट्रोना रूट्स,,Fruits & Vegetables,4,Rack 3
Roma Tomatoes,రోమా టమోటాలు,रोमा टमाटर,,Fruits & Vegetables,4,Rack 1
Green Chili Peppers,పచ్చి మిరపకాయలు,हरी मिर्च,chilli|mirchi,Fruits & Vegetables,4,Rack 1
Green Chili Peppers,పచ్చి మిరపకాయలు,हरी मिर्च,chilli|mirchi,Fruits & Vegetables,4,Rack 2
Cabbage,క్యాబేజీ,पत्ता गोभी,aavalu,Fruits & Vegetables,4,Rack 1
Cauliflower,కాలీఫ్లవర్,फूलगोभी,gobhi,Fruits & Vegetables,4,Rack 1
Beets,బీట్‌రూట్,बीट,,Fruits & Vegetables,4,Rack 2
ATV Farms Carrots,ATV ఫార్మ్స్ క్యారెట్లు,एटीवी फार्म गाजर,gajar|gaajar,Fruits & Vegetables,4,Rack 2
Potatoes,బంగాళాదుంపలు,आलू,,Fruits & Vegetables,4,Rack 2
Ginger,అల్లం,अदरक,adrak|allam,Spices & Masalas,4,Rack 3
Idaho Potatoes,ఇడాహో బంగాళాదుంపలు,इडाहो आलू,,Fruits & Vegetables,4,Rack 3
Eggplant,వంకాయ,बैंगन,vegetable,Fruits & Vegetables,4,Rack 1
Oranges,నారింజ పండ్లు,संतरे,,Fruits & Vegetables,4,Rack 1
Potatoes (bulk),బంగాళాదుంపలు (మొత్తం),आलू (थोक),,Fruits & Vegetables,4,Rack 1
Bottle gourd,సొరకాయ,लौकी,,Fruits & Vegetables,4,Rack 1
Ginger,అల్లం,अदरक,adrak|allam,Spices & Masalas,4,Rack 2
Idaho Potatoes,ఇడాహో బంగాళాదుంపలు,इडाहो आलू,,Fruits & Vegetables,4,Rack 2
Garlic,వెల్లుల్లి,लहसुन,lahsun|vellulli,Spices & Masalas,4,Rack 2
Top Gun Onions,టాప్ గన్ ఆనియన్స్,टॉप गन प्याज,pyaz|ullipaya|erragaddalu,Fruits & Vegetables,4,Rack 2
Aloo Bhujia,ఆలూ భుజియా,आलू भुजिया,,Snacks & Namkeen,4,Rack 1
Bhatura Kani,భతురా కని,भटुरा कानी,bread|atta|flatbread,Biscuits & Bakery,4,Rack 1
Boondi Salt,బూందీ ఉప్పు,बूंदी नमक,seasoning salt,Spices & Masalas,4,Rack 1
Chitale snacks,చిటాలే స్నాక్స్,चिताले स्नैक्स,,Snacks & Namkeen,4,Rack 1
Green snacks,ఆకుపచ్చ స్నాక్స్,हरे स्नैक्स,chips,Snacks & Namkeen,4,Rack 1
Yellow snacks,పసుపు రంగు స్నాక్స్,पीले रंग के स्नैक्स,,Snacks & Namkeen,4,Rack 1
Aloo Sev,ఆలూ సేవ్,आलू सेव,aloo tikki|potato tikki,Snacks & Namkeen,4,Rack 1
Tana-Tan,తానా-తాన్,ताना-तान,chickpea,Snacks & Namkeen,4,Rack 1
Euro snacks,యూరో స్నాక్స్,यूरो स्नैक्स,chips,Snacks & Namkeen,4,Rack 2
Soya snacks,సోయా స్నాక్స్,सोया स्नैक्स,,Snacks & Namkeen,4,Rack 2
Falahari snacks,ఫలహారి స్నాక్స్,फलाहारी स्नैक्स,,Snacks & Namkeen,4,Rack 2
Snack bag,స్నాక్ బ్యాగ్,स्नैक बैग,,Household & Cleaning,4,Rack 2
Punjab Quality Vegetables,పంజాబ్ నాణ్యమైన కూరగాయలు,पंजाब की उच्च गुणवत्ता वाली सब्जियां,,Fruits & Vegetables,4,Rack 3
Jersey Fresh Peppers,జెర్సీ తాజా మిరియాలు,जर्सी फ्रेश पेपर्स,,Fruits & Vegetables,4,Rack 3
Snake gourd,పాము సొరకాయ,चिचिण्डा,,Fruits & Vegetables,4,Rack 3
Bitter gourd,కాకరకాయ,करेला,,Fruits & Vegetables,4,Rack 3
Bell peppers,బెల్ పెప్పర్స్,शिमला मिर्च,,Fruits & Vegetables,4,Rack 3
Light green gourd,లేత ఆకుపచ్చ గుమ్మడికాయ,हल्के हरे रंग का लौकी,,Fruits & Vegetables,4,Rack 4
Round eggplant,గుండ్రని వంకాయ,गोल बैंगन,vegetable,Fruits & Vegetables,4,Rack 4
Mangoes,మామిడి పండ్లు,आम,mango|fruit,Fruits & Vegetables,4,Rack 4
Oranges,నారింజ పండ్లు,संतरे,,Fruits & Vegetables,4,Rack 3
Top Gun onions,టాప్ గన్ ఉల్లిపాయలు,टॉप गन प्याज,pyaz|ullipaya|erragaddalu,Fruits & Vegetables,4,Rack 5
Yellow onions,పసుపు ఉల్లిపాయలు,पीले प्याज,pyaz|ullipaya|erragaddalu,Fruits & Vegetables,4,Rack 5
Red onions,ఎర్ర ఉల్లిపాయలు,लाल प्याज,pyaz|ullipaya|erragaddalu,Spices & Masalas,4,Rack 5
Soya Sticks,సోయా స్టిక్స్,सोया स्टिक्स,,Dals & Pulses,4,Rack 1
Falahari,ఫలహారి,फलाहारी,,Dals & Pulses,4,Rack 1
Toasted Corn,కాల్చిన మొక్కజొన్న,भुना हुआ मक्का,,Dry Fruits & Nuts,4,Rack 1
Bell Peppers,బెల్ పెప్పర్స్,शिमला मिर्च,,Fruits & Vegetables,4,Rack 2
Green Beans,పచ్చి బీన్స్,हरी सेम,legumes,Fruits & Vegetables,4,Rack 2
Mangoes,మామిడి పండ్లు,आम,mango|fruit,Fruits & Vegetables,4,Rack 3
Ivy Gourd,ఐవీ గుమ్మడికాయ,आइवी लौकी,,Fruits & Vegetables,4,Rack 3
Red Onions,ఎర్ర ఉల్లిపాయలు,लाल प्याज,pyaz|ullipaya|erragaddalu,Spices & Masalas,4,Rack 4
Sno Red Onions,స్నో రెడ్ ఆనియన్స్,स्नो रेड प्याज,pyaz|ullipaya|erragaddalu,Fruits & Vegetables,4,Rack 4
Gourd,గుమ్మడికాయ,लौकी,,Fruits & Vegetables,4,Rack 1
Okra,బెండకాయ,भिंडी,lady s finger|bhindi,Fruits & Vegetables,4,Rack 1
Guava,జామకాయ,अमरूद,,Fruits & Vegetables,4,Rack 1
Snoino Red Onions,స్నోయినో ఎర్ర ఉల్లిపాయలు,स्नोइनो लाल प्याज,pyaz|ullipaya|erragaddalu,Fruits & Vegetables,4,Rack 2
Snack/Pantry items,చిరుతిండి/వంట సామాగ్రి,नाश्ते/किराने का सामान,chips|biscuit,Snacks & Namkeen,4,Rack 3
Amul Masti Spiced Buttermilk,అముల్ మస్తి మసాలా మజ్జిగ,अमूल मस्ती स्पाइस्ड बटरमिल्क,,Dairy & Paneer,4,Rack 3
Real Coconut Water,నిజమైన కొబ్బరి నీరు,असली नारियल पानी,narial,Beverages,4,Rack 2
Frooti Mango Drink,ఫ్రూటీ మామిడి పానీయం,फ्रूटी मैंगो ड्रिंक,guava drink,Beverages,4,Rack 3
Vita Coco Coconut Water,విటా కోకో కొబ్బరి నీరు,वीटा कोको नारियल पानी,narial,Beverages,4,Rack 3
Amul Milk,అముల్ పాలు,अमूल दूध,doodh,Dairy & Paneer,4,Rack 5
Real Coconut Water,నిజమైన కొబ్బరి నీరు,असली नारियल पानी,narial,Beverages,4,Rack 3
Kashmir Jeera Soda Can,కాశ్మీర్ జీరా సోడా క్యాన్,कश्मीर जीरा सोडा कैन,,Beverages,4,Rack 6
Neem Leaves,వేప ఆకులు,नीम की पत्तियां,,Spices & Masalas,4,Rack 1
White Harad,వైట్ హరాడ్,सफेद हार्ड,,Spices & Masalas,4,Rack 1
Pipli,పిప్లీ,पिपली,,Spices & Masalas,4,Rack 1
Turmeric,పసుపు,हल्दी,haldi|pasupu,Spices & Masalas,4,Rack 1
Indian Brand Herb,ఇండియన్ బ్రాండ్ హెర్బ్,भारतीय ब्रांड जड़ी बूटी,,Spices & Masalas,4,Rack 1
Krazy Super Glue,క్రేజీ సూపర్ గ్లూ,क्रेज़ी सुपर ग्लू,,Household & Cleaning,4,Rack 1
Neem Flowers,వేప పువ్వులు,नीम के फूल,,Spices & Masalas,4,Rack 2
White Harad,వైట్ హరాడ్,सफेद हार्ड,,Spices & Masalas,4,Rack 2
Boswellia,బోస్వెల్లియా,बोसवेलिया,,Spices & Masalas,4,Rack 2
Indian Brand Herb,ఇండియన్ బ్రాండ్ హెర్బ్,भारतीय ब्रांड जड़ी बूटी,,Spices & Masalas,4,Rack 2
Falooda Sev,ఫలూదా సేవ్,फालूदा सेव,crunchy sev,Spices & Masalas,4,Rack 2
Tulsi Leaves,తులసి ఆకులు,तुलसी के पत्ते,,Spices & Masalas,4,Rack 3
Tayari,తయారీ,तयारी,,Rice,4,Rack 3
Shikakai,షికాకై,Shikakai,,Spices & Masalas,4,Rack 3
4 Asst Size Safety Pins,4 వివిధ పరిమాణాల సేఫ్టీ పిన్‌లు,4 विभिन्न आकार की सुरक्षा पिन,,Household & Cleaning,4,Rack 3
Duracell Power Boost,డ్యూరాసెల్ పవర్ బూస్ట్,ड्यूरासेल पावर बूस्ट,,Household & Cleaning,4,Rack 3
Cadbury Dairy Milk Chocolate,కాడ్బరీ డైరీ మిల్క్ చాక్లెట్,कैडबरी डेयरी मिल्क चॉकलेट,,Sweets & Mithai,4,Rack 1
Perk Chocolate,పెర్క్ చాక్లెట్,पर्क चॉकलेट,,Biscuits & Bakery,4,Rack 2
Bounty Chocolate Bar,బౌంటీ చాక్లెట్ బార్,बाउंटी चॉकलेट बार,,Biscuits & Bakery,4,Rack 2
Twirl Chocolate Bar,ట్విర్ల్ చాక్లెట్ బార్,ट्वर्ल चॉकलेट बार,,Biscuits & Bakery,4,Rack 2
Nestle Blast Chocolate,నెస్లే బ్లాస్ట్ చాక్లెట్,नेस्ले ब्लास्ट चॉकलेट,,Biscuits & Bakery,4,Rack 2
Fenugreek Seeds,మెంతి గింజలు,कसूरी मेथी,,Spices & Masalas,4,Rack 3
Twix Chocolate,ట్విక్స్ చాక్లెట్,ट्विक्स चॉकलेट,wafers,Snacks & Namkeen,4,Rack 1
Cadbury Dairy Milk,కాడ్బరీ డైరీ మిల్క్,कैडबरी डेयरी मिल्क,doodh|biscuits,Biscuits & Bakery,4,Rack 1
Unknown Candy/Snack,తెలియని మిఠాయి/చిరుతిండి,अज्ञात कैंडी/स्नैक,cocoa|chips|chocolate|wafers,Snacks & Namkeen,4,Rack 1
Assorted Snack Pack,రకరకాల స్నాక్ ప్యాక్,मिश्रित स्नैक पैक,banana|chips,Snacks & Namkeen,4,Rack 2
Assorted Small Item Box,రకరకాల చిన్న వస్తువుల పెట్టె,मिश्रित छोटी वस्तुओं का बॉक्स,,Other,4,Rack 2
Perk,పెర్క్,उबाल आना,,Other,4,Rack 2
Cadbury Blast Chocolate,కాడ్బరీ బ్లాస్ట్ చాక్లెట్,कैडबरी ब्लास्ट चॉकलेट,cookie|cookies,Biscuits & Bakery,4,Rack 2
Bounty,బహుమతి,इनाम,,Dry Fruits & Nuts,4,Rack 2
Sweet & Salty Swad Confectionery,స్వీట్ & సాల్టీ స్వాద్ కన్ఫెక్షనరీ,मीठा और नमकीन स्वाद कन्फेक्शनरी,,Sweets & Mithai,4,Rack 2
Cadbury Dairy Milk,కాడ్బరీ డైరీ మిల్క్,कैडबरी डेयरी मिल्क,doodh|biscuits,Biscuits & Bakery,4,Rack 3
Flake,రేణువు,परत,,Biscuits & Bakery,4,Rack 3
Revel Stainless Steel Herb & Spice Grinder,రెవెల్ స్టెయిన్‌లెస్ స్టీల్ హెర్బ్ & స్పైస్ గ్రైండర్,रेवेल स्टेनलेस स्टील जड़ी बूटी और मसाला ग्राइंडर,,Kitchenware,4,Rack 1
Mighty Mite,మైటీ మైట్,शक्तिशाली माइट,,Household & Cleaning,4,Rack 1
Nevik Thermometer,నెవిక్ థర్మామీటర్,नेविक थर्मामीटर,,Personal Care,4,Rack 2
Swad Shilajit Capsules,స్వాద్ శిలాజిత్ క్యాప్సూల్స్,स्वाद शिलाजीत कैप्सूल,ayurvedic supplements,Dals & Pulses,4,Rack 4
Swad Mughlai Paan,స్వాద్ ముఘలాయ్ పాన్,स्वाद मुगलई पान,,Spices & Masalas,4,Rack 4
Royal Royal Royal Royal,రాయల్ రాయల్ రాయల్ రాయల్,रॉयल रॉयल रॉयल रॉयल,,Other,4,Rack 2
Patanjali Kajal,పతంజలి కాజల్,पतंजलि काजल,,Personal Care,4,Rack 3
Shringar Sindoor,శృంగార సింధూరం,श्रृंगार सिंदूर,,Personal Care,4,Rack 3
Ziploc bags,జిప్లాక్ సంచులు,ज़िपलॉक बैग,,Household & Cleaning,4,Rack 3
Bic lighter,బిక్ లైటర్,बिक लाइटर,,Household & Cleaning,4,Rack 3
Vicks Inhaler,విక్స్ ఇన్హేలర్,विक्स इनहेलर,,Personal Care,4,Rack 3
All Purpose Matches,ఆల్ పర్పస్ మ్యాచ్‌లు,सर्व-उद्देशीय माचिस,,Household & Cleaning,4,Rack 4
Shingar Kajal,శృంగార కాజల్,शिंगार काजल,,Personal Care,4,Rack 4
Ziploc bags,జిప్లాక్ సంచులు,ज़िपलॉक बैग,,Household & Cleaning,4,Rack 4
Sahnaz Kajal,సహ్నాజ్ కాజల్,सहनाज़ काजल,,Personal Care,4,Rack 4
Moov Fast Pain Relief,మూవ్ ఫాస్ట్ పెయిన్ రిలీఫ్,मूव फास्ट पेन रिलीफ,,Household & Cleaning,4,Rack 1
Zenex Brass,జెనెక్స్ బ్రాస్,ज़ेनेक्स पीतल,,Household & Cleaning,4,Rack 2
Little Trees,చిన్న చెట్లు,छोटे पेड़,,Household & Cleaning,4,Rack 2
,#VALUE!,#VALUE!,,,,
Poha,పోహా,पोहा,,"Rava, Poha & Grains",6,Rack 1
Idhayam Gingelly Oil,ఇదయం నువ్వుల నూనె,इधायम तिल का तेल,,Oils & Ghee,6,Rack 1
Cooking Oil,వంట నూనె,खाना पकाने का तेल,vegetable oil,Oils & Ghee,6,Rack 2
Cooking Oil,వంట నూనె,खाना पकाने का तेल,vegetable oil,Oils & Ghee,6,Rack 3
Cooking Oil,వంట నూనె,खाना पकाने का तेल,vegetable oil,Oils & Ghee,6,Rack 4
Cooking Oil,వంట నూనె,खाना पकाने का तेल,vegetable oil,Oils & Ghee,6,Rack 5
Cooking Oil,వంట నూనె,खाना पकाने का तेल,vegetable oil,Oils & Ghee,6,Rack 6
Nutrela Soya Mini Chunks,నుట్రెలా సోయా మినీ చంక్స్,न्यूट्रेला सोया मिनी चंक्स,,Dals & Pulses,6,Rack 6
Swad Soya Wadi Soya Chunks,స్వాద్ సోయా వాడి సోయా చంక్స్,स्वाद सोया वड़ी सोया चंक्स,,Dals & Pulses,6,Rack 7
Raghav Soya Wadi,రాఘవ్ సోయా వాడి,राघव सोया वाडी,,Dals & Pulses,6,Rack 7
Bansi Chora Vadi,బన్సీ చోరా వాడి,बंसी चोरा वादी,indian snack,Dry Fruits & Nuts,6,Rack 7
Vermicelli,వెర్మిసెల్లి,वर्मीसेली,roasted vermicelli|rice vermicelli,"Rava, Poha & Grains",6,Rack 7
Bambino Vermicelli,బాంబినో వెర్మిసెల్లి,बाम्बिनो वर्मीसेली,vermicelli,"Rava, Poha & Grains",6,Rack 8
Bambino Immunity Boosting Vermicelli,బాంబినో రోగనిరోధక శక్తిని పెంచే సేమియా,बाम्बिनो रोग प्रतिरोधक क्षमता बढ़ाने वाली वर्मीसेली,roasted vermicelli,"Rava, Poha & Grains",6,Rack 8
Priya Vermicelli,ప్రియా వర్మిసెల్లి,प्रिया वर्मीसेली,roasted vermicelli|rice vermicelli,"Rava, Poha & Grains",6,Rack 8
Anil Roasted Semiya,అనిల్ రోస్టెడ్ సెమియా,अनिल ने सेमिया को भून दिया,roasted rava,"Rava, Poha & Grains",6,Rack 9
Anil Finger Millet Vermicelli,అనిల్ రాగులు సేమ్యా,अनिल फिंगर मिलेट वर्मीसेली,,"Rava, Poha & Grains",6,Rack 9
Anil Rice Vermicelli,అనిల్ రైస్ వెర్మిసెల్లి,अनिल राइस वर्मीसेली,rice vermicelli|ani,Rice,6,Rack 9
Anil Pearl Millet Vermicelli,అనిల్ పెరల్ మిల్లెట్ వెర్మిసెల్లి,अनिल पर्ल मिलेट वर्मीसेली,,"Rava, Poha & Grains",6,Rack 9
Morton Iodized Salt,మోర్టన్ అయోడైజ్డ్ సాల్ట్,मॉर्टन आयोडीन युक्त नमक,,"Sugar, Salt & Jaggery",6,Rack 10
Sea Salt,సముద్రపు ఉప్పు,समुद्री नमक,,"Sugar, Salt & Jaggery",6,Rack 10
Tata Salt,టాటా సాల్ట్,टाटा सॉल्ट,,"Sugar, Salt & Jaggery",6,Rack 10
Nutrela Soya Mini Chunks,నుట్రెలా సోయా మినీ చంక్స్,न्यूट्रेला सोया मिनी चंक्स,,Dals & Pulses,6,Rack 1
Bansi Chora Vadi,బన్సీ చోరా వాడి,बंसी चोरा वादी,indian snack,Dry Fruits & Nuts,6,Rack 2
Bansi Vermicelli,బాన్సీ వెర్మిసెల్లి,बंसी वर्मीसेली,,"Rava, Poha & Grains",6,Rack 2
Bliss Tree Maapillai Samba Vermicelli,బ్లిస్ ట్రీ మాపిల్లై సాంబ వెర్మిసెల్లి,ब्लिस ट्री मापिल्लई सांबा वर्मीसेली,rice vermicelli,"Rava, Poha & Grains",6,Rack 2
Bliss Tree V-Mong Green Gram Sprout,బ్లిస్ ట్రీ వి-మొంగ్ పెసర మొలకలు,ब्लिस ट्री वी-मोंग हरी मूंग के अंकुर,,Dals & Pulses,6,Rack 2
Shan Roasted Vermicelli,షాన్ రోస్టెడ్ వెర్మిసెల్లి,शान रोस्टेड वर्मीसेली,,"Rava, Poha & Grains",6,Rack 2
MTR Vermicelli,MTR వర్మిసెల్లి,एमटीआर वर्मीसेली,wheat|roasted vermicelli|rice vermicelli,"Rava, Poha & Grains",6,Rack 3
Arian Vermicelli,అరియన్ వెర్మిసెల్లి,एरियन वर्मीसेली,roasted vermicelli|wheat,"Rava, Poha & Grains",6,Rack 3
Ganesh Rice Sevai,గణేష్ రైస్ సేవి,गणेश चावल सेवई,chawal|biyyam,"Rava, Poha & Grains",6,Rack 3
777 Brand Roasted Vermicelli,777 బ్రాండ్ వేయించిన సేమియా,777 ब्रांड की भुनी हुई सेवई,wheat|rice vermicelli,"Rava, Poha & Grains",6,Rack 3
Anil Rice Vermicelli,అనిల్ రైస్ వెర్మిసెల్లి,अनिल राइस वर्मीसेली,rice vermicelli|ani,Rice,6,Rack 4
Anil Pearl Millet Vermicelli,అనిల్ పెరల్ మిల్లెట్ వెర్మిసెల్లి,अनिल पर्ल मिलेट वर्मीसेली,,"Rava, Poha & Grains",6,Rack 4
Himalayan Crystal Salt,హిమాలయన్ క్రిస్టల్ సాల్ట్,हिमालयी क्रिस्टल नमक,,"Sugar, Salt & Jaggery",6,Rack 4
Sobi Himalayan Pink Salt,సోబి హిమాలయన్ పింక్ సాల్ట్,सोबी हिमालयन पिंक सॉल्ट,seasoning salt,"Sugar, Salt & Jaggery",6,Rack 4
Sobi Pink Salt,సోబి పింక్ సాల్ట్,सोबी पिंक सॉल्ट,seasoning salt,"Sugar, Salt & Jaggery",6,Rack 4
Himalayan Pink Salt,హిమాలయన్ పింక్ సాల్ట్,हिमालयी गुलाबी नमक,seasoning salt,"Sugar, Salt & Jaggery",6,Rack 4
Tata Salt Lite,టాటా సాల్ట్ లైట్,टाटा सॉल्ट लाइट,seasoning salt,"Sugar, Salt & Jaggery",6,Rack 5
Patanjali Iodised Salt,పతంజలి అయోడైజ్డ్ ఉప్పు,पतंजलि आयोडीन युक्त नमक,seasoning salt,"Sugar, Salt & Jaggery",6,Rack 5
Tata Black Salt,టాటా బ్లాక్ సాల్ట్,टाटा ब्लैक सॉल्ट,seasoning salt|kala namak,Spices & Masalas,6,Rack 5
Laxmi Gingelly Oil,లక్ష్మి నువ్వుల నూనె,लक्ष्मी तिल का तेल,,Oils & Ghee,6,Rack 11
Patanjali Peanut Oil,పతంజలి వేరుశెనగ నూనె,पतंजलि मूंगफली का तेल,nut oil|vegetable oil,Oils & Ghee,6,Rack 11
Gramiyaa Wood Cold Pressed Groundnut Oil,గ్రామియా వుడ్ కోల్డ్ ప్రెస్డ్ వేరుశనగ నూనె,ग्रामिया वुड कोल्ड प्रेस्ड मूंगफली का तेल,nut oil|vegetable oil,Oils & Ghee,6,Rack 11
Patanjali Mustard Oil,పతంజలి ఆవ నూనె,पतंजलि सरसों का तेल,rai|aavalu,Oils & Ghee,6,Rack 12
Tez Mustard Oil,తేజ్ ఆవ నూనె,तेज सरसों का तेल,rai|aavalu,Oils & Ghee,6,Rack 12
Patanjali Mustard Oil (Large Jug),పతంజలి ఆవ నూనె (పెద్ద జగ్),पतंजलि सरसों का तेल (बड़ा जग),rai|aavalu,Oils & Ghee,6,Rack 12
Idhayam Gingelly Oil,ఇదయం నువ్వుల నూనె,इधायम तिल का तेल,,Oils & Ghee,6,Rack 12
Gramiyaa Wood Cold Pressed Groundnut Oil,గ్రామియా వుడ్ కోల్డ్ ప్రెస్డ్ వేరుశనగ నూనె,ग्रामिया वुड कोल्ड प्रेस्ड मूंगफली का तेल,nut oil|vegetable oil,Oils & Ghee,6,Rack 13
Patanjali Peanut Oil,పతంజలి వేరుశెనగ నూనె,पतंजलि मूंगफली का तेल,nut oil|vegetable oil,Oils & Ghee,6,Rack 13
Laxmi Peanut Oil,లక్ష్మి వేరుశెనగ నూనె,लक्ष्मी मूंगफली का तेल,groundnuts|nut oil,Oils & Ghee,6,Rack 13
Just Organik Peanut Oil,జస్ట్ ఆర్గానిక్ పీనట్ ఆయిల్,जस्ट ऑर्गेनिक मूंगफली का तेल,corn|nut oil|groundnuts,Oils & Ghee,6,Rack 13
Just Organik Sunflower Oil,జస్ట్ ఆర్గానిక్ సన్‌ఫ్లవర్ ఆయిల్,जस्ट ऑर्गेनिक सूरजमुखी तेल,vegetable oil|corn,Oils & Ghee,6,Rack 14
Laxmi Gingelly Oil,లక్ష్మి నువ్వుల నూనె,लक्ष्मी तिल का तेल,,Oils & Ghee,6,Rack 14
Idhayam Sesame Oil,ఇదయం నువ్వుల నూనె,इधयम तिल का तेल,nut oil,Oils & Ghee,6,Rack 14
Idhayam Gingelly Oil,ఇదయం నువ్వుల నూనె,इधायम तिल का तेल,,Oils & Ghee,6,Rack 14
Mazola Corn Oil,మజోలా మొక్కజొన్న నూనె,माज़ोला कॉर्न ऑयल,vegetable oil|nut oil,Oils & Ghee,6,Rack 15
Brio Olive Oil Pomace,బ్రియో ఆలివ్ ఆయిల్ పోమేస్,ब्रियो ऑलिव ऑयल पोमेस,vegetable oil,Oils & Ghee,6,Rack 15
Brio Extra Virgin Olive Oil,బ్రియో ఎక్స్‌ట్రా వర్జిన్ ఆలివ్ ఆయిల్,ब्रियो एक्स्ट्रा वर्जिन ऑलिव ऑयल,vegetable oil,Oils & Ghee,6,Rack 15
Laxmi Mustard Oil,లక్ష్మి ఆవ నూనె,लक्ष्मी सरसों का तेल,rai|aavalu|vegetable oil|nut oil,Oils & Ghee,6,Rack 13
Laxmi Mustard Oil,లక్ష్మి ఆవ నూనె,लक्ष्मी सरसों का तेल,rai|aavalu|vegetable oil|nut oil,Oils & Ghee,6,Rack 15
Brio Olive Oil,బ్రియో ఆలివ్ నూనె,ब्रियो ऑलिव ऑयल,vegetable oil,Oils & Ghee,6,Rack 15
Brio Sesame Oil,బ్రియో నువ్వుల నూనె,ब्रियो तिल का तेल,vegetable oil|nut oil,Oils & Ghee,6,Rack 15
Laxmi Peanut Oil,లక్ష్మి వేరుశెనగ నూనె,लक्ष्मी मूंगफली का तेल,groundnuts|nut oil,Oils & Ghee,6,Rack 11
Laxmi Mustard Oil,లక్ష్మి ఆవ నూనె,लक्ष्मी सरसों का तेल,rai|aavalu|vegetable oil|nut oil,Oils & Ghee,6,Rack 12
Gramiyum Peanut Oil,గ్రామియం వేరుశెనగ నూనె,ग्रामियम मूंगफली का तेल,nut oil|groundnuts|vegetable oil,Oils & Ghee,6,Rack 13
Laxmi Sesame Oil,లక్ష్మి నువ్వుల నూనె,लक्ष्मी तिल का तेल,vegetable oil|nut oil,Oils & Ghee,6,Rack 15
Laxmi Canola Oil,లక్ష్మి కనోలా నూనె,लक्ष्मी कैनोला तेल,vegetable oil,Oils & Ghee,6,Rack 15
Laxmi Corn Oil,లక్ష్మి మొక్కజొన్న నూనె,लक्ष्मी कॉर्न ऑयल,vegetable oil,Oils & Ghee,6,Rack 15
Brio Olive Pomace Oil,బ్రియో ఆలివ్ పోమేస్ ఆయిల్,ब्रियो ऑलिव पोमेस ऑयल,vegetable oil,Oils & Ghee,6,Rack 15
Laxmi Gingelly Oil,లక్ష్మి నువ్వుల నూనె,लक्ष्मी तिल का तेल,,Oils & Ghee,6,top shelf
Laxmi Mustard Oil,లక్ష్మి ఆవ నూనె,लक्ष्मी सरसों का तेल,rai|aavalu|vegetable oil|nut oil,Oils & Ghee,6,Rack 17
Tez Mustard Oil,తేజ్ ఆవ నూనె,तेज सरसों का तेल,rai|aavalu,Oils & Ghee,6,Rack 17
Patanjali Mustard Oil,పతంజలి ఆవ నూనె,पतंजलि सरसों का तेल,rai|aavalu,Oils & Ghee,6,top shelf
Swad Groundnut Oil,స్వాద్ వేరుశనగ నూనె,स्वाद मूंगफली का तेल,nut oil,Oils & Ghee,6,Rack 18
Tez Groundnut Oil,తేజ్ వేరుశనగ నూనె,तेज मूंगफली का तेल,nut oil,Oils & Ghee,6,Rack 18
Organic Peanut Oil,సేంద్రీయ వేరుశెనగ నూనె,जैविक मूंगफली का तेल,groundnuts|nut oil|vegetable oil,Oils & Ghee,6,Rack 18
Patanjali Peanut Oil,పతంజలి వేరుశెనగ నూనె,पतंजलि मूंगफली का तेल,nut oil|vegetable oil,Oils & Ghee,6,Rack 18
Gramiyum Peanut Oil,గ్రామియం వేరుశెనగ నూనె,ग्रामियम मूंगफली का तेल,nut oil|groundnuts|vegetable oil,Oils & Ghee,6,top shelf
Just Organik Peanut Oil,జస్ట్ ఆర్గానిక్ పీనట్ ఆయిల్,जस्ट ऑर्गेनिक मूंगफली का तेल,corn|nut oil|groundnuts,Oils & Ghee,6,top shelf
Swad Coconut Oil,స్వాద్ కొబ్బరి నూనె,स्वाद नारियल तेल,narial,Oils & Ghee,6,Rack 19
Sunflower Oil,పొద్దుతిరుగుడు నూనె,सूरजमुखी का तेल,vegetable oil,Oils & Ghee,6,Rack 19
Mazola Corn Oil,మజోలా మొక్కజొన్న నూనె,माज़ोला कॉर्न ऑयल,vegetable oil|nut oil,Oils & Ghee,6,bottom shelf
Canola Oil,కనోలా నూనె,कैनोला का तेल,vegetable oil,Oils & Ghee,6,bottom shelf
Tez Sesame Oil,తేజ్ నువ్వుల నూనె,तेज तिल का तेल,vegetable oil|nut oil,Oils & Ghee,6,bottom shelf
Laxmi Sesame Oil,లక్ష్మి నువ్వుల నూనె,लक्ष्मी तिल का तेल,vegetable oil|nut oil,Oils & Ghee,6,bottom shelf
Dabur Mustard Oil,డాబర్ మస్టర్డ్ ఆయిల్,डाबर सरसों का तेल,rai|aavalu|nut oil,Oils & Ghee,6,Rack 17
777 Groundnut Oil,777 వేరుశెనగ నూనె,777 मूंगफली का तेल,nut oil,Oils & Ghee,6,Rack 18
Patanjali Organic Peanut Oil,పతంజలి ఆర్గానిక్ వేరుశెనగ నూనె,पतंजलि ऑर्गेनिक मूंगफली का तेल,groundnuts|nut oil,Oils & Ghee,6,Rack 18
Graminiya Peanut Oil,గ్రామినియా వేరుశెనగ నూనె,ग्रामिनिया मूंगफली का तेल,nut oil|groundnuts,Oils & Ghee,6,Rack 18
Swad Sunflower Oil,స్వాద్ పొద్దుతిరుగుడు నూనె,स्वाद सूरजमुखी तेल,vegetable oil,Oils & Ghee,6,Rack 19
Tez Sesame Oil,తేజ్ నువ్వుల నూనె,तेज तिल का तेल,vegetable oil|nut oil,Oils & Ghee,6,Rack 20
Graminiya Oil,గ్రామినియా ఆయిల్,ग्रामिनिया तेल,nut oil|vegetable oil,Oils & Ghee,6,Rack 20
Sesame Oil,నువ్వుల నూనె,तिल का तेल,vegetable oil|nut oil,Oils & Ghee,6,Rack 20
Laxmi Sesame Oil,లక్ష్మి నువ్వుల నూనె,लक्ष्मी तिल का तेल,vegetable oil|nut oil,Oils & Ghee,6,Rack 20
Canola Oil,కనోలా నూనె,कैनोला का तेल,vegetable oil,Oils & Ghee,6,Rack 20
Gramiyaa Wood Cold Pressed Mustard Oil,గ్రామియా వుడ్ కోల్డ్ ప్రెస్డ్ మస్టర్డ్ ఆయిల్,ग्रामिया वुड कोल्ड प्रेस्ड सरसों का तेल,nut oil|rai|aavalu|vegetable oil,Oils & Ghee,6,Rack 21
Tez Mustard Oil,తేజ్ ఆవ నూనె,तेज सरसों का तेल,rai|aavalu,Oils & Ghee,6,Rack 21
Dabur Mustard Oil,డాబర్ మస్టర్డ్ ఆయిల్,डाबर सरसों का तेल,rai|aavalu|nut oil,Oils & Ghee,6,Rack 21
Swad Peanut Oil,స్వాద్ వేరుశెనగ నూనె,स्वाद मूंगफली का तेल,groundnuts|nut oil|vegetable oil,Oils & Ghee,6,Rack 22
Mantra Peanut Oil,మంత్ర పీనట్ ఆయిల్,मंत्रा मूंगफली का तेल,groundnuts|nut oil|vegetable oil,Oils & Ghee,6,Rack 22
Laxmi Peanut Oil,లక్ష్మి వేరుశెనగ నూనె,लक्ष्मी मूंगफली का तेल,groundnuts|nut oil,Oils & Ghee,6,Rack 22
777 Peanut Oil,777 వేరుశెనగ నూనె,777 मूंगफली का तेल,groundnuts|nut oil|vegetable oil,Oils & Ghee,6,Rack 22
Brio Sunflower Oil,బ్రియో సన్‌ఫ్లవర్ ఆయిల్,ब्रियो सूरजमुखी तेल,vegetable oil,Oils & Ghee,6,Rack 23
Swad High Oleic Sunflower Oil,స్వాద్ హై ఒలిక్ పొద్దుతిరుగుడు నూనె,स्वाद हाई ओलिक सूरजमुखी तेल,vegetable oil,Oils & Ghee,6,Rack 23
Saffola Gold Oil,సఫోలా గోల్డ్ ఆయిల్,सैफोला गोल्ड ऑयल,vegetable oil,Oils & Ghee,6,Rack 24
Swad Vegetable Oil,స్వాద్ వెజిటబుల్ ఆయిల్,स्वाद वनस्पति तेल,,Oils & Ghee,6,Rack 24
Ajax Dish Soap,అజాక్స్ డిష్ సోప్,एजैक्स डिश सोप,,Household & Cleaning,6,Rack 29
Palmolive Dish Soap,పాల్మోలివ్ డిష్ సోప్,पामोलिव डिश सोप,,Household & Cleaning,6,Rack 29
GoodSense Flap-Ties Trash Bags,గుడ్‌సెన్స్ ఫ్లాప్-టైస్ ట్రాష్ బ్యాగ్‌లు,गुडसेंस फ्लैप-टाई ट्रैश बैग,,Household & Cleaning,6,Rack 30
Italexpress Coffee Maker,ఇటల్‌ఎక్స్‌ప్రెస్ కాఫీ మేకర్,इटैलएक्सप्रेस कॉफी मेकर,coffee beans|kaapi,Tea & Coffee,6,Rack 30
Famer Glassware,ఫేమర్ గ్లాస్‌వేర్,किसान कांच के बर्तन,,Kitchenware,6,Rack 30
Milton Thermosteel,మిల్టన్ థర్మోస్టీల్,मिल्टन थर्मोस्टील,,Personal Care,6,Rack 31
Marvel Stainless Steel Bottle,మార్వెల్ స్టెయిన్‌లెస్ స్టీల్ బాటిల్,मार्वल स्टेनलेस स्टील की बोतल,,Beverages,6,Rack 31
Apex Multi Slicer,అపెక్స్ మల్టీ స్లైసర్,एपेक्स मल्टी स्लाइसर,,Kitchenware,6,Rack 31
Just Organik Moong Split,జస్ట్ ఆర్గానిక్ మూంగ్ స్ప్లిట్,जस्ट ऑर्गेनिक मूंग स्प्लिट,,Dals & Pulses,6,Rack 31
Famer Glassware,ఫేమర్ గ్లాస్‌వేర్,किसान कांच के बर्तन,,Kitchenware,6,Rack 31
Quality Ghee Pot,నాణ్యమైన నెయ్యి కుండ,उच्च गुणवत्ता वाला घी का बर्तन,neyyi,Oils & Ghee,6,Rack 26
Ketan Ghee Pot,కేతన్ నెయ్యి కుండ,केतन घी पॉट,neyyi,Oils & Ghee,6,Rack 26
Super Shyne Stainless Steel Ghee Pot,సూపర్ షైన్ స్టెయిన్‌లెస్ స్టీల్ నెయ్యి కుండ,सुपर शाइन स्टेनलेस स्टील घी का बर्तन,,Kitchenware,6,Rack 26
Noble Powder-Free Vinyl Gloves,నోబుల్ పౌడర్-ఫ్రీ వినైల్ గ్లోవ్స్,नोबल पाउडर-फ्री विनाइल ग्लव्स,,Household & Cleaning,6,Rack 26
Jay Other Products,జయ ఇతర ఉత్పత్తులు,जय अन्य उत्पाद,,Other,6,Rack 26
Stainless Steel Container,స్టెయిన్‌లెస్ స్టీల్ కంటైనర్,स्टेनलेस स्टील कंटेनर,,Kitchenware,6,Rack 27
Aluminum Pot with lid,మూతతో కూడిన అల్యూమినియం కుండ,ढक्कन सहित एल्युमिनियम का बर्तन,,Kitchenware,6,Rack 27
Metal Turkish Coffee Pot,లోహపు టర్కిష్ కాఫీ కుండ,धातु का तुर्की कॉफी पॉट,coffee beans|kaapi,Tea & Coffee,6,Rack 27
Stainless Steel Goblets,స్టెయిన్‌లెస్ స్టీల్ గొబ్లెట్లు,स्टेनलेस स्टील के गिलास,,Tea & Coffee,6,Rack 28
Stainless Steel Coffee Filter,స్టెయిన్‌లెస్ స్టీల్ కాఫీ ఫిల్టర్,स्टेनलेस स्टील कॉफी फिल्टर,coffee beans|kaapi,Tea & Coffee,6,Rack 28
Super Shyne Stainless Steel Glass Set,సూపర్ షైన్ స్టెయిన్‌లెస్ స్టీల్ గ్లాస్ సెట్,सुपर शाइन स्टेनलेस स्टील ग्लास सेट,,Kitchenware,6,Rack 28
Stainless Steel Food Canisters,స్టెయిన్‌లెస్ స్టీల్ ఫుడ్ క్యాన్స్టర్లు,स्टेनलेस स्टील के खाद्य डिब्बे,,Household & Cleaning,6,Rack 28
Ajax Dishwashing Liquid,అజాక్స్ డిష్‌వాషింగ్ లిక్విడ్,एजैक्स डिशवॉशिंग लिक्विड,,Household & Cleaning,6,Rack 28
Palmolive Dishwashing Liquid,పాల్మోలివ్ డిష్‌వాషింగ్ లిక్విడ్,पालमोलिव डिशवॉशिंग लिक्विड,,Household & Cleaning,6,Rack 28
Famer Stainless Steel Glass,ఫేమర్ స్టెయిన్‌లెస్ స్టీల్ గ్లాస్,किसान स्टेनलेस स्टील ग्लास,,Kitchenware,6,Rack 32
Super Shyne Stainless Steel Idli Cooker,సూపర్ షైన్ స్టెయిన్‌లెస్ స్టీల్ ఇడ్లీ కుక్కర్,सुपर शाइन स्टेनलेस स्टील इडली कुकर,,Kitchenware,6,Rack 32
Cuisinart Sandwich Grill,కుసినార్ట్ శాండ్‌విచ్ గ్రిల్,कुइसिनार्ट सैंडविच ग्रिल,,Kitchenware,6,Rack 32
Freshrite Sandwich Bag,ఫ్రెష్‌రైట్ శాండ్‌విచ్ బ్యాగ్,फ्रेशराइट सैंडविच बैग,,Household & Cleaning,6,Rack 34
Reynolds Wrap,రేనాల్డ్స్ ర్యాప్,रेनॉल्ड्स रैप,,Household & Cleaning,6,Rack 34
Sure-Tuff Trash Bags,ష్యూర్-టఫ్ ట్రాష్ బ్యాగ్స్,श्योर-टफ कचरा बैग,,Household & Cleaning,6,Rack 34
Good'n Tuff Tall Kitchen Bags,గుడ్'న్ టఫ్ టాల్ కిచెన్ బ్యాగ్స్,गुड'एन टफ टॉल किचन बैग,,Household & Cleaning,6,Rack 34
Kitchen's Desire Cookware,కిచెన్స్ డిజైర్ కుక్‌వేర్,किचन डिज़ायर कुकवेयर,,Kitchenware,6,Rack 36
Super Shyne Wood Chakla Belan with Rolling Pin,రోలింగ్ పిన్‌తో సూపర్ షైన్ వుడ్ చక్లా బేలన్,रोलिंग पिन के साथ सुपर शाइन वुड चकला बेलन,,Kitchenware,6,Rack 36
Super Shyne Dosa Tawa,సూపర్ షైన్ దోస తవా,सुपर शाइन डोसा तवा,,Kitchenware,6,Rack 1
Super Shyne Roaster Square,సూపర్ షైన్ రోస్టర్ స్క్వేర్,सुपर शाइन रोस्टर स्क्वायर,,Kitchenware,6,Rack 1
Aadarsh Stainless Steel product,ఆదర్శ స్టెయిన్‌లెస్ స్టీల్ ఉత్పత్తి,आदर्श स्टेनलेस स्टील उत्पाद,cookware,Kitchenware,6,Rack 1
Rena Kitchen Utility Set,రేనా కిచెన్ యుటిలిటీ సెట్,रेना किचन यूटिलिटी सेट,,Kitchenware,6,Rack 1
Kitchen Lighter,వంటగది లైటర్,किचन लाइटर,,Household & Cleaning,6,Rack 1
Anjali Uttappa Tawa Diamond Dura,అంజలి ఉత్తప్ప తవ డైమండ్ దురా,अंजलि उत्तप्पा तवा डायमंड ड्यूरा,,Kitchenware,6,Rack 1
Fresh Sandwich Bags,తాజా శాండ్‌విచ్ బ్యాగ్‌లు,ताज़ा सैंडविच बैग,,Household & Cleaning,6,Rack 1
La Bella Product,లా బెల్లా ఉత్పత్తి,ला बेला उत्पाद,,Personal Care,6,Rack 2
Surya Gas Toaster,సూర్య గ్యాస్ టోస్టర్,सूर्या गैस टोस्टर,,Kitchenware,6,Rack 2
Vinod Black Pearl Tadka Pan,వినోద్ బ్లాక్ పెర్ల్ తడ్కా పాన్,विनोद ब्लैक पर्ल तड़का पैन,,Kitchenware,6,Rack 2
Egg Boiler,గుడ్డు బాయిలర్,अंडा उबालने वाला,,Kitchenware,6,Rack 2
Calico Press,కాలికో ప్రెస్,कैलिको प्रेस,,Kitchenware,6,Rack 2
Super Shyne Non Stick Tava 11 inch,సూపర్ షైన్ నాన్ స్టిక్ తవా 11 అంగుళాలు,सुपर शाइन नॉन स्टिक तवा 11 इंच,,Kitchenware,6,Rack 1
Super Shyne Flat Tava 12 inch,సూపర్ షైన్ ఫ్లాట్ తవా 12 అంగుళాలు,सुपर शाइन फ्लैट तवा 12 इंच,,Kitchenware,6,Rack 1
Super Shyne Tava 11 inch,సూపర్ షైన్ తవా 11 అంగుళాలు,सुपर शाइन तावा 11 इंच,non stick karahi,Kitchenware,6,Rack 1
Super Shyne Dosa Tava 11 inch,సూపర్ షైన్ దోస తవా 11 అంగుళాలు,सुपर शाइन डोसा तवा 11 इंच,idli rava|rice rava,Kitchenware,6,Rack 1
Super Shyne Flat Tava 10.5 inch,సూపర్ షైన్ ఫ్లాట్ తవా 10.5 అంగుళాలు,सुपर शाइन फ्लैट तवा 10.5 इंच,,Kitchenware,6,Rack 2
Super Shyne Tava 11 inch,సూపర్ షైన్ తవా 11 అంగుళాలు,सुपर शाइन तावा 11 इंच,non stick karahi,Kitchenware,6,Rack 2
Super Shyne Non Stick Cookware 8.7 inch,సూపర్ షైన్ నాన్ స్టిక్ కుక్‌వేర్ 8.7 అంగుళాలు,सुपर शाइन नॉन स्टिक कुकवेयर 8.7 इंच,non stick karahi,Kitchenware,6,Rack 2
Super Shyne Tava 13 inch,సూపర్ షైన్ తవా 13 అంగుళాలు,सुपर शाइन तवा 13 इंच,non stick karahi,Kitchenware,6,Rack 2
Super Shyne Zinc 16 inch Barbeque Skewers,సూపర్ షైన్ జింక్ 16 అంగుళాల బార్బెక్యూ స్కేవర్లు,सुपर शाइन ज़िंक 16 इंच बारबेक्यू सीखें,,Pooja Items,6,Rack 2
Sumeet Non Stick Flat Tava,సుమీత్ నాన్ స్టిక్ ఫ్లాట్ తవా,सुमीत नॉन स्टिक फ्लैट तवा,,Kitchenware,6,Rack 3
Vinod Black Pearl Tadka Pan,వినోద్ బ్లాక్ పెర్ల్ తడ్కా పాన్,विनोद ब्लैक पर्ल तड़का पैन,,Kitchenware,6,Rack 4
Famous Beater,ప్రసిద్ధ బీటర్,प्रसिद्ध बीटर,electric beater,Biscuits & Bakery,6,Rack 4
La Bella,లా బెల్లా,ला बेला,,Personal Care,6,Rack 4
Uttappa Tava,ఉత్తప్ప తవ,उत्तप्पा तवा,idli rava|rice rava,"Rava, Poha & Grains",6,Rack 5
Super Shyne Ladle,సూపర్ షైన్ గరిటె,सुपर शाइन लैडल,,Kitchenware,6,Rack 41
Super Shyne Skimmer,సూపర్ షైన్ స్కిమ్మర్,सुपर शाइन स्किमर,,Kitchenware,6,Rack 41
Super Shyne Spoon,సూపర్ షైన్ స్పూన్,सुपर शाइन स्पून,,Kitchenware,6,Rack 41
Super Shyne Spatula,సూపర్ షైన్ స్పటూలా,सुपर शाइन स्पैटुला,,Kitchenware,6,Rack 41
Super Shyne Tong,సూపర్ షైన్ టాంగ్,सुपर शाइन टोंग,,Kitchenware,6,Rack 41
Super Shyne Serving Spoon,సూపర్ షైన్ సర్వింగ్ స్పూన్,सुपर शाइन सर्विंग स्पून,,Kitchenware,6,Rack 41
Super Shyne Ladle Small,సూపర్ షైన్ గరిటె చిన్నది,सुपर शाइन लैडल छोटा,,Kitchenware,6,Rack 41
Super Shyne Serving Spoon Small,సూపర్ షైన్ సర్వింగ్ స్పూన్ చిన్నది,सुपर शाइन सर्विंग स्पून (छोटा),,Kitchenware,6,Rack 41
Super Shyne Skimmer Small,సూపర్ షైన్ స్కిమ్మర్ స్మాల్,सुपर शाइन स्किमर स्मॉल,,Kitchenware,6,Rack 41
Super Shyne Slotted Spoon,సూపర్ షైన్ స్లాటెడ్ స్పూన్,सुपर शाइन स्लॉटेड स्पून,,Kitchenware,6,Rack 41
Super Shyne Serving Fork,సూపర్ షైన్ సర్వింగ్ ఫోర్క్,सुपर शाइन सर्विंग फोर्क,,Kitchenware,6,Rack 41
Super Shyne Peeler,సూపర్ షైన్ పీలర్,सुपर शाइन पीलर,,Kitchenware,6,Rack 41
Super Shyne Bottle Opener,సూపర్ షైన్ బాటిల్ ఓపెనర్,सुपर शाइन बॉटल ओपनर,,Kitchenware,6,Rack 41
Super Shyne Vegetable Cutter,సూపర్ షైన్ వెజిటబుల్ కట్టర్,सुपर शाइन वेजिटेबल कटर,,Kitchenware,6,Rack 41
Super Shyne Tea Strainer,సూపర్ షైన్ టీ స్ట్రైనర్,सुपर शाइन चाय छलनी,,Kitchenware,6,Rack 41
Super Shyne Potato Masher,సూపర్ షైన్ పొటాటో మాషర్,सुपर शाइन पोटैटो मैशर,,Kitchenware,6,Rack 41
Super Shyne Meat Mallet,సూపర్ షైన్ మీట్ మాలెట్,सुपर शाइन मीट मैलेट,,Kitchenware,6,Rack 41
Super Shyne Chef Knife,సూపర్ షైన్ చెఫ్ కత్తి,सुपर शाइन शेफ नाइफ,,Kitchenware,6,Rack 41
Stainless Steel Sifter,స్టెయిన్‌లెస్ స్టీల్ జల్లెడ,स्टेनलेस स्टील की छलनी,,Kitchenware,6,Rack 44
Stainless Steel Divided Plate,స్టెయిన్‌లెస్ స్టీల్ విభజిత ప్లేట్,स्टेनलेस स्टील विभाजित प्लेट,,Kitchenware,6,Rack 44
Stainless Steel Bowls,స్టెయిన్‌లెస్ స్టీల్ గిన్నెలు,स्टेनलेस स्टील के कटोरे,tableware,Kitchenware,6,Rack 44
Stainless Steel Small Bowls,స్టెయిన్‌లెస్ స్టీల్ చిన్న గిన్నెలు,स्टेनलेस स्टील के छोटे कटोरे,tableware,Kitchenware,6,Rack 44
Stainless Steel Mixing Bowls,స్టెయిన్‌లెస్ స్టీల్ మిక్సింగ్ బౌల్స్,स्टेनलेस स्टील मिक्सिंग बाउल,tableware,Kitchenware,6,Rack 44
Stainless Steel Dinner Plates,స్టెయిన్‌లెస్ స్టీల్ డిన్నర్ ప్లేట్లు,स्टेनलेस स्टील डिनर प्लेटें,,Kitchenware,6,Rack 44
Stainless Steel Divided Tray,స్టెయిన్‌లెస్ స్టీల్ విభజించబడిన ట్రే,स्टेनलेस स्टील विभाजित ट्रे,,Kitchenware,6,Rack 44
Vinod Uttappa Tawa,వినోద్ ఉత్తప్ప తవా,विनोद उत्तप्पा तवा,,Kitchenware,6,Rack 44
Stainless steel bowls and containers,స్టెయిన్‌లెస్ స్టీల్ గిన్నెలు మరియు కంటైనర్లు,स्टेनलेस स्टील के कटोरे और बर्तन,tableware,Kitchenware,6,Shelf 1
Stainless steel drinking glasses,స్టెయిన్‌లెస్ స్టీల్ తాగే గ్లాసులు,स्टेनलेस स्टील के पीने के गिलास,,Kitchenware,6,Shelf 1
Stainless steel nesting containers,స్టెయిన్‌లెస్ స్టీల్ ఒకదానిలో ఒకటి అమరే కంటైనర్లు,स्टेनलेस स्टील के नेस्टिंग कंटेनर,,Kitchenware,6,Shelf 1
Stainless steel containers and pots,స్టెయిన్‌లెస్ స్టీల్ కంటైనర్లు మరియు కుండలు,स्टेनलेस स्टील के बर्तन और पात्र,,Kitchenware,6,Shelf 2
Super Shyne Stainless Steel Sifter,సూపర్ షైన్ స్టెయిన్‌లెస్ స్టీల్ జల్లెడ,सुपर शाइन स्टेनलेस स्टील छलनी,,Kitchenware,6,Shelf 2
Stainless steel kitchenware,స్టెయిన్‌లెస్ స్టీల్ వంటసామాను,स्टेनलेस स्टील के रसोई के बर्तन,,Kitchenware,6,Shelf 3
Life Time stainless steel products,లైఫ్ టైమ్ స్టెయిన్‌లెస్ స్టీల్ ఉత్పత్తులు,लाइफटाइम स्टेनलेस स्टील उत्पाद,,Kitchenware,6,Shelf 3
Deep Food product container,లోతైన ఆహార ఉత్పత్తి కంటైనర్,गहरे खाद्य उत्पाद कंटेनर,,Household & Cleaning,6,Shelf 3
Super Shyne Stainless Steel Sauce Pan,సూపర్ షైన్ స్టెయిన్‌లెస్ స్టీల్ సాస్ పాన్,सुपर शाइन स्टेनलेस स्टील सॉस पैन,non stick karahi,Kitchenware,6,Rack 1
Super Shyne Non Stick Appam Pan,సూపర్ షైన్ నాన్ స్టిక్ అప్పం పాన్,सुपर शाइन नॉन स्टिक अप्पम पैन,,Kitchenware,6,Rack 2
Super Shyne Stainless Steel Sauce Pan,సూపర్ షైన్ స్టెయిన్‌లెస్ స్టీల్ సాస్ పాన్,सुपर शाइन स्टेनलेस स्टील सॉस पैन,non stick karahi,Kitchenware,6,Rack 2
Prestige Cookware,ప్రెస్టీజ్ కుక్‌వేర్,प्रेस्टीज कुकवेयर,,Kitchenware,6,Rack 2
Super Shyne Black Sauce Pan,సూపర్ షైన్ బ్లాక్ సాస్ పాన్,सुपर शाइन ब्लैक सॉस पैन,,Kitchenware,6,Rack 2
Super Shyne Stainless Steel Containers,సూపర్ షైన్ స్టెయిన్‌లెస్ స్టీల్ కంటైనర్లు,सुपर शाइन स्टेनलेस स्टील कंटेनर,,Kitchenware,6,Rack 3
Super Shyne Black Pan,సూపర్ షైన్ బ్లాక్ పాన్,सुपर शाइन ब्लैक पैन,,Kitchenware,6,Rack 3
Baroly Wok Pan,బరోలీ వోక్ పాన్,बैरोली वोक पैन,cookware,Kitchenware,6,Rack 4
Prestige Gasket,ప్రెస్టీజ్ గాస్కెట్,प्रेस्टीज गैस्केट,,Kitchenware,6,Rack 2
Super Shyne Cookware,సూపర్ షైన్ కుక్‌వేర్,सुपर शाइन कुकवेयर,non stick karahi,Kitchenware,6,Rack 2
Super Shyne Stainless Steel Container Set,సూపర్ షైన్ స్టెయిన్‌లెస్ స్టీల్ కంటైనర్ సెట్,सुपर शाइन स्टेनलेस स्टील कंटेनर सेट,,Kitchenware,6,Rack 3
Decorative Item,అలంకరణ వస్తువు,सजावटी वस्तु,,Pooja Items,6,Rack 3
Super Shyne Pan,సూపర్ షైన్ పాన్,सुपर शाइन पैन,,Kitchenware,6,Rack 3
Hawkins Repair Kit,హాకిన్స్ రిపేర్ కిట్,हॉकिन्स रिपेयर किट,,Household & Cleaning,6,Rack 53
Super Shyne Aluminum Pressure Cooker,సూపర్ షైన్ అల్యూమినియం ప్రెషర్ కుక్కర్,सुपर शाइन एल्युमिनियम प्रेशर कुकर,,Kitchenware,6,Rack 54
Hamilton Beach Food Processor,హామిల్టన్ బీచ్ ఫుడ్ ప్రాసెసర్,हैमिल्टन बीच फूड प्रोसेसर,,Kitchenware,6,Rack 54
Preethi Eco Plus Mixer Grinder,ప్రీతి ఎకో ప్లస్ మిక్సర్ గ్రైండర్,प्रीति इको प्लस मिक्सर ग्राइंडर,,Kitchenware,6,Rack 54
Preethi Mixer Grinder,ప్రీతి మిక్సర్ గ్రైండర్,प्रीति मिक्सर ग्राइंडर,,Kitchenware,6,Rack 54
Super Shyne Idli Cooker,సూపర్ షైన్ ఇడ్లీ కుక్కర్,सुपर शाइन इडली कुकर,,Kitchenware,6,Rack 54
Super Shyne Stainless Steel Idli Stand,సూపర్ షైన్ స్టెయిన్‌లెస్ స్టీల్ ఇడ్లీ స్టాండ్,सुपर शाइन स्टेनलेस स्टील इडली स्टैंड,,Kitchenware,6,Rack 54
Amul Pure Ghee,అముల్ శుద్ధ నెయ్యి,अमूल शुद्ध घी,ghee|pure ghee|amul,Oils & Ghee,6,Rack 55
GRB Pure Ghee,జిఆర్‌బి శుద్ధ నెయ్యి,जीआरबी शुद्ध घी,neyyi,Oils & Ghee,6,Rack 55
Deep Pure Ghee,డీప్ ప్యూర్ నెయ్యి,डीप प्योर घी,neyyi,Oils & Ghee,6,Rack 55
Deep Mango Pulp,లోతైన మామిడి గుజ్జు,डीप मैंगो पल्प,,Fruits & Vegetables,6,Rack 56
Laxmi Kesar Mango Pulp,లక్ష్మి కేసర్ మామిడి గుజ్జు,लक्ष्मी केसर आम का गूदा,alphonso mango juice concentrate|masala|spice,Sauces & Pastes,6,Rack 56
Al-Shifa Natural Honey,అల్-షిఫా నేచురల్ హనీ,अल-शिफा प्राकृतिक शहद,,Dairy & Paneer,6,Rack 56
Dabur Honey,డాబర్ తేనె,डाबर हनी,,Dairy & Paneer,6,Rack 56
Nirapod Dry Fish,నిరపోడ్ ఎండిన చేప,निरापोड सूखी मछली,,Frozen Foods,6,Rack 57
Deer Fried Onion,జింక వేయించిన ఉల్లిపాయ,हिरण का तला हुआ प्याज,pyaz|ullipaya|erragaddalu|vellulli,Dry Fruits & Nuts,6,Rack 57
Super Shyne Idli Stand,సూపర్ షైన్ ఇడ్లీ స్టాండ్,सुपर शाइन इडली स्टैंड,,Kitchenware,6,Rack 54
Amul Ghee,అముల్ నెయ్యి,अमूल घी,neyyi,Oils & Ghee,6,Rack 55
Ratna Mango Pulp,రత్న మామిడి గుజ్జు,रत्ना आम का गूदा,,Sauces & Pastes,6,Rack 56
Kesar Mango Pulp,కేసర్ మామిడి గుజ్జు,केसर आम का गूदा,,Sauces & Pastes,6,Rack 56
Aata Fried Onion,ఆటా ఫ్రైడ్ ఆనియన్,आटा तला हुआ प्याज,pyaz|ullipaya|erragaddalu,Snacks & Namkeen,6,Rack 57
Nirapod Dry Anchovy,నిరపోడ్ డ్రై ఆంకోవీ,निरापोड ड्राई एंकोवी,,Dry Fruits & Nuts,6,Rack 57
Deep Fried Onion,డీప్ ఫ్రైడ్ ఆనియన్,डीप फ्राई प्याज,pyaz|ullipaya|erragaddalu,Snacks & Namkeen,6,Rack 57
Hajikani Poha,హజికాని పోహా,हाजिकानी पोहा,,"Rava, Poha & Grains",6,Rack 58
Kolhapuri Mambra,కొల్హాపురి మాంబ్రా,कोल्हापुरी मम्ब्रा,,Spices & Masalas,6,Rack 59
Telugu Puffed Rice,తెలుగు మరమరాలు,तेलुगु मुरमुरे,biyyam,"Rava, Poha & Grains",6,Rack 59
Ultra Grind+ Gold Wet Grinder,అల్ట్రా గ్రైండ్+ గోల్డ్ వెట్ గ్రైండర్,अल्ट्रा ग्राइंड+ गोल्ड वेट ग्राइंडर,,Kitchenware,6,Rack 60
Super Shyne Aluminum Pressure Cooker,సూపర్ షైన్ అల్యూమినియం ప్రెషర్ కుక్కర్,सुपर शाइन एल्युमिनियम प्रेशर कुकर,,Kitchenware,6,Rack 60
Hamilton Beach Food Processor,హామిల్టన్ బీచ్ ఫుడ్ ప్రాసెసర్,हैमिल्टन बीच फूड प्रोसेसर,,Kitchenware,6,Rack 60
Preethi TurboVent Mixer Grinder,ప్రీతి టర్బోవెంట్ మిక్సర్ గ్రైండర్,प्रीति टर्बोवेंट मिक्सर ग्राइंडर,,Kitchenware,6,Rack 54
Amul Pure Ghee,అముల్ శుద్ధ నెయ్యి,अमूल शुद्ध घी,ghee|pure ghee|amul,Oils & Ghee,6,Rack 61
GPB Pure Ghee,జిపిబి శుద్ధ నెయ్యి,जीपीबी शुद्ध घी,neyyi,Oils & Ghee,6,Rack 55
Haldiram Gulab Jamun,హల్దీరామ్ గులాబ్ జామున్,हल्दीराम गुलाब जामुन,,Sweets & Mithai,6,Rack 62
Haldiram Rasgulla,హల్దీరామ్ రస్గుల్లా,हल्दीराम रसगुल्ला,,Sweets & Mithai,6,Rack 62
Ratna Alphonso Mango Pulp,రత్న అల్ఫోన్సో మామిడి గుజ్జు,रत्ना अल्फोंसो आम का गूदा,fruit,Fruits & Vegetables,6,Rack 62
Aata Fried Onion,ఆటా ఫ్రైడ్ ఆనియన్,आटा तला हुआ प्याज,pyaz|ullipaya|erragaddalu,Snacks & Namkeen,6,Rack 63
Nirapod Dry Anchovy,నిరపోడ్ డ్రై ఆంకోవీ,निरापोड ड्राई एंकोवी,,Dry Fruits & Nuts,6,Rack 63
Swad Kheel Mamra,స్వద్ ఖీల్ మామ్రా,स्वाद खेल ममरा,,Snacks & Namkeen,6,Rack 64
Hajikani Poha,హజికాని పోహా,हाजिकानी पोहा,,"Rava, Poha & Grains",6,Rack 64
Laxmi Mysore Mamra,లక్ష్మి మైసూర్ మామ్రా,लक्ष्मी मैसूर ममरा,,Snacks & Namkeen,6,Rack 65
Swad/Other Store Mamra,స్వాద్/ఇతర స్టోర్ మామ్రా,स्वाद/अन्य स्टोर ममरा,,Snacks & Namkeen,6,Rack 65
Kolhapuri Mamra,కొల్హాపురి మామ్రా,कोल्हापुरी मामरा,indian snack,Snacks & Namkeen,6,Rack 65
Telugu Puffed Rice,తెలుగు మరమరాలు,तेलुगु मुरमुरे,biyyam,"Rava, Poha & Grains",6,Rack 65
Puffed Rice,మరమరాలు,फूला हुआ चावल,,"Rava, Poha & Grains",6,Rack 59
Super Shyne Stainless Steel Idli Cooker,సూపర్ షైన్ స్టెయిన్‌లెస్ స్టీల్ ఇడ్లీ కుక్కర్,सुपर शाइन स्टेनलेस स्टील इडली कुकर,,Kitchenware,6,Rack 60
Ultra Grind+Gold Wet Grinder,అల్ట్రా గ్రైండ్+గోల్డ్ వెట్ గ్రైండర్,अल्ट्रा ग्राइंड+गोल्ड वेट ग्राइंडर,,Kitchenware,6,Rack 60
Hamilton Beach Food Chopper,హామిల్టన్ బీచ్ ఫుడ్ చోపర్,हैमिल्टन बीच फूड चॉपर,,Kitchenware,6,Rack 60
Amul Ghee,అముల్ నెయ్యి,अमूल घी,neyyi,Oils & Ghee,6,Rack 61
Ghee,నెయ్యి,घी,neyyi,Oils & Ghee,6,Rack 61
Deep Gulab Jamun,దీప్ గులాబ్ జామున్,दीप गुलाब जामुन,,Sweets & Mithai,6,Rack 62
Deep Rasgulla,దీప్ రసగుల్లా,डीप रसगुल्ला,,Sweets & Mithai,6,Rack 62
Deep Alphonso Mango Pulp,డీప్ అల్ఫోన్సో మామిడి గుజ్జు,डीप अल्फोंसो आम का गूदा,fruit,Fruits & Vegetables,6,Rack 62
Deep Ghee,డీప్ ఘీ,डीप घी,,Oils & Ghee,6,Rack 62
Aala Fried Onion,ఆలా ఫ్రైడ్ ఆనియన్,आला फ्राइड प्याज,pyaz|ullipaya|erragaddalu|vellulli,Dry Fruits & Nuts,6,Rack 63
Deer Fried Onion,జింక వేయించిన ఉల్లిపాయ,हिरण का तला हुआ प्याज,pyaz|ullipaya|erragaddalu|vellulli,Dry Fruits & Nuts,6,Rack 63
Swad Oats Mamra,స్వాద్ ఓట్స్ మామ్రా,स्वाद ओट्स ममरा,whole wheat atta|atta|whole wheat,Atta & Flours,6,Rack 64
Suddha Telugu Puffed Rice,శుద్ధ తెలుగు మరమరాలు,शुद्ध तेलुगु मुरमुरे,chawal|biyyam|long grain rice|indian rice,Rice,6,Rack 65
Super Shyne Superior Pressure Cooker,సూపర్ షైన్ సుపీరియర్ ప్రెషర్ కుక్కర్,सुपर शाइन सुपीरियर प्रेशर कुकर,,Kitchenware,6,Rack 59
Super Shyne Stainless Steel Idli Cooker,సూపర్ షైన్ స్టెయిన్‌లెస్ స్టీల్ ఇడ్లీ కుక్కర్,सुपर शाइन स्टेनलेस स्टील इडली कुकर,,Kitchenware,6,Rack 59
Ultra Grind Gold Wet Grinder,అల్ట్రా గ్రైండ్ గోల్డ్ వెట్ గ్రైండర్,अल्ट्रा ग्राइंड गोल्ड वेट ग्राइंडर,,Kitchenware,6,Rack 60
Nanak Desi Ghee,నానక్ దేశీ నెయ్యి,नानक देसी घी,neyyi,Oils & Ghee,6,Rack 61
Laxmi Ghee,లక్ష్మి నెయ్యి,लक्ष्मी घी,neyyi,Oils & Ghee,6,Rack 61
Haldiram's Gulab Jamun,హల్దీరామ్ గులాబ్ జామున్,हल्दीराम का गुलाब जामुन,,Sweets & Mithai,6,Rack 62
Haldiram's Rasgulla,హల్దీరామ్ రసగుల్లా,हल्दीराम का रसगुल्ला,,Sweets & Mithai,6,Rack 62
Deep Fried Onions,డీప్ ఫ్రైడ్ ఉల్లిపాయలు,तले हुए प्याज,pyaz|ullipaya|erragaddalu,Snacks & Namkeen,6,Rack 63
Prestige Deluxe Pressure Cooker,ప్రెస్టీజ్ డీలక్స్ ప్రెషర్ కుక్కర్,प्रेस्टीज डीलक्स प्रेशर कुकर,,Kitchenware,6,Rack 66
Super Shyne Aluminum Pressure Cooker,సూపర్ షైన్ అల్యూమినియం ప్రెషర్ కుక్కర్,सुपर शाइन एल्युमिनियम प्रेशर कुकर,,Kitchenware,6,Rack 66
Prestige Pressure Cooker,ప్రెస్టీజ్ ప్రెషర్ కుక్కర్,प्रेस्टीज प्रेशर कुकर,,Kitchenware,6,Rack 66
Super Shyne Stainless Steel Idli Cooker,సూపర్ షైన్ స్టెయిన్‌లెస్ స్టీల్ ఇడ్లీ కుక్కర్,सुपर शाइन स्टेनलेस स्टील इडली कुकर,,Kitchenware,6,Rack 66
Ghee,నెయ్యి,घी,neyyi,Oils & Ghee,6,Rack 67
Swad Ghee,స్వద్ నెయ్యి,स्वाद घी,,Oils & Ghee,6,Rack 67
Amul Ghee,అముల్ నెయ్యి,अमूल घी,neyyi,Oils & Ghee,6,Rack 67
Gulab Jamun,గులాబ్ జామున్,गुलाब जामुन,,Sweets & Mithai,6,Rack 68
Amul Gulab Jamun,అముల్ గులాబ్ జామున్,अमूल गुलाब जामुन,,Sweets & Mithai,6,Rack 68
Rasgulla,రసగుల్లా,रसगुल्ला,,Sweets & Mithai,6,Rack 68
RFP Muri,ఆర్‌ఎఫ్‌పి మురి,आरएफपी मुरी,,Snacks & Namkeen,6,Rack 69
Mother's Recipe Fried Onions,అమ్మ వంటకం వేయించిన ఉల్లిపాయలు,माँ की रेसिपी से बने तले हुए प्याज,pyaz|ullipaya|erragaddalu,Dry Fruits & Nuts,6,Rack 69
Laxmi Fried Onions,లక్ష్మి వేయించిన ఉల్లిపాయలు,लक्ष्मी तले हुए प्याज,pyaz|ullipaya|erragaddalu,Dry Fruits & Nuts,6,Rack 69
Deep Fried Onions,డీప్ ఫ్రైడ్ ఉల్లిపాయలు,तले हुए प्याज,pyaz|ullipaya|erragaddalu,Snacks & Namkeen,6,Rack 69
Aara Fried Onions,ఆరా వేయించిన ఉల్లిపాయలు,आरा तले हुए प्याज,pyaz|ullipaya|erragaddalu,Dry Fruits & Nuts,6,Rack 69
Jowar Dhani,జొన్న ధాని,ज्वार धानी,,"Rava, Poha & Grains",6,Rack 70
Oats Mamra,ఓట్స్ మామ్రా,जई ममरा,atta|whole wheat,Atta & Flours,6,Rack 70
Swad Kheel Mamra,స్వద్ ఖీల్ మామ్రా,स्वाद खेल ममरा,,Snacks & Namkeen,6,Rack 70
Deep Mysore Murmura,డీప్ మైసూర్ ముర్మురా,दीप मैसूर मुरमुरा,,Snacks & Namkeen,6,Rack 71
Laxmi Mysore Mamra,లక్ష్మి మైసూర్ మామ్రా,लक्ष्मी मैसूर ममरा,,Snacks & Namkeen,6,Rack 71
Prestige Idli Cooker,ప్రెస్టీజ్ ఇడ్లీ కుక్కర్,प्रेस्टीज इडली कुकर,,Kitchenware,6,Rack 66
Amul Rosogolla,అముల్ రసగుల్లా,अमूल रसगुल्ला,,Sweets & Mithai,6,Rack 68
Gits Gulab Jamun,గిట్స్ గులాబ్ జామున్,गिट्स गुलाब जामुन,,Sweets & Mithai,6,Rack 68
Haldiram's Gulab Jamun,హల్దీరామ్ గులాబ్ జామున్,हल्दीराम का गुलाब जामुन,,Sweets & Mithai,6,Rack 68
Muri,మురి,मूरी,,Dry Fruits & Nuts,6,Rack 69
Mother's Fried Onions,అమ్మ వేయించిన ఉల్లిపాయలు,माँ के तले हुए प्याज,pyaz|ullipaya|erragaddalu|vellulli,Dry Fruits & Nuts,6,Rack 69
Raghav Jowar Dhani,రాఘవ్ జోవర్ ధని,राघव जोवर धानी,cumin,"Rava, Poha & Grains",6,Rack 70
Puffed Rice,మరమరాలు,फूला हुआ चावल,,"Rava, Poha & Grains",6,Rack 70
Mysore Murmura,మైసూరు ముర్మురా,मैसूर मुरमुरा,,"Rava, Poha & Grains",6,Rack 71
Basmati Mamra,బస్మతి మామ్రా,बासमती ममरा,rice|chawal|biyyam,Rice,6,Rack 71
Laxmi Thick Poha,లక్ష్మి థిక్ పోహా,लक्ष्मी थिक पोहा,,"Rava, Poha & Grains",6,Rack 73
Organic Red Poha,సేంద్రీయ ఎర్ర పోహా,ऑर्गेनिक रेड पोहा,,"Rava, Poha & Grains",6,Rack 73
Raghav Poha,రాఘవ్ పోహా,राघव पोहा,,"Rava, Poha & Grains",6,Rack 73
Swad Poha,స్వద్ పోహా,स्वाद पोहा,,"Rava, Poha & Grains",6,Rack 74
Poha Thin,పోహా థిన్,पोहा पतला,,"Rava, Poha & Grains",6,Rack 74
Telugu Poha Medium,తెలుగు పోహా మీడియం,तेलुगु पोहा मीडियम,rice,"Rava, Poha & Grains",6,Rack 74
Swad Ragi Poha,స్వాద్ రాగి పోహా,स्वाद रागी पोहा,,"Rava, Poha & Grains",6,Rack 74
Swad Corn Poha,స్వాద్ కార్న్ పోహా,स्वाद कॉर्न पोहा,corn flour,"Rava, Poha & Grains",6,Rack 74
Daivi Poha Thin,దైవి పోహా థిన్,दैवी पोहा थिन,,"Rava, Poha & Grains",6,Rack 74
Laxmi Thick Poha,లక్ష్మి థిక్ పోహా,लक्ष्मी थिक पोहा,,"Rava, Poha & Grains",6,Rack 75
Phool Makhana,ఫూల్ మఖానా,फूल मखाना,,Dry Fruits & Nuts,6,Rack 76
Daivi Makhana,దైవీ మఖానా,दैवी मखाना,,Dry Fruits & Nuts,6,Rack 76
Phool Makhana (Foxnuts),ఫూల్ మఖానా (ఫాక్స్‌నట్స్),फूल मखाना (फॉक्सनट्स),,Dry Fruits & Nuts,6,Rack 76
Phool Makhana,ఫూల్ మఖానా,फूल मखाना,,Dry Fruits & Nuts,6,Rack 77
,#VALUE!,#VALUE!,,,,
Swad Moong Dal,స్వాద్ మూంగ్ దాల్,स्वाद मूंग दाल,split black gram,Dals & Pulses,8,Rack 1
Swad Toor Dal,స్వాద్ తూర్ దాల్,स्वाद तूर दाल,tuvar dal|pigeon pea|split black gram,Dals & Pulses,8,Rack 1
Swad Chana Dal,స్వద్ చనా దాల్,स्वाद चना दाल,chickpeas|chickpea,Dals & Pulses,8,Rack 1
Swad Urad Dal,స్వాద్ ఉరద్ దాల్,स्वाद उड़द दाल,split black gram|urad dal whole|tuvar dal|pigeon pea,Dals & Pulses,8,Rack 1
Various Dal and Grain Mixes,వివిధ పప్పు మరియు ధాన్యపు మిశ్రమాలు,विभिन्न दाल और अनाज के मिश्रण,,"Rava, Poha & Grains",8,Rack 2
Various Dal and Grain Mixes,వివిధ పప్పు మరియు ధాన్యపు మిశ్రమాలు,विभिन्न दाल और अनाज के मिश्रण,,"Rava, Poha & Grains",8,Rack 3
Various Dal and Grain Mixes,వివిధ పప్పు మరియు ధాన్యపు మిశ్రమాలు,विभिन्न दाल और अनाज के मिश्रण,,"Rava, Poha & Grains",8,Rack 4
Various Dal and Grain Mixes,వివిధ పప్పు మరియు ధాన్యపు మిశ్రమాలు,विभिन्न दाल और अनाज के मिश्रण,,"Rava, Poha & Grains",8,Rack 5
Various Grains and Snacks,వివిధ ధాన్యాలు మరియు చిరుతిళ్లు,विभिन्न प्रकार के अनाज और स्नैक्स,,Snacks & Namkeen,8,Rack 6
Swad Besan,స్వాద్ బేసన్,स्वाद बेसन,gram flour|chickpea flour,Atta & Flours,8,Rack 2
Telugu Foods Rice Flour,తెలుగు ఆహారాలు బియ్యం పిండి,तेलुगु खाद्य पदार्थ चावल का आटा,chawal|biyyam,"Rava, Poha & Grains",8,Rack 3
Swad Peanuts,స్వాద్ పీనట్స్,स्वाद मूंगफली,groundnuts,Dry Fruits & Nuts,8,Rack 5
Swad Idli Rava,స్వాద్ ఇడ్లీ రవా,स्वाद इडली रवा,rice rava,"Rava, Poha & Grains",8,Rack 2
Telugu Foods Rice Rava,తెలుగు ఆహారాలు అన్నం రవ్వ,तेलुगु व्यंजन चावल रवा,chawal|biyyam,"Rava, Poha & Grains",8,Rack 2
Swetha Rice Rava,శ్వేత రైస్ రవ్వ,श्वेता राइस रवा,chawal,"Rava, Poha & Grains",8,Rack 2
Swad Corn Grits,స్వాద్ కార్న్ గ్రిట్స్,स्वाद कॉर्न ग्रिट्स,corn flour,Atta & Flours,8,Rack 2
Swad Kala Chana Besan,స్వాద్ కాలా చనా బేసన్,स्वाद काला चना बेसन,gram flour|chickpea flour,Dals & Pulses,8,Rack 3
Aata Besan,ఆటా బేసన్,आटा बेसन,gram flour|chickpea flour|atta|wheat flour,Atta & Flours,8,Rack 3
Laxmi Besan,లక్ష్మి బేసన్,लक्ष्मी बेसन,gram flour|chickpea flour,Atta & Flours,8,Rack 3
Organic Rice Flour,సేంద్రీయ బియ్యం పిండి,जैविक चावल का आटा,biyyam|chawal,"Rava, Poha & Grains",8,Rack 4
Brar Sweet Corn Flour,బ్రార్ స్వీట్ కార్న్ ఫ్లోర్,ब्रार मीठा मक्का का आटा,atta|godhumapindi,Atta & Flours,8,Rack 4
Swad Maida,స్వద్ మైదా,स्वाद मैदा,biscuits,Biscuits & Bakery,8,Rack 4
Deep Maida,దీప్ మైదా,दीप मैदा,sooji|rava|semolina,Biscuits & Bakery,8,Rack 4
Organic Idli Rava,ఆర్గానిక్ ఇడ్లీ రవ్వ,ऑर्गेनिक इडली रवा,rice rava,"Rava, Poha & Grains",8,Rack 2
Swad Idli Rava (Parboiled),స్వాద్ ఇడ్లీ రవ్వ (ఉడికించిన),स्वाद इडली रवा (उबली हुई),rice rava,"Rava, Poha & Grains",8,Rack 2
Laxmi Maida,లక్ష్మి మైదా,लक्ष्मी मैदा,,Atta & Flours,8,Rack 4
Swad Maida (All Purpose Flour),స్వాద్ మైదా (ఆల్ పర్పస్ ఫ్లోర్),स्वाद मैदा (ऑल पर्पस फ्लोर),,Atta & Flours,8,Rack 4
Laxmi Peanuts,లక్ష్మి పీనట్స్,लक्ष्मी मूंगफली,groundnuts,Dry Fruits & Nuts,8,Rack 5
Just Organik Idli Rava,జస్ట్ ఆర్గానిక్ ఇడ్లీ రవ్వ,जस्ट ऑर्गेनिक इडली रवा,rice rava,"Rava, Poha & Grains",8,Rack 2
Swad Besan,స్వాద్ బేసన్,स्वाद बेसन,gram flour|chickpea flour,Atta & Flours,8,Rack 3
Swad Ladu Besan,స్వాద్ లడు బేసన్,स्वाद लड्डू बेसन,gram flour|chickpea flour,"Rava, Poha & Grains",8,Rack 3
Aala Besan,ఆలా బేసన్,आला बेसन,gram flour|chickpea flour,"Rava, Poha & Grains",8,Rack 3
Swad Jowar Flour,స్వాద్ జొన్న పిండి,स्वाद ज्वार का आटा,pearl millet flour,"Rava, Poha & Grains",8,Rack 4
Swad Rice Flour,స్వాద్ బియ్యం పిండి,स्वाद चावल का आटा,biyyam,"Rava, Poha & Grains",8,Rack 4
Swad Organic Rice Flour,స్వాద్ ఆర్గానిక్ రైస్ ఫ్లోర్,स्वाद ऑर्गेनिक चावल का आटा,biyyam,"Rava, Poha & Grains",8,Rack 4
Chana Flour,శనగ పిండి,चना आटा,chickpea,Atta & Flours,8,Rack 6
Laxmi Idli Rava,లక్ష్మి ఇడ్లీ రవ్వ,लक्ष्मी इडली रवा,rice rava,"Rava, Poha & Grains",8,Rack 7
Swad Dakshin Idli Rava,స్వాద్ దక్షిణ ఇడ్లీ రావా,स्वाद दक्षिण इडली रवा,rice rava,"Rava, Poha & Grains",8,Rack 7
Swad Idli Rava,స్వాద్ ఇడ్లీ రవా,स्वाद इडली रवा,rice rava,"Rava, Poha & Grains",8,Rack 7
Sher Besan,షేర్ బేసన్,शेर बेसन,gram flour|chickpea flour,Dals & Pulses,8,Rack 8
Deep Besan,దీప్ బేసన్,दीप बेसन,gram flour|chickpea flour,Dals & Pulses,8,Rack 8
Swad Besan,స్వాద్ బేసన్,स्वाद बेसन,gram flour|chickpea flour,Atta & Flours,8,Rack 8
Ladu Besan,లడు బేసన్,लड्डू बेसन,gram flour|chickpea flour,Atta & Flours,8,Rack 8
Swad Kala Chana Besan,స్వాద్ కాలా చనా బేసన్,स्वाद काला चना बेसन,gram flour|chickpea flour,Dals & Pulses,8,Rack 8
Daivi Rice Flour,డైవి బియ్యం పిండి,दैवी चावल का आटा,biyyam|chawal,Rice,8,Rack 9
Just Organik Rice Flour,జస్ట్ ఆర్గానిక్ రైస్ ఫ్లోర్,जस्ट ऑर्गेनिक चावल का आटा,,Rice,8,Rack 9
Deep Rice Flour,లోతైన బియ్యం పిండి,डीप राइस फ्लोर,biyyam|chawal,Rice,8,Rack 9
Daivi Jawar Flour,దైవీ జొన్న పిండి,दैवी ज्वार का आटा,pearl millet flour,Atta & Flours,8,Rack 9
Swad Rice Flour,స్వాద్ బియ్యం పిండి,स्वाद चावल का आटा,biyyam,"Rava, Poha & Grains",8,Rack 9
Rice Flour,బియ్యం పిండి,चावल का आटा,biyyam|chawal,"Rava, Poha & Grains",8,Rack 9
24 Mantra Organic Rice Flour,24 మంత్ర ఆర్గానిక్ రైస్ ఫ్లోర్,24 मंत्रा ऑर्गेनिक चावल का आटा,biyyam|chawal,"Rava, Poha & Grains",8,Rack 9
Sweet Corn Flour,తీపి మొక్కజొన్న పిండి,मीठे मक्के का आटा,,"Rava, Poha & Grains",8,Rack 9
Aara Idli Rava,ఆరా ఇడ్లీ రవా,आरा इडली रवा,rice rava,"Rava, Poha & Grains",8,Rack 7
Daivi Besan,దైవీ బేసన్,दैवी बेसन,gram flour|chickpea flour,Dals & Pulses,8,Rack 8
Daivi Juwar Flour,దైవి జువార్ పిండి,दैवी ज्वार का आटा,pearl millet flour,"Rava, Poha & Grains",8,Rack 9
Telugu Rice Flour,తెలుగు బియ్యం పిండి,तेलुगु चावल का आटा,chawal|biyyam,"Rava, Poha & Grains",8,Rack 9
Aara Roasted Upma Rava/Bombai Rava,ఆరా కాల్చిన ఉప్మా రవ్వ/బొంబాయి రవ్వ,आरा भुना हुआ उपमा रवा/बॉम्बई रवा,,"Rava, Poha & Grains",8,Rack 12
Idli Rava (Generic/Unbranded packaging),ఇడ్లీ రవ్వ (సాధారణ/బ్రాండ్ లేని ప్యాకేజింగ్),इडली रवा (सामान्य/बिना ब्रांड वाली पैकेजिंग),rice rava,"Rava, Poha & Grains",8,Rack 12
Aara Idli Rava,ఆరా ఇడ్లీ రవా,आरा इडली रवा,rice rava,"Rava, Poha & Grains",8,Rack 12
Sher Kala Chana Flour,షేర్ కాలా చనా ఫ్లోర్,शेर काला चना आटा,chickpea lentil,Dals & Pulses,8,Rack 13
Swad Gram Flour,స్వాద్ శనగ పిండి,स्वाद चना आटा,atta,Atta & Flours,8,Rack 13
Daivi Besan,దైవీ బేసన్,दैवी बेसन,gram flour|chickpea flour,Dals & Pulses,8,Rack 13
Sher Besan,షేర్ బేసన్,शेर बेसन,gram flour|chickpea flour,Dals & Pulses,8,Rack 13
Deep Besan,దీప్ బేసన్,दीप बेसन,gram flour|chickpea flour,Dals & Pulses,8,Rack 13
Ragi Flour (Generic),రాగి పిండి (జెనరిక్),रागी का आटा (सामान्य),pearl millet flour,"Rava, Poha & Grains",8,Rack 14
Just Organik Organic Rice Flour,జస్ట్ ఆర్గానిక్ ఆర్గానిక్ రైస్ ఫ్లోర్,जस्ट ऑर्गेनिक ऑर्गेनिक चावल का आटा,,Rice,8,Rack 14
Daivi Rice Flour,డైవి బియ్యం పిండి,दैवी चावल का आटा,biyyam|chawal,Rice,8,Rack 14
Laivi Rice Flour,లైవి బియ్యం పిండి,लाइवी चावल का आटा,chawal|biyyam,Rice,8,Rack 14
Deep Rice Flour,లోతైన బియ్యం పిండి,डीप राइस फ्लोर,biyyam|chawal,Rice,8,Rack 14
Swad Roasted Upma Sooji,స్వాద్ రోస్టెడ్ ఉప్మా సూజీ,स्वाद रोस्टेड उपमा सूजी,roasted rava|rava|semolina,"Rava, Poha & Grains",8,Rack 12
Swetha Telugu Roasted Upma Rava/Bombai Rava,శ్వేత తెలుగు కాల్చిన ఉప్మా రవ్వ/బొంబాయి రవ్వ,स्वेता तेलुगु भुना हुआ उपमा रवा/बॉम्बई रवा,idli rava|rice rava,"Rava, Poha & Grains",8,Rack 12
Swetha Telugu Idli Rava,శ్వేత తెలుగు ఇడ్లీ రవా,श्वेता तेलुगु इडली रवा,rice rava,"Rava, Poha & Grains",8,Rack 12
Swad Superfine Gram Flour (Besan),స్వాడ్ సూపర్‌ఫైన్ గ్రాము పిండి (బేసన్),स्वाद सुपरफाइन बेसन (बेसन),chickpea flour,Atta & Flours,8,Rack 13
Daivi Natural Food Besan Gram Flour,దైవీ నేచురల్ ఫుడ్ బెసన్ గ్రాము పిండి,दैवी प्राकृतिक खाद्य बेसन बेसन,,Atta & Flours,8,Rack 13
Just Organik 9 Grains Flour,జస్ట్ ఆర్గానిక్ 9 గ్రెయిన్స్ ఫ్లోర్,जस्ट ऑर्गेनिक 9 अनाज का आटा,,Atta & Flours,8,Rack 14
Swad Barley Flour,స్వాద్ బార్లీ పిండి,स्वाद जौ का आटा,atta|godhumapindi,Atta & Flours,8,Rack 14
Organic Bajra Flour,సేంద్రీయ బజ్రా పిండి,ऑर्गेनिक बाजरा का आटा,pearl millet flour,Atta & Flours,8,Rack 14
Laxmi Ragi Flour,లక్ష్మి రాగి పిండి,लक्ष्मी रागी का आटा,pearl millet flour,Atta & Flours,8,Rack 14
Just Organik Rice Flour,జస్ట్ ఆర్గానిక్ రైస్ ఫ్లోర్,जस्ट ऑर्गेनिक चावल का आटा,,Rice,8,Rack 14
Daivi Natural Food Rice Flour,దైవి నేచురల్ ఫుడ్ రైస్ ఫ్లోర్,दैवी नेचुरल फूड चावल का आटा,biyyam|chawal,Atta & Flours,8,Rack 14
Swad Sooji Coarse,స్వాద్ సూజీ కోర్స్,स्वाद सूजी कोर्स,rava|semolina,Atta & Flours,8,Rack 12
Swad Sooji Fine,స్వాద్ సూజీ ఫైన్,स्वाद सूजी फाइन,rava|semolina,"Rava, Poha & Grains",8,Rack 12
Swetha Roasted Upma Rava,శ్వేత రోస్టెడ్ ఉప్మా రవ్వ,श्वेता रोस्टेड उपमा रवा,,"Rava, Poha & Grains",8,Rack 12
Sara Roasted Upma Rava,సారా రోస్టెడ్ ఉప్మా రవ్వ,सारा रोस्टेड उपमा रवा,,"Rava, Poha & Grains",8,Rack 12
Laxmi Bajri Flour,లక్ష్మి బజ్రి పిండి,लक्ष्मी बाजरे का आटा,pearl millet flour,Atta & Flours,8,Rack 13
Swad Bajri Flour,స్వాద్ బజ్రి పిండి,स्वाद बाजरे का आटा,pearl millet flour,Atta & Flours,8,Rack 13
Daivi Juwar Flour,దైవి జువార్ పిండి,दैवी ज्वार का आटा,pearl millet flour,"Rava, Poha & Grains",8,Rack 13
Laxmi Jowar Flour,లక్ష్మి జొన్న పిండి,लक्ष्मी ज्वार का आटा,pearl millet flour,"Rava, Poha & Grains",8,Rack 13
Swad Superfine Gram Flour,స్వాద్ సూపర్ ఫైన్ గ్రామ్ ఫ్లోర్,स्वाद सुपरफाइन बेसन,atta,Atta & Flours,8,Rack 13
Anand Instant Rava Upma Mix,ఆనంద్ ఇన్‌స్టంట్ రవ్వ ఉప్మా మిక్స్,आनंद इंस्टेंट रवा उपमा मिक्स,,Ready to Eat & Instant,8,Rack 14
Organic Barley Flour,సేంద్రీయ బార్లీ పిండి,जैविक जौ का आटा,,Atta & Flours,8,Rack 14
Laxmi Sooji Fine,లక్ష్మి సూజీ ఫైన్,लक्ष्मी सूजी फाइन,rava|semolina,"Rava, Poha & Grains",8,Rack 17
Pata Sooji Coarse,పటా సూజీ కోర్స్,पाटा सूजी कोर्स,,"Rava, Poha & Grains",8,Rack 17
Sooji Fine,సూజీ ఫైన్,सूजी फाइन,rava|semolina,"Rava, Poha & Grains",8,Rack 17
Svad Roasted Upma Mix,స్వద్ రోస్టెడ్ ఉప్మా మిక్స్,स्वाद रोस्टेड उपमा मिक्स,,Ready to Eat & Instant,8,Rack 17
Svad Roasted Upma Sooji,స్వద్ రోస్టెడ్ ఉప్మా సూజీ,स्वाद रोस्टेड उपमा सूजी,roasted rava,"Rava, Poha & Grains",8,Rack 17
Crack Wheat,క్రాక్ వీట్,गेहूं के टुकड़े,atta|whole wheat|whole wheat atta|flour|godhumapindi,Atta & Flours,8,Rack 18
Laxmi Bajri Flour,లక్ష్మి బజ్రి పిండి,लक्ष्मी बाजरे का आटा,pearl millet flour,Atta & Flours,8,Rack 18
Swad Bajri Flour,స్వాద్ బజ్రి పిండి,स्वाद बाजरे का आटा,pearl millet flour,Atta & Flours,8,Rack 18
Daivi Juwar Flour,దైవి జువార్ పిండి,दैवी ज्वार का आटा,pearl millet flour,"Rava, Poha & Grains",8,Rack 18
Anand Instant Powder Mix,ఆనంద్ ఇన్‌స్టంట్ పౌడర్ మిక్స్,आनंद इंस्टेंट पाउडर मिक्स,rava,Spices & Masalas,8,Rack 19
Anand Instant Rava Upma Mix,ఆనంద్ ఇన్‌స్టంట్ రవ్వ ఉప్మా మిక్స్,आनंद इंस्टेंट रवा उपमा मिक्स,,Ready to Eat & Instant,8,Rack 19
Just Organik 9 Grains Flour,జస్ట్ ఆర్గానిక్ 9 గ్రెయిన్స్ ఫ్లోర్,जस्ट ऑर्गेनिक 9 अनाज का आटा,,Atta & Flours,8,Rack 19
Swad Barley Flour,స్వాద్ బార్లీ పిండి,स्वाद जौ का आटा,atta|godhumapindi,Atta & Flours,8,Rack 19
Organic Bajra Flour,సేంద్రీయ బజ్రా పిండి,ऑर्गेनिक बाजरा का आटा,pearl millet flour,Atta & Flours,8,Rack 19
Swad Sooji Fine,స్వాద్ సూజీ ఫైన్,स्वाद सूजी फाइन,rava|semolina,"Rava, Poha & Grains",8,Rack 16
Laxmi Sooji Coarse,లక్ష్మి సూజీ కోర్స్,लक्ष्मी सूजी कोर्स,rava|semolina,"Rava, Poha & Grains",8,Rack 16
Deep Sooji Fine,డీప్ సూజీ ఫైన్,डीप सूजी फाइन,rava|semolina|deep naan,"Rava, Poha & Grains",8,Rack 17
Laxmi Sooji Coarse,లక్ష్మి సూజీ కోర్స్,लक्ष्मी सूजी कोर्स,rava|semolina,"Rava, Poha & Grains",8,Rack 17
Aata Sooji Coarse,ఆటా సూజీ కోర్స్,आटा सूजी मोटा,rava|semolina|deep naan,"Rava, Poha & Grains",8,Rack 17
Aata Crack Wheat,ఆటా క్రాక్ వీట్,आटा क्रैक गेहूं,atta|whole wheat|whole wheat atta,Atta & Flours,8,Rack 18
Laxmi Fada,లక్ష్మి ఫాడా,लक्ष्मी फड़ा,,"Rava, Poha & Grains",8,Rack 18
Bajri Flour,బజ్రి పిండి,बाजरे का आटा,pearl millet flour,Atta & Flours,8,Rack 18
Swad Kuttu Flour,స్వాద్ కుట్టు పిండి,स्वाद कुट्टू आटा,atta|godhumapindi,Atta & Flours,8,Rack 19
Anand Sattu Powder Mix,ఆనంద్ సత్తు పౌడర్ మిక్స్,आनंद सत्तू पाउडर मिक्स,,Dals & Pulses,8,Rack 19
Laxmi Sooji Fine,లక్ష్మి సూజీ ఫైన్,लक्ष्मी सूजी फाइन,rava|semolina,"Rava, Poha & Grains",8,Rack 16
Laxmi Sooji Roasted,లక్ష్మి సూజీ రోస్టెడ్,लक्ष्मी सूजी भुनी हुई,rava|semolina|roasted rava,"Rava, Poha & Grains",8,Rack 17
Swad Sooji Fine,స్వాద్ సూజీ ఫైన్,स्वाद सूजी फाइन,rava|semolina,"Rava, Poha & Grains",8,Rack 17
Telugu Roasted Semolina,తెలుగు వేయించిన సెమోలినా,तेलुगु भुनी हुई सूजी,south indian,"Rava, Poha & Grains",8,Rack 23
Deep Roasted Upma Rava,బాగా వేయించిన ఉప్మా రవ్వ,डीप रोस्टेड उपमा रवा,,"Rava, Poha & Grains",8,Rack 23
Aata Cracked Wheat,ఆటా క్రాక్డ్ వీట్,आटा टूटा हुआ गेहूं,whole wheat atta|atta|godhumapindi|whole wheat,Atta & Flours,8,Rack 23
Laxmi Cracked Wheat,లక్ష్మి క్రాక్డ్ వీట్,लक्ष्मी क्रैक्ड व्हीट,atta|godhumapindi|whole wheat,Atta & Flours,8,Rack 23
Laxmi Bajra Flour,లక్ష్మి బజ్రా పిండి,लक्ष्मी बाजरा का आटा,pearl millet flour|atta,Atta & Flours,8,Rack 23
Swad Semolina,స్వాద్ సెమోలినా,स्वाद सूजी,,"Rava, Poha & Grains",8,Rack 24
Telugu Buckwheat Flour,తెలుగు బుక్‌వీట్ పిండి,तेलुगु बकव्हीट आटा,atta|godhumapindi,Atta & Flours,8,Rack 24
Telugu Farali Flour,తెలుగు ఫరాలి పిండి,तेलुगु फराली आटा,atta,Atta & Flours,8,Rack 24
Anand Instant Rava Dosa Mix,ఆనంద్ ఇన్‌స్టంట్ రవ్వ దోస మిక్స్,आनंद इंस्टेंट रवा डोसा मिक्स,rava|dosa|mix,Ready to Eat & Instant,8,Rack 24
Talod Farali Atta,తలోద్ ఫరాలి అట్టా,तलोद फराली अट्टा,,Atta & Flours,8,Rack 24
Swad Kuttu Flour,స్వాద్ కుట్టు పిండి,स्वाद कुट्टू आटा,atta|godhumapindi,Atta & Flours,8,Rack 24
Anand Instant Sattu Powder Mix,ఆనంద్ ఇన్‌స్టంట్ సత్తు పౌడర్ మిక్స్,आनंद इंस्टेंट सत्तू पाउडर मिक्स,,Ready to Eat & Instant,8,Rack 24
Swad Bhakri Flour,స్వాద్ భక్రి పిండి,स्वाद भाकरी आटा,,Atta & Flours,8,Rack 24
Swad Flour,స్వాద్ పిండి,स्वाद आटा,atta|godhumapindi,Atta & Flours,8,Rack 24
Laxmi Sooji,లక్ష్మి సూజీ,लक्ष्मी सूजी,rava|semolina,"Rava, Poha & Grains",8,Rack 22
Swad Sooji Roasted,స్వాద్ సూజీ రోస్టెడ్,स्वाद सूजी भुनी हुई,rava|semolina|roasted rava,"Rava, Poha & Grains",8,Rack 22
Swad Sooji Fine,స్వాద్ సూజీ ఫైన్,स्वाद सूजी फाइन,rava|semolina,"Rava, Poha & Grains",8,Rack 22
Laxmi Sooji Coarse,లక్ష్మి సూజీ కోర్స్,लक्ष्मी सूजी कोर्स,rava|semolina,"Rava, Poha & Grains",8,Rack 22
Swad Sooji Coarse,స్వాద్ సూజీ కోర్స్,स्वाद सूजी कोर्स,rava|semolina,Atta & Flours,8,Rack 22
Deep Sooji,దీప్ సూజీ,दीप सूजी,sooji|rava|semolina,"Rava, Poha & Grains",8,Rack 23
Swad Wheat Coarse,స్వాద్ గోధుమ ముతక,स्वाद गेहूं मोटा,atta|flour|godhumapindi|whole wheat|whole wheat atta,Atta & Flours,8,Rack 23
Rajat Wheat,రజత్ గోధుమ,रजत गेहूं,whole wheat atta|atta|whole wheat|flour|godhumapindi,Atta & Flours,8,Rack 23
Swetha Rava,శ్వేత రావ,श्वेता राव,,"Rava, Poha & Grains",8,Rack 23
Swetha Roasted Wheat Rava,శ్వేత రోస్టెడ్ వీట్ రవ్వ,श्वेता रोस्टेड व्हीट रवा,whole wheat atta|atta|whole wheat|flour|godhumapindi,"Rava, Poha & Grains",8,Rack 23
Aastha Wheat Rava,ఆస్థా గోధుమ రవ్వ,आस्था गेहूं रवा,roasted rava|atta|whole wheat|godhumapindi,"Rava, Poha & Grains",8,Rack 23
Happy Leaf Chickpea Flour,హ్యాపీ లీఫ్ చిక్‌పీ ఫ్లోర్,हैप्पी लीफ चना आटा,,Atta & Flours,8,Rack 24
Swetha Buckwheat Flour,శ్వేత బక్వీట్ పిండి,श्वेता बकव्हीट आटा,,Atta & Flours,8,Rack 24
Swad Farali Flour,స్వాద్ ఫరాలి పిండి,स्वाद फराली आटा,,Atta & Flours,8,Rack 24
Anand Rava Dosa Mix,ఆనంద్ రవ్వ దోస మిక్స్,आनंद रवा डोसा मिक्स,roasted rava,Ready to Eat & Instant,8,Rack 24
Swad Farali Atta,స్వాద్ ఫరాలి అట్టా,स्वाद फराली आटा,masala,Atta & Flours,8,Rack 24
Anand Instant Powder Mix,ఆనంద్ ఇన్‌స్టంట్ పౌడర్ మిక్స్,आनंद इंस्टेंट पाउडर मिक्स,rava,Spices & Masalas,8,Rack 24
Upvas Singoda Flour,ఉపవాస్ సింగోడ పిండి,उपवास सिंगोड़ा आटा,atta|godhumapindi|whole wheat atta,Atta & Flours,8,Rack 24
Laxmi Roasted Upma Rava,లక్ష్మి రోస్టెడ్ ఉప్మా రవ్వ,लक्ष्मी रोस्टेड उपमा रवा,,"Rava, Poha & Grains",8,Rack 22
Laxmi Sooji Roasted,లక్ష్మి సూజీ రోస్టెడ్,लक्ष्मी सूजी भुनी हुई,rava|semolina|roasted rava,"Rava, Poha & Grains",8,Rack 22
Laxmi Sooji Roasted Upma Mix,లక్ష్మి సూజీ రోస్టెడ్ ఉప్మా మిక్స్,लक्ष्मी सूजी रोस्टेड उपमा मिक्स,,Ready to Eat & Instant,8,Rack 22
Swad Sooji Farina,స్వాద్ సూజీ ఫరీనా,स्वाद सूजी फरीना,rava|semolina,"Rava, Poha & Grains",8,Rack 22
Sooji Fine,సూజీ ఫైన్,सूजी फाइन,rava|semolina,"Rava, Poha & Grains",8,Rack 22
Deep Sooji Semolina,డీప్ సూజీ సెమోలినా,डीप सूजी सूजी,rava,"Rava, Poha & Grains",8,Rack 23
Swad Cracked Wheat Coarse,స్వాద్ పగిలిన గోధుమ ముతక,स्वाद टूटा हुआ गेहूं मोटा,godhumapindi,Dals & Pulses,8,Rack 23
Swetha Sooji Coarse,శ్వేత సూజీ కోర్స్,श्वेता सूजी कोर्स,rava|semolina,"Rava, Poha & Grains",8,Rack 23
Wheat Rava,గోధుమ రవ్వ,गेहूं रवा,godhumapindi,"Rava, Poha & Grains",8,Rack 23
Happy Leaf Organic Chickpea Split,హ్యాపీ లీఫ్ ఆర్గానిక్ చిక్‌పీ స్ప్లిట్,हैप्पी लीफ ऑर्गेनिक चना स्प्लिट,chana dal,Dals & Pulses,8,Rack 24
Happy Leaf Organic Yellow Split,హ్యాపీ లీఫ్ ఆర్గానిక్ ఎల్లో స్ప్లిట్,हैप्पी लीफ ऑर्गेनिक येलो स्प्लिट,split chickpeas|chana dal,Dals & Pulses,8,Rack 24
Buckwheat Flour,బుక్‌వీట్ పిండి,बकव्हीट का आटा,atta|godhumapindi,Atta & Flours,8,Rack 24
Farali Flour,ఫరాలి పిండి,फराली आटा,pearl millet flour|atta|godhumapindi,Atta & Flours,8,Rack 24
Instant Rava Dosa Mix,తక్షణ రవ్వ దోస మిక్స్,इंस्टेंट रवा डोसा मिक्स,spice mix,Ready to Eat & Instant,8,Rack 24
Kattu Flour,కట్టు పిండి,कट्टू का आटा,atta|godhumapindi|pearl millet flour,Atta & Flours,8,Rack 24
Deep Bhakri Flour,డీప్ భాక్రి పిండి,दीप भाकरी आटा,pearl millet flour,"Rava, Poha & Grains",8,Rack 24
Swad Roasted Chana Dal,స్వాద్ రోస్టెడ్ చనా దాల్,स्वाद रोस्टेड चना दाल,split black gram|chickpea|chickpeas,Dals & Pulses,8,Rack 24
Swad Arrowroot Powder,స్వాద్ ఆరోరూట్ పౌడర్,स्वाद अरारोट पाउडर,henna powder,"Rava, Poha & Grains",8,Rack 24
Swad Samo Powder,స్వాద్ సమో పౌడర్,स्वाद सामो पाउडर,,Spices & Masalas,8,Rack 24
Swad Farina,స్వాద్ ఫరీనా,स्वाद फरीना,,"Rava, Poha & Grains",8,Rack 22
Happy Leaf Organic Split,హ్యాపీ లీఫ్ ఆర్గానిక్ స్ప్లిట్,हैप्पी लीफ ऑर्गेनिक स्प्लिट,split chickpeas|chana dal,Dals & Pulses,8,Rack 24
Swad Buckwheat,స్వాద్ బక్వీట్,स्वाद बकव्हीट,,"Rava, Poha & Grains",8,Rack 24
Upvas Morriyo,ఉపవాస్ మోరియో,उपवास मोर्रियो,tuvar dal|pigeon pea,Dals & Pulses,8,Rack 25
Upvas Singoda Flour,ఉపవాస్ సింగోడ పిండి,उपवास सिंगोड़ा आटा,atta|godhumapindi|whole wheat atta,Atta & Flours,8,Rack 25
Upvas Rajgard,ఉపవాస్ రాజ్‌గార్డ్,उपवास राजगार्ड,tuvar dal|pigeon pea,Dals & Pulses,8,Rack 25
Swad Bhakri Flour,స్వాద్ భక్రి పిండి,स्वाद भाकरी आटा,,Atta & Flours,8,Rack 25
Swad Roasted Chana,స్వాద్ వేయించిన శనగలు,स्वाद भुना हुआ चना,chickpea|chickpeas,Snacks & Namkeen,8,Rack 25
Swad Natural Koor,స్వాద్ నేచురల్ కూర్,स्वाद नेचुरल कूर,,"Rava, Poha & Grains",8,Rack 25
Swad Samo Seeds,స్వాద్ సామో విత్తనాలు,स्वाद सामो के बीज,,Spices & Masalas,8,Rack 25
Swad Araroot Powder,స్వాద్ అరారూట్ పౌడర్,स्वाद अररूट पाउडर,,Spices & Masalas,8,Rack 25
Swad Samo Powder,స్వాద్ సమో పౌడర్,स्वाद सामो पाउडर,,Spices & Masalas,8,Rack 25
Laxmi Sooji,లక్ష్మి సూజీ,लक्ष्मी सूजी,rava|semolina,"Rava, Poha & Grains",8,Rack 23
Happy Leaf Upvas,హ్యాపీ లీఫ్ ఉపవాసాలు,हैप्पी लीफ उपवास,,Ready to Eat & Instant,8,Rack 24
Swad White Corn Flour,స్వాద్ తెల్ల మొక్కజొన్న పిండి,स्वाद सफेद मक्के का आटा,godhumapindi,"Rava, Poha & Grains",8,Rack 25
Swad Yellow Corn Flour,స్వాద్ పసుపు మొక్కజొన్న పిండి,स्वाद पीला मक्का का आटा,,"Rava, Poha & Grains",8,Rack 25
Swad Rajgara Flour,స్వాద్ రాజ్‌గారా పిండి,स्वाद राजगरा आटा,pearl millet flour|atta,Atta & Flours,8,Rack 25
Swad Cracked Rava,స్వాద్ క్రాక్డ్ రావా,स्वाद क्रैक्ड रवा,idli rava,"Rava, Poha & Grains",8,Rack 26
Swad Coarse Rava,స్వాద్ కోర్స్ రావా,स्वाद कोर्स रवा,roasted rava|idli rava|rice rava,"Rava, Poha & Grains",8,Rack 26
Laxmi Sooji Fine,లక్ష్మి సూజీ ఫైన్,लक्ष्मी सूजी फाइन,rava|semolina,"Rava, Poha & Grains",8,Rack 26
Laxmi Sooji Coarse,లక్ష్మి సూజీ కోర్స్,लक्ष्मी सूजी कोर्स,rava|semolina,"Rava, Poha & Grains",8,Rack 26
Swad Fine Sooji,స్వాద్ ఫైన్ సూజీ,स्वाद फाइन सूजी,rava|semolina,"Rava, Poha & Grains",8,Rack 26
Swad Cracked Wheat,స్వాద్ క్రాక్డ్ వీట్,स्वाद टूटा हुआ गेहूं,atta|flour|whole wheat,Atta & Flours,8,Rack 18
Swad Farali Flour,స్వాద్ ఫరాలి పిండి,स्वाद फराली आटा,,Atta & Flours,8,Rack 18
Swad Buckwheat Flour,స్వాద్ బక్వీట్ పిండి,स्वाद बकव्हीट आटा,atta,Atta & Flours,8,Rack 24
Sattu Powder,సత్తు పొడి,सत्तू पाउडर,,Dals & Pulses,8,Rack 19
Swad Rajgira Flour,స్వాద్ రాజగిరా పిండి,स्वाद राजगीरा आटा,pearl millet flour|atta,Atta & Flours,8,Rack 20
Swad Araroot Powder,స్వాద్ అరారూట్ పౌడర్,स्वाद अररूट पाउडर,,Spices & Masalas,8,Rack 20
Swad Samo Powder,స్వాద్ సమో పౌడర్,स्वाद सामो पाउडर,,Spices & Masalas,8,Rack 20
Swad White Corn Flour,స్వాద్ తెల్ల మొక్కజొన్న పిండి,स्वाद सफेद मक्के का आटा,godhumapindi,"Rava, Poha & Grains",8,Rack 20
Swad Yellow Corn Flour,స్వాద్ పసుపు మొక్కజొన్న పిండి,स्वाद पीला मक्का का आटा,,"Rava, Poha & Grains",8,Rack 20
Swad Dhokla Flour,స్వాద్ ధోక్లా పిండి,स्वाद ढोकला आटा,pearl millet flour|atta,Atta & Flours,8,Rack 20
Laxmi Sooji,లక్ష్మి సూజీ,लक्ष्मी सूजी,rava|semolina,"Rava, Poha & Grains",8,Rack 16
Swad Sooji Coarse,స్వాద్ సూజీ కోర్స్,स्वाद सूजी कोर्स,rava|semolina,Atta & Flours,8,Rack 16
Swad Roasted Sooji,స్వాద్ రోస్టెడ్ సూజీ,स्वाद रोस्टेड सूजी,rava|semolina|roasted rava,"Rava, Poha & Grains",8,Rack 16
Swad Crack Wheat,స్వాద్ క్రాక్ వీట్,स्वाद क्रैक गेहूं,atta|whole wheat atta|godhumapindi,Atta & Flours,8,Rack 17
Swad Fada,స్వాద్ ఫాడా,स्वाद फड़ा,,"Rava, Poha & Grains",8,Rack 17
Swad Bajri Flour,స్వాద్ బజ్రి పిండి,स्वाद बाजरे का आटा,pearl millet flour,Atta & Flours,8,Rack 17
Swad Jowar Flour,స్వాద్ జొన్న పిండి,स्वाद ज्वार का आटा,pearl millet flour,"Rava, Poha & Grains",8,Rack 17
Anand Sattu Powder,ఆనంద్ సత్తు పౌడర్,आनंद सत्तू पाउडर,pasupu,Dals & Pulses,8,Rack 19
Swad Roasted Flour,స్వాద్ వేయించిన పిండి,स्वाद भुना हुआ आटा,atta|godhumapindi,Atta & Flours,8,Rack 19
Deep Soya Bean Flour,లోతైన సోయా బీన్ పిండి,डीप सोयाबीन आटा,atta|godhumapindi,Atta & Flours,8,Rack 19
Swad Multigrain Flour,స్వాద్ మల్టీగ్రెయిన్ పిండి,स्वाद मल्टीग्रेन आटा,atta|multigrain atta,Atta & Flours,8,Rack 19
Swad Arrowroot Powder,స్వాద్ ఆరోరూట్ పౌడర్,स्वाद अरारोट पाउडर,henna powder,"Rava, Poha & Grains",8,Rack 20
Swad Rajgara Flour,స్వాద్ రాజ్‌గారా పిండి,स्वाद राजगरा आटा,pearl millet flour|atta,Atta & Flours,8,Rack 20
Swad Idli/Dosa Batter,స్వాద్ ఇడ్లీ/దోస పిండి,स्वाद इडली/डोसा बैटर,dosa podi,"Rava, Poha & Grains",8,Rack 20
Brahmins Appam/Idiyappam Powder,బ్రాహ్మణుల అప్పం/ఇడియప్పం పొడి,ब्राह्मण अप्पम/इडियप्पम पाउडर,idippam powder,"Rava, Poha & Grains",8,Rack 20
Brahmins Chemba Puttu Podi,బ్రాహ్మణులు చెంబ పుట్టు పొడి,ब्राह्मण चेम्बा पुट्टू पोडी,chemba puttu podi|brahmins puttu powder,"Rava, Poha & Grains",8,Rack 20
Swad Sooji Fine,స్వాద్ సూజీ ఫైన్,स्वाद सूजी फाइन,rava|semolina,"Rava, Poha & Grains",8,Rack 1
Laxmi Sooji,లక్ష్మి సూజీ,लक्ष्मी सूजी,rava|semolina,"Rava, Poha & Grains",8,Rack 1
Swad Sooji Coarse,స్వాద్ సూజీ కోర్స్,स्वाद सूजी कोर्स,rava|semolina,Atta & Flours,8,Rack 1
Swad Sooji,స్వాద్ సూజీ,स्वाद सूजी,rava|semolina,"Rava, Poha & Grains",8,Rack 1
Swad Crack Wheat,స్వాద్ క్రాక్ వీట్,स्वाद क्रैक गेहूं,atta|whole wheat atta|godhumapindi,Atta & Flours,8,Rack 2
Swad Bajri Flour,స్వాద్ బజ్రి పిండి,स्वाद बाजरे का आटा,pearl millet flour,Atta & Flours,8,Rack 2
Kuttu Flour,కుట్టు పిండి,कुट्टू का आटा,atta|godhumapindi|pearl millet flour,"Rava, Poha & Grains",8,Rack 3
Swad Sattu,స్వాద్ సత్తు,स्वाद सत्तू,atta,Dals & Pulses,8,Rack 3
Deep Soya Bean Flour,లోతైన సోయా బీన్ పిండి,डीप सोयाबीन आटा,atta|godhumapindi,Atta & Flours,8,Rack 3
Organic 9 Grains Flour,సేంద్రీయ 9 ధాన్యాల పిండి,जैविक 9 अनाजों का आटा,atta|corn flour|godhumapindi|pearl millet flour,Atta & Flours,8,Rack 3
Swad Barley Flour,స్వాద్ బార్లీ పిండి,स्वाद जौ का आटा,atta|godhumapindi,Atta & Flours,8,Rack 3
Rajgira Flour,రాజగిర పిండి,राजगीरा का आटा,pearl millet flour|corn flour|atta,"Rava, Poha & Grains",8,Rack 4
Swad Corn Flour,స్వాద్ మొక్కజొన్న పిండి,स्वाद कॉर्न फ्लोर,atta,"Rava, Poha & Grains",8,Rack 4
Swad Dhokla Flour,స్వాద్ ధోక్లా పిండి,स्वाद ढोकला आटा,pearl millet flour|atta,Atta & Flours,8,Rack 4
Daawat Dhokla Flour,దావత్ ధోక్లా పిండి,दावत ढोकला आटा,pearl millet flour,"Rava, Poha & Grains",8,Rack 4
Brahmins Appam/Idiyappam Powder,బ్రాహ్మణుల అప్పం/ఇడియప్పం పొడి,ब्राह्मण अप्पम/इडियप्पम पाउडर,idippam powder,"Rava, Poha & Grains",8,Rack 4
Brahmins Chembu Puttu Podi,బ్రాహ్మణులు చెంబు పుట్టు పొడి,ब्राह्मण चेम्बु पुट्टू पोडी,chemba puttu podi|brahmins puttu powder,Spices & Masalas,8,Rack 4
Daawat Flour,దావత్ పిండి,दावत आटा,atta|corn flour|godhumapindi|pearl millet flour,Atta & Flours,8,Rack 4
Swad Sooji,స్వాద్ సూజీ,स्वाद सूजी,rava|semolina,"Rava, Poha & Grains",8,Rack 12
Swad Roasted Rava Sooji,స్వాద్ రోస్టెడ్ రవ్వ సూజీ,स्वाद रोस्टेड रवा सूजी,,"Rava, Poha & Grains",8,Rack 12
Aata,ఆట,आटा,atta|wheat flour,Atta & Flours,8,Rack 12
Swad Ragi Flour,స్వాద్ రాగి పిండి,स्वाद रागी का आटा,pearl millet flour,"Rava, Poha & Grains",8,Rack 13
Swad Super Fine Besan,స్వాద్ సూపర్ ఫైన్ బేసన్,स्वाद सुपर फाइन बेसन,gram flour|chickpea flour,Atta & Flours,8,Rack 13
Organik 9 Grains Flour,ఆర్గానిక్ 9 గ్రెయిన్స్ ఫ్లోర్,ऑर्गेनिक 9 अनाज का आटा,atta|corn flour|godhumapindi|pearl millet flour,"Rava, Poha & Grains",8,Rack 14
24 Mantra Organic Atta,24 మంత్ర ఆర్గానిక్ అట్టా,24 मंत्रा ऑर्गेनिक आटा,flour|godhumapindi,Atta & Flours,8,Rack 14
Organik Rice Flour,సేంద్రీయ బియ్యం పిండి,ऑर्गेनिक चावल का आटा,powder|corn flour,"Rava, Poha & Grains",8,Rack 14
Swad Dhala Flour,స్వద్ ధాలా పిండి,स्वाद दाला आटा,pearl millet flour|atta,"Rava, Poha & Grains",8,Rack 20
Daivi Dhala Flour,డైవి ధాలా పిండి,दैवी दाल का आटा,pearl millet flour|atta,"Rava, Poha & Grains",8,Rack 20
Brahmin Appam/Idiyappam Powder,బ్రాహ్మణ అప్పం/ఇడియప్పం పొడి,ब्राह्मण अप्पम/इडियप्पम पाउडर,idippam powder,"Rava, Poha & Grains",8,Rack 20
Brahmin Chemba Puttu Podi,బ్రాహ్మణ చెంబ పుట్టు పొడి,ब्राह्मण चेम्बा पुट्टू पोडी,chemba puttu podi|brahmins puttu powder,"Rava, Poha & Grains",8,Rack 20
Daivi Puttu Podi,దైవి పుట్టు పొడి,Daivi Puttu Podi,brahmins puttu powder|brahmins dosa powder|puttu powder,Spices & Masalas,8,Rack 20
Rachav Urad Flour,రాచవ్ ఉరద్ పిండి,रचाव उड़द का आटा,urad whole|urad dal whole,Dals & Pulses,8,Rack 20
Aaraj Rava,ఆరాజ్ రావా,आरज रावा,rice rava,"Rava, Poha & Grains",8,Rack 12
Swad Flour,స్వాద్ పిండి,स्वाद आटा,atta|godhumapindi,Atta & Flours,8,Rack 13
Brahmi Appam/Idiyappam Podi,బ్రాహ్మి అప్పం/ఇడియప్పం పొడి,ब्राह्मी अप्पम/इडियप्पम पोडी,dosa podi|idiyappam powder|idippam powder,"Rava, Poha & Grains",8,Rack 14
Brahmi Puttu Podi,బ్రాహ్మి పుట్టు పొడి,ब्राह्मी पुट्टू पोडी,puttu powder,"Rava, Poha & Grains",8,Rack 14
Brahmi Chemba Puttu Podi,బ్రాహ్మి చెంబ పుట్టు పొడి,ब्राह्मी चेम्बा पुट्टू पोडी,chemba puttu podi|brahmins puttu powder,"Rava, Poha & Grains",8,Rack 14
Organic Rice Flour,సేంద్రీయ బియ్యం పిండి,जैविक चावल का आटा,biyyam|chawal,"Rava, Poha & Grains",8,Rack 14
Daivi Flour,దైవి పిండి,दैवी आटा,atta|godhumapindi,Atta & Flours,8,Rack 14
Raghav Urad Flour,రాఘవ్ ఉరద్ పిండి,राघव उड़द का आटा,urad whole|urad dal whole,Dals & Pulses,8,Rack 14
Suji Browntop Millet Flour,సుజీ బ్రౌన్‌టాప్ మిల్లెట్ పిండి,सूजी ब्राउनटॉप बाजरा का आटा,atta|godhumapindi|pearl millet flour,"Rava, Poha & Grains",8,Rack 14
Organic Raw Peanut,సేంద్రీయ పచ్చి వేరుశెనగ,जैविक कच्ची मूंगफली,groundnuts,Dals & Pulses,8,Rack 14
Laxmi Idli Rava,లక్ష్మి ఇడ్లీ రవ్వ,लक्ष्मी इडली रवा,rice rava,"Rava, Poha & Grains",8,Rack 1
Sher Kala Chana Flour,షేర్ కాలా చనా ఫ్లోర్,शेर काला चना आटा,chickpea lentil,Dals & Pulses,8,Rack 2
Dalvi Besan,దల్వి బేసన్,दलवी बेसन,gram flour|chickpea flour,Atta & Flours,8,Rack 2
Sher Besan,షేర్ బేసన్,शेर बेसन,gram flour|chickpea flour,Dals & Pulses,8,Rack 2
Deep Besan,దీప్ బేసన్,दीप बेसन,gram flour|chickpea flour,Dals & Pulses,8,Rack 2
Organic Ragi Flour,సేంద్రీయ రాగి పిండి,ऑर्गेनिक रागी का आटा,atta,"Rava, Poha & Grains",8,Rack 3
Organic Rice Flour,సేంద్రీయ బియ్యం పిండి,जैविक चावल का आटा,biyyam|chawal,"Rava, Poha & Grains",8,Rack 3
Dalvi Rice Flour,దాల్వి బియ్యం పిండి,दालवी चावल का आटा,atta|godhumapindi,"Rava, Poha & Grains",8,Rack 3
Deep Rice Flour,లోతైన బియ్యం పిండి,डीप राइस फ्लोर,biyyam|chawal,Rice,8,Rack 3
Brahmin Chemba Puttu,బ్రాహ్మణ చెంబ పుట్టు,ब्राह्मण चेम्बा पुट्टू,chemba puttu podi|brahmins puttu powder|puttu powder,Spices & Masalas,8,Rack 4
Dalvi Rice Flour,దాల్వి బియ్యం పిండి,दालवी चावल का आटा,atta|godhumapindi,"Rava, Poha & Grains",8,Rack 4
Raghav Urad Flour,రాఘవ్ ఉరద్ పిండి,राघव उड़द का आटा,urad whole|urad dal whole,Dals & Pulses,8,Rack 4
Browntop Millet Flour,బ్రౌన్‌టాప్ మిల్లెట్ పిండి,ब्राउनटॉप बाजरा का आटा,atta|godhumapindi,"Rava, Poha & Grains",8,Rack 4
Raw Peanut,పచ్చి వేరుశెనగ,कच्ची मूंगफली,groundnuts,Dry Fruits & Nuts,8,Rack 4
Besan (Red/White Packaging),శనగపిండి (ఎరుపు/తెలుపు ప్యాకేజింగ్),बेसन (लाल/सफेद पैकेजिंग),gram flour|chickpea flour,Dals & Pulses,8,Rack 2
Swad Gram Flour (Besan),స్వాద్ శనగ పిండి (బేసన్),स्वाद ग्राम आटा (बेसन),atta|chickpea flour,Dals & Pulses,8,Rack 2
Telugu Rice Flour,తెలుగు బియ్యం పిండి,तेलुगु चावल का आटा,chawal|biyyam,"Rava, Poha & Grains",8,Rack 3
Daivi Rice Flour,డైవి బియ్యం పిండి,दैवी चावल का आटा,biyyam|chawal,Rice,8,Rack 3
Laxmi Peanuts,లక్ష్మి పీనట్స్,लक्ष्मी मूंगफली,groundnuts,Dry Fruits & Nuts,8,Rack 4
Brown Top Millet Flour,బ్రౌన్ టాప్ మిల్లెట్ పిండి,ब्राउन टॉप बाजरे का आटा,atta,Atta & Flours,8,Rack 4
Urad Flour,మినప పిండి,उड़द का आटा,atta,Atta & Flours,8,Rack 4
Swad Idli Rava,స్వాద్ ఇడ్లీ రవా,स्वाद इडली रवा,rice rava,"Rava, Poha & Grains",8,Rack 1
Laxmi Besan,లక్ష్మి బేసన్,लक्ष्मी बेसन,gram flour|chickpea flour,Atta & Flours,8,Rack 2
Unknown Rice Flour,తెలియని బియ్యం పిండి,अज्ञात चावल का आटा,,Rice,8,Rack 3
Brahma Sweet Corn Flour,బ్రహ్మ స్వీట్ కార్న్ ఫ్లోర్,ब्रह्मा स्वीट कॉर्न आटा,atta,Atta & Flours,8,Rack 3
Swad Organic Idli Rava,స్వాద్ ఆర్గానిక్ ఇడ్లీ రవ్వ,स्वाद ऑर्गेनिक इडली रवा,rice rava,"Rava, Poha & Grains",8,Rack 1
Telugu Idli Rava,తెలుగు ఇడ్లీ రవ్వ,तेलुगु इडली रवा,rice rava,"Rava, Poha & Grains",8,Rack 1
Besan,బేసన్,बेसन,gram flour|chickpea flour,Atta & Flours,8,Rack 2
Aara Besan,ఆరా బేసన్,आरा बेसन,gram flour|chickpea flour,Atta & Flours,8,Rack 2
Swad Rice Flour,స్వాద్ బియ్యం పిండి,स्वाद चावल का आटा,biyyam,"Rava, Poha & Grains",8,Rack 3
Brar Sweet Corn Flour,బ్రార్ స్వీట్ కార్న్ ఫ్లోర్,ब्रार मीठा मक्का का आटा,atta|godhumapindi,Atta & Flours,8,Rack 3
Swad Maida All Purpose Flour,స్వాద్ మైదా ఆల్ పర్పస్ ఫ్లోర్,स्वाद मैदा ऑल पर्पस आटा,,Atta & Flours,8,Rack 3
Organic Idli Rava,ఆర్గానిక్ ఇడ్లీ రవ్వ,ऑर्गेनिक इडली रवा,rice rava,"Rava, Poha & Grains",8,Rack 1
Telugu Foods Rice Rava,తెలుగు ఆహారాలు అన్నం రవ్వ,तेलुगु व्यंजन चावल रवा,chawal|biyyam,"Rava, Poha & Grains",8,Rack 1
Corn Meal,మొక్కజొన్న పిండి,मक्का का आटा,corn flour,"Rava, Poha & Grains",8,Rack 1
Laxmi Rice Flour,లక్ష్మి బియ్యం పిండి,लक्ष्मी चावल का आटा,atta,Atta & Flours,8,Rack 3
Swad Maida,స్వద్ మైదా,स्वाद मैदा,biscuits,Biscuits & Bakery,8,Rack 3
Deep Maida,దీప్ మైదా,दीप मैदा,sooji|rava|semolina,Biscuits & Bakery,8,Rack 3
Laxmi Peanuts (Skinless),లక్ష్మి వేరుశెనగలు (తొక్క తీసినవి),लक्ष्मी मूंगफली (बिना छिलके वाली),groundnuts,Dry Fruits & Nuts,8,Rack 4
Jumbo Peanuts,జంబో పీనట్స్,जंबो मूंगफली,groundnuts,Dry Fruits & Nuts,8,Rack 4
Peanuts,వేరుశెనగలు,मूंगफली,groundnuts,Dry Fruits & Nuts,8,Rack 4
Telugu Rice Rava,తెలుగు బియ్యం రవ్వ,तेलुगु चावल रवा,chawal|biyyam,"Rava, Poha & Grains",8,Rack 1
Swad Corn Flour,స్వాద్ మొక్కజొన్న పిండి,स्वाद कॉर्न फ्लोर,atta,"Rava, Poha & Grains",8,Rack 1
Aata Besan,ఆటా బేసన్,आटा बेसन,gram flour|chickpea flour|atta|wheat flour,Atta & Flours,8,Rack 2
Swad Maida,స్వద్ మైదా,स्वाद मैदा,biscuits,Biscuits & Bakery,8,Rack 2
Brar Corn Flour,బ్రార్ మొక్కజొన్న పిండి,ब्रार कॉर्न फ्लोर,pearl millet flour,Atta & Flours,8,Rack 3
Deep Jaggery Powder,ముదురు బెల్లం పొడి,डीप गुड़ पाउडर,bellam|gud,"Sugar, Salt & Jaggery",8,Rack 93
Authentic South India Jaggery Powder,అసలైన దక్షిణ భారత బెల్లం పొడి,दक्षिण भारत का असली गुड़ पाउडर,idippam powder,"Sugar, Salt & Jaggery",8,Rack 93
Laxmi Jaggery,లక్ష్మి బెల్లం,लक्ष्मी गुड़,bellam|gud,"Sugar, Salt & Jaggery",8,Rack 94
Laxmi Jaggery Powder,లక్ష్మి బెల్లం పొడి,लक्ष्मी गुड़ पाउडर,bellam|gud,"Sugar, Salt & Jaggery",8,Rack 94
Laxmi Punjabi Masala Gud,లక్ష్మి పంజాబీ మసాలా గుడ్,लक्ष्मी पंजाबी मसाला गुड़,,Spices & Masalas,8,Rack 94
Laxmi Desi Jaggery,లక్ష్మి దేశీ బెల్లం,लक्ष्मी देसी गुड़,bellam|gud,"Sugar, Salt & Jaggery",8,Rack 95
Laxmi Punjabi Gud,లక్ష్మి పంజాబీ గుడ్,लक्ष्मी पंजाबी गुड़,,"Sugar, Salt & Jaggery",8,Rack 95
Swad Jaggery Powder,స్వాద్ బెల్లం పొడి,स्वाद गुड़ पाउडर,bellam|gud,"Sugar, Salt & Jaggery",8,Rack 95
Deep Jaggery,డీప్ బెల్లం,गहरा गुड़,bellam|gud,"Sugar, Salt & Jaggery",8,Rack 96
Laxmi Jaggery Cubes,లక్ష్మి బెల్లం క్యూబ్స్,लक्ष्मी गुड़ के टुकड़े,bellam|gud,"Sugar, Salt & Jaggery",8,Rack 96
Jaggery Cubes,బెల్లం ముక్కలు,गुड़ के टुकड़े,bellam|gud,"Sugar, Salt & Jaggery",8,Rack 96
Swad Jaggery Cubes (Light),స్వాద్ బెల్లం ముక్కలు (లైట్),स्वाद गुड़ के क्यूब्स (हल्के),bellam|gud,"Sugar, Salt & Jaggery",8,Rack 96
Jaggery,బెల్లం,गुड़,bellam|gud,"Sugar, Salt & Jaggery",8,Rack 97
Kolhapuri Jaggery,కొల్హాపురి బెల్లం,कोल्हापुरी गुड़,bellam|gud,"Sugar, Salt & Jaggery",8,Rack 97
Laxmi Lima Beans,లక్ష్మి లిమా బీన్స్,लक्ष्मी लीमा बीन्स,legumes,Dals & Pulses,8,Rack 88
Blackeye Peas,బొబ్బర్లు,ब्लैकआई मटर,legumes|beans,Dals & Pulses,8,Rack 88
Swad Toor Dal,స్వాద్ తూర్ దాల్,स्वाद तूर दाल,tuvar dal|pigeon pea|split black gram,Dals & Pulses,8,Rack 89
Toor Dal (Vasad Madhi),కందిపప్పు (వాసద్ మధి),तूर दाल (वसद मढ़ी),tuvar dal|pigeon pea,Dals & Pulses,8,Rack 89
Laxmi Toor Dal (Vasad Madhi),లక్ష్మి కంది పప్పు (వాసద్ మధి),लक्ष्मी तूर दाल (वसद मढ़ी),tuvar dal|pigeon pea,Dals & Pulses,8,Rack 89
Swad Urad Split,స్వాద్ ఉరాద్ స్ప్లిట్,स्वाद उरद स्प्लिट,urad dal whole,Dals & Pulses,8,Rack 90
Organic Urad Black Split,సేంద్రీయ ఉరద్ బ్లాక్ స్ప్లిట్,ऑर्गेनिक उरद ब्लैक स्प्लिट,urad dal whole|urad whole,Dals & Pulses,8,Rack 90
Daivi Urad Dal Chilka,దైవి ఉరద్ దాల్ చిల్కా,दैवी उड़द दाल छिलका,split black gram,Dals & Pulses,8,Rack 90
Just Organik Organic Urad Whole,జస్ట్ ఆర్గానిక్ ఆర్గానిక్ ఉరద్ హోల్,जस्ट ऑर्गेनिक ऑर्गेनिक उड़द साबुत,urad dal whole,Dals & Pulses,8,Rack 90
Swad Urad Whole,స్వాద్ ఉరద్ హోల్,स्वाद उड़द होल,urad dal whole,Dals & Pulses,8,Rack 90
Aara Toor Whole,ఆరా తూర్ హోల్,आरा तूर होल,,Dals & Pulses,8,Rack 91
Swad Toor Whole,స్వాద్ తూర్ హోల్,स्वाद तूर होल,,Dals & Pulses,8,Rack 91
Swad Lima Beans Large,స్వాద్ లిమా బీన్స్ పెద్దవి,स्वाद लीमा बीन्स (बड़ी),,Dals & Pulses,8,Rack 91
Swad Val Dal,స్వాద్ వల్ దల్,स्वाद वल दाल,,Dals & Pulses,8,Rack 91
Daivi Kachadi Mix,దైవి కచాడి మిక్స్,दैवी कचड़ी मिक्स,,Snacks & Namkeen,8,Rack 91
Laxmi Toor Dal (Vasad Madhi) 8 lb,లక్ష్మి తూర్ దాల్ (వాసద్ మధి) 8 పౌండ్లు,लक्ष्मी तूर दाल (वसद मढ़ी) 8 पाउंड,tuvar dal|pigeon pea,Dals & Pulses,8,Rack 89
Laxmi Toor Dal (Vasad Madhi) 4 lb,లక్ష్మి తూర్ దాల్ (వాసద్ మధి) 4 పౌండ్లు,लक्ष्मी तूर दाल (वसद मढ़ी) 4 पौंड,tuvar dal|pigeon pea,Dals & Pulses,8,Rack 89
Laxmi Toor Dal (Vasad Madhi) 2 lb,లక్ష్మి తూర్ దాల్ (వాసద్ మధి) 2 పౌండ్లు,लक्ष्मी तूर दाल (वसद मढ़ी) 2 पौंड,tuvar dal|pigeon pea,Dals & Pulses,8,Rack 89
Aara Toor Whole,ఆరా తూర్ హోల్,आरा तूर होल,,Dals & Pulses,8,Rack 90
Swad Toor Whole,స్వాద్ తూర్ హోల్,स्वाद तूर होल,,Dals & Pulses,8,Rack 90
Lima Beans Large,లిమా బీన్స్ పెద్దవి,बड़े आकार की लीमा बीन्स,,Dals & Pulses,8,Rack 90
Swad Val Dal,స్వాద్ వల్ దల్,स्वाद वल दाल,,Dals & Pulses,8,Rack 90
Daivi Khichdi Mix,దైవి ఖిచ్డీ మిక్స్,दैवी खिचड़ी मिक्स,,Ready to Eat & Instant,8,Rack 90
Toor Dal,కంది పప్పు,तूर दाल,,Dals & Pulses,8,Rack 1
Laxmi Toor Dal (Vasad Madhi),లక్ష్మి కంది పప్పు (వాసద్ మధి),लक्ष्मी तूर दाल (वसद मढ़ी),tuvar dal|pigeon pea,Dals & Pulses,8,Rack 2
Deep Toor Dal Dry,డీప్ తూర్‌ దాల్ డ్రై,डीप तूर दाल ड्राई,tuvar dal|pigeon pea,Dals & Pulses,8,Rack 2
Toor Dal,కంది పప్పు,तूर दाल,,Dals & Pulses,8,Rack 2
Daivi Toor Dal Dry,డైవి తూర్ దాల్ డ్రై,दैवी तूर दाल सूखी,tuvar dal|pigeon pea,Dals & Pulses,8,Rack 2
Just Organik Organic Urad Whole,జస్ట్ ఆర్గానిక్ ఆర్గానిక్ ఉరద్ హోల్,जस्ट ऑर्गेनिक ऑर्गेनिक उड़द साबुत,urad dal whole,Dals & Pulses,8,Rack 3
Swad Urad Whole,స్వాద్ ఉరద్ హోల్,स्वाद उड़द होल,urad dal whole,Dals & Pulses,8,Rack 3
Whole Urad,మొత్తం ఉడకబెట్టిన గింజలు,पूरी उड़द,urad dal whole,Dals & Pulses,8,Rack 3
Laxmi Whole Urad,లక్ష్మి హోల్ ఉరద్,लक्ष्मी होल उड़द,urad dal whole,Dals & Pulses,8,Rack 3
Swad Khichdi Mix,స్వాద్ ఖిచ్డీ మిక్స్,स्वाद खिचड़ी मिक्स,,Ready to Eat & Instant,8,Rack 4
Daivi Khichdi Mix,దైవి ఖిచ్డీ మిక్స్,दैवी खिचड़ी मिक्स,,Ready to Eat & Instant,8,Rack 4
Aara Khichadi Mix,ఆరా ఖిచడి మిక్స్,आरा खिचड़ी मिक्स,rava,Ready to Eat & Instant,8,Rack 4
Mantra Organic Tur Dal,మంత్ర ఆర్గానిక్ తుర్ దాల్,मंत्रा ऑर्गेनिक तुअर दाल,tuvar dal|pigeon pea,Dals & Pulses,8,Rack 4
Daivi Natural Food Toor Dal Dry,దైవీ నేచురల్ ఫుడ్ టూర్ దాల్ డ్రై,दैवी नेचुरल फ़ूड तूर दाल सूखी,,Dals & Pulses,8,Rack 84
Aara Toor Dal,ఆరా తూర్ దాల్,आरा तूर दाल,tuvar dal|pigeon pea|split black gram|chickpeas,Dals & Pulses,8,Rack 84
Aara Chana Dal,ఆరా చనా దాల్,आरा चना दाल,chickpeas|chickpea,Dals & Pulses,8,Rack 84
Laxmi Whole Urad Black Matpe Beans,లక్ష్మి హోల్ ఉరద్ బ్లాక్ మాట్పే బీన్స్,लक्ष्मी होल उड़द ब्लैक मैटपे बीन्स,urad dal whole|black lentils,Dals & Pulses,8,Rack 85
Daivi Urad Whole Black Matpe Beans,దైవీ ఉరద్ హోల్ బ్లాక్ మట్పే బీన్స్,दैवी उड़द साबुत काली मटपे बीन्स,urad dal whole|black lentils,Dals & Pulses,8,Rack 85
Swad Hichdi Mix,స్వాద్ హిచ్డీ మిక్స్,स्वाद हिचड़ी मिक्स,spice mix,Ready to Eat & Instant,8,Rack 85
Aara Khichadi Mix,ఆరా ఖిచడి మిక్స్,आरा खिचड़ी मिक्स,rava,Ready to Eat & Instant,8,Rack 85
24 Mantra Organic Tur Dal,24 మంత్ర ఆర్గానిక్ టర్ దాల్,24 मंत्रा ऑर्गेनिक तुअर दाल,tuvar dal|pigeon pea,Dals & Pulses,8,Rack 85
24 Mantra Organic Masoor Dal,24 మంత్ర ఆర్గానిక్ మసూర్ పప్పు,24 मंत्रा ऑर्गेनिक मसूर दाल,,Dals & Pulses,8,Rack 85
24 Mantra Organic,24 మంత్ర ఆర్గానిక్,24 मंत्रा ऑर्गेनिक,,Atta & Flours,8,Rack 85
Aara Chana Dal,ఆరా చనా దాల్,आरा चना दाल,chickpeas|chickpea,Dals & Pulses,8,Rack 2
Laxmi Chana Dal,లక్ష్మి శనగ పప్పు,लक्ष्मी चना दाल,split black gram|chickpeas|chickpea,Dals & Pulses,8,Rack 2
Swad Chana Dal,స్వద్ చనా దాల్,स्वाद चना दाल,chickpeas|chickpea,Dals & Pulses,8,Rack 2
Daivi Urad Gota,దైవి ఉరద్ గోటా,दैवी उरद गोटा,urad whole|urad dal whole,Dals & Pulses,8,Rack 3
Swad Urad Gota,స్వాద్ ఉరద్ గోటా,स्वाद उड़द गोटा,urad whole|urad dal whole,Dals & Pulses,8,Rack 3
Laxmi Urad Gota,లక్ష్మి ఉరద్ గోటా,लक्ष्मी उड़द गोटा,urad whole|urad dal whole,Dals & Pulses,8,Rack 3
Organic Masoor Dal,సేంద్రీయ మసూర్ పప్పు,ऑर्गेनिक मसूर दाल,,Dals & Pulses,8,Rack 4
Organic Pancharatan Dal,సేంద్రీయ పంచరతన్ పప్పు,ऑर्गेनिक पंचरतन दाल,split black gram,Dals & Pulses,8,Rack 4
Organic Urad White Whole,సేంద్రీయ మినప తెల్లని మొత్తం,ऑर्गेनिक उड़द सफेद साबुत,urad dal whole,Dals & Pulses,8,Rack 4
Organic Urad White Split,సేంద్రీయ ఉరద్ వైట్ స్ప్లిట్,ऑर्गेनिक उड़द सफेद स्प्लिट,urad dal whole,Dals & Pulses,8,Rack 4
Urad Dal,మినప పప్పు,उड़द की दाल,urad whole|split black gram|urad dal whole,Dals & Pulses,8,Rack 78
Moong Dal,పెసరపప్పు,मूंग की दाल,pigeon pea,Dals & Pulses,8,Rack 78
Swad Chana Dal,స్వద్ చనా దాల్,स्वाद चना दाल,chickpeas|chickpea,Dals & Pulses,8,Rack 79
Deep Chana Dal,దీప్ చనా దాల్,दीप चना दाल,split black gram|chickpeas,Dals & Pulses,8,Rack 79
Daivi Chana Dal,దైవీ చనా దాల్,दैवी चना दाल,split black gram|chickpeas|chickpea,Dals & Pulses,8,Rack 79
Swad Urad Gota,స్వాద్ ఉరద్ గోటా,स्वाद उड़द गोटा,urad whole|urad dal whole,Dals & Pulses,8,Rack 80
Laxmi Urad Gota,లక్ష్మి ఉరద్ గోటా,लक्ष्मी उड़द गोटा,urad whole|urad dal whole,Dals & Pulses,8,Rack 80
Daivi Urad Dal,దైవి ఉరద్ దాల్,दैवी उरद दल,urad whole|split black gram|urad dal whole,Dals & Pulses,8,Rack 80
Laxmi Urad Dal,లక్ష్మి ఉరద్ దాల్,लक्ष्मी उड़द दाल,urad whole|split black gram|urad dal whole,Dals & Pulses,8,Rack 80
Mantra Organic Urad White Whole,మంత్ర ఆర్గానిక్ ఉరద్ వైట్ హోల్,मंत्रा ऑर्गेनिक उड़द सफेद साबुत,urad dal whole,Dals & Pulses,8,Rack 81
Mantra Organic Urad White Split,మంత్ర ఆర్గానిక్ ఉరద్ వైట్ స్ప్లిట్,मंत्रा ऑर्गेनिक उड़द सफेद विभाजित,,Dals & Pulses,8,Rack 81
Just Organik Urad White Split,జస్ట్ ఆర్గానిక్ ఉరద్ వైట్ స్ప్లిట్,जस्ट ऑर्गेनिक उरद व्हाइट स्प्लिट,urad dal whole,Dals & Pulses,8,Rack 81
J. Mullu Murukku,జె. ముల్లు మురుక్కు,जे. मुल्लू मुरुक्कू,snacks,Snacks & Namkeen,8,Rack 81
Deep Channa Dal,దీప్ చన్నా దాల్,दीप चना दाल,split black gram,Dals & Pulses,8,Rack 79
Daivi Channa Dal - Desi,దైవీ చన్నా దాల్ - దేశీ,दैवी चना दाल - देसी,split black gram,Dals & Pulses,8,Rack 79
Daivi Moong Dal,దైవి మూంగ్ దాల్,दैवी मूंग दाल,split black gram,Dals & Pulses,8,Rack 79
Swad Urad Dal,స్వాద్ ఉరద్ దాల్,स्वाद उड़द दाल,split black gram|urad dal whole|tuvar dal|pigeon pea,Dals & Pulses,8,Rack 80
Just Organik Organic Urad White Whole,జస్ట్ ఆర్గానిక్ ఆర్గానిక్ ఉరద్ వైట్ హోల్,जस्ट ऑर्गेनिक ऑर्गेनिक उड़द सफेद साबुत,urad dal whole,Dals & Pulses,8,Rack 81
Just Organik Organic Urad White Split,జస్ట్ ఆర్గానిక్ ఆర్గానిక్ ఉరద్ వైట్ స్ప్లిట్,जस्ट ऑर्गेनिक ऑर्गेनिक उड़द व्हाइट स्प्लिट,,Dals & Pulses,8,Rack 81
Just Organik Organic Urad Black Split,జస్ట్ ఆర్గానిక్ ఆర్గానిక్ ఉరద్ బ్లాక్ స్ప్లిట్,जस्ट ऑर्गेनिक ऑर्गेनिक उड़द ब्लैक स्प्लिट,urad dal whole,Dals & Pulses,8,Rack 81
Daivi Moong Dal,దైవి మూంగ్ దాల్,दैवी मूंग दाल,split black gram,Dals & Pulses,8,Rack 73
Deep Moong Dal,దీపపు పెసరపప్పు,दीप मूंग दाल,split black gram,Dals & Pulses,8,Rack 73
Swad Urad Dal,స్వాద్ ఉరద్ దాల్,स्वाद उड़द दाल,split black gram|urad dal whole|tuvar dal|pigeon pea,Dals & Pulses,8,Rack 75
Aara Idli Dosa Dal,ఆరా ఇడ్లీ దోస పప్పు,आरा इडली डोसा दाल,brahmins dosa powder|pigeon pea,Dals & Pulses,8,Rack 75
Aara Urad Gota,ఆరా ఉరద్ గోటా,आरा उरद गोटा,urad whole|urad dal whole,Dals & Pulses,8,Rack 75
Swad Multi Dal Mix,స్వాద్ మల్టీ దాల్ మిక్స్,स्वाद मल्टी दाल मिक्स,,Dals & Pulses,8,Rack 75
24 Mantra Organic Rajma,24 మంత్ర ఆర్గానిక్ రాజ్మా,24 मंत्रा ऑर्गेनिक राजमा,kidney beans,Dals & Pulses,8,Bottom shelf
Deep Moong Dal,దీపపు పెసరపప్పు,दीप मूंग दाल,split black gram,Dals & Pulses,8,Rack 2
Daivi Masoor Dal,దైవీ మసూర్ దళ్,दैवी मसूर दाल,split black gram,Dals & Pulses,8,Rack 2
Aara Urad Gota,ఆరా ఉరద్ గోటా,आरा उरद गोटा,urad whole|urad dal whole,Dals & Pulses,8,Rack 3
Swad Multi Dal Mix,స్వాద్ మల్టీ దాల్ మిక్స్,स्वाद मल्टी दाल मिक्स,,Dals & Pulses,8,Rack 3
Laxmi Whole Moong,లక్ష్మి మొత్తం మూంగ్,लक्ष्मी साबुत मूंग,,Dals & Pulses,8,Rack 3
24 Mantra Organic Chana,24 మంత్ర ఆర్గానిక్ చనా,24 मंत्रा ऑर्गेनिक चना,chickpea|chickpeas|split chickpeas|chana dal,Dals & Pulses,8,Rack 4
24 Mantra Organic Brown Chana,24 మంత్ర ఆర్గానిక్ బ్రౌన్ చనా,24 मंत्रा ऑर्गेनिक ब्राउन चना,chickpeas|chickpea,Dals & Pulses,8,Rack 4
Daivi Masoor Dal,దైవీ మసూర్ దళ్,दैवी मसूर दाल,split black gram,Dals & Pulses,8,Rack 69
Laxmi Masoor Dal,లక్ష్మి మసూర్ దల్,लक्ष्मी मसूर दाल,split black gram,Dals & Pulses,8,Rack 69
Deep Masoor Dal,దీప్ మసూర్ దల్,दीप मसूर दाल,split black gram,Dals & Pulses,8,Rack 69
Swad Masoor Dal,స్వాద్ మసూర్ దల్,स्वाद मसूर दाल,split black gram,Dals & Pulses,8,Rack 69
Laxmi Whole Moong,లక్ష్మి మొత్తం మూంగ్,लक्ष्मी साबुत मूंग,,Dals & Pulses,8,Rack 70
Moong Whole,మూంగ్ హోల్,साबुत मूंग,,Dals & Pulses,8,Rack 70
Swad Masoor Whole,స్వాద్ మసూర్ హోల్,स्वाद मसूर होल,,Dals & Pulses,8,Rack 70
Swad Masoor Matki,స్వాద్ మసూర్ మట్కి,स्वाद मसूर मटकी,,Dals & Pulses,8,Rack 70
24 Mantra Organic Brown Chana,24 మంత్ర ఆర్గానిక్ బ్రౌన్ చనా,24 मंत्रा ऑर्गेनिक ब्राउन चना,chickpeas|chickpea,Dals & Pulses,8,Rack 71
Swad Muth Whole,స్వాద్ ముత్ హోల్,स्वाद मुथ होल,,Dals & Pulses,8,Rack 71
Aara Moth Whole,ఆరా చిమ్మట మొత్తం,आरा मोथ होल,,Dals & Pulses,8,Rack 71
Swad Blackeye Peas,స్వాద్ బ్లాక్‌ఐ పీస్,स्वाद ब्लैकआई मटर,legumes|beans,Dals & Pulses,8,Rack 71
Aara Masoor Dal,ఆరా మసూర్ దల్,आरा मसूर दाल,,Dals & Pulses,8,Rack 69
Swad Masoor Malka,స్వాద్ మసూర్ మల్కా,स्वाद मसूर मलका,,Dals & Pulses,8,Rack 69
Daivat Masoor Gota,దైవత్ మసూర్ గోటా,दैवत मसूर गोटा,,Dals & Pulses,8,Rack 69
Laxmi Moong Split,లక్ష్మి మూంగ్ స్ప్లిట్,लक्ष्मी मूंग स्प्लिट,,Dals & Pulses,8,Rack 69
Swad Horse Gram,స్వాద్ హార్స్ గ్రామ్,स्वाद हॉर्स ग्राम,,Dals & Pulses,8,Rack 70
Bansi Green Lentils,బాన్సీ పచ్చి కాయధాన్యాలు,बंसी हरी मसूर,,Dals & Pulses,8,Rack 70
Swad Kidney Beans,స్వాద్ కిడ్నీ బీన్స్,स्वाद राजमा,legumes,Dals & Pulses,8,Rack 70
Laxmi Black Eyed Peas,లక్ష్మి బ్లాక్ ఐడ్ పీస్,लक्ष्मी ब्लैक आइड पीज़,legumes,Dals & Pulses,8,Rack 71
Swad Red Beans,స్వాద్ రెడ్ బీన్స్,स्वाद लाल सेम,legumes,Dals & Pulses,8,Rack 71
Swad Sabudana,స్వాద్ సబుదానా,स्वाद साबूदाना,,"Rava, Poha & Grains",8,Rack 71
Manna Ethnic Millets,మన్నా ఎత్నిక్ మిల్లెట్స్,मन्ना एथनिक बाजरा,healthy grains,"Rava, Poha & Grains",8,Rack 63
Aara Masoor Dal,ఆరా మసూర్ దల్,आरा मसूर दाल,,Dals & Pulses,8,Rack 64
Swadesh Malka Masoor Dal,స్వదేశ్ మల్కా మసూర్ దల్,स्वदेश मलका मसूर दाल,pigeon pea,Dals & Pulses,8,Rack 64
Daivi Masoor Gota,దైవి మసూర్ గోటా,दैवी मसूर गोटा,,Dals & Pulses,8,Rack 64
Laxmi Moong Dal Split,లక్ష్మి మూంగ్ దాల్ స్ప్లిట్,लक्ष्मी मूंग दाल स्प्लिट,,Dals & Pulses,8,Rack 64
Moong Split,మూంగ్ స్ప్లిట్,मूंग स्प्लिट,,Dals & Pulses,8,Rack 64
Bansi Green Lentils,బాన్సీ పచ్చి కాయధాన్యాలు,बंसी हरी मसूर,,Dals & Pulses,8,Rack 65
Swad Kidney Beans,స్వాద్ కిడ్నీ బీన్స్,स्वाद राजमा,legumes,Dals & Pulses,8,Rack 65
Light Red Kidney Beans,లేత ఎరుపు రంగు కిడ్నీ బీన్స్,हल्के लाल राजमा,legumes,Dals & Pulses,8,Rack 65
Laxmi Black Eyed Peas,లక్ష్మి బ్లాక్ ఐడ్ పీస్,लक्ष्मी ब्लैक आइड पीज़,legumes,Dals & Pulses,8,Rack 66
Swad Red Beans,స్వాద్ రెడ్ బీన్స్,स्वाद लाल सेम,legumes,Dals & Pulses,8,Rack 66
Swad Sabudana,స్వాద్ సబుదానా,स्वाद साबूदाना,,"Rava, Poha & Grains",8,Rack 66
Upvas Sabudana,ఉపవాస్ సబుదానా,उपवास साबूदाना,,Rice,8,Rack 66
Laxmi Sabudana,లక్ష్మి సగ్గుబియ్యం,लक्ष्मी साबूदाना,,Rice,8,Rack 66
Laxmi Moong Dal,లక్ష్మి మూంగ్ దాల్,लक्ष्मी मूंग दाल,,Dals & Pulses,8,Rack 64
Vad Moong Split,వాద్ మూంగ్ స్ప్లిట్,वड मूंग स्प्लिट,,Dals & Pulses,8,Rack 64
Swad Kabuli Chana,స్వాద్ కాబులి చనా,स्वाद काबुली चना,,Dals & Pulses,8,Rack 64
Laxmi Kabuli Chana,లక్ష్మి కాబులి చనా,लक्ष्मी काबुली चना,chickpea|chickpeas,Dals & Pulses,8,Rack 64
Laxmi Light Red Kidney Beans,లక్ష్మి లేత ఎరుపు కిడ్నీ బీన్స్,लक्ष्मी लाइट रेड किडनी बीन्स,legumes,Dals & Pulses,8,Rack 65
Laxmi Kidney Beans,లక్ష్మి కిడ్నీ బీన్స్,लक्ष्मी राजमा,legumes,Dals & Pulses,8,Rack 65
Swad Kala Chana,స్వాద్ కాలా చనా,स्वाद काला चना,chickpea|chickpeas,Dals & Pulses,8,Rack 65
Swad Kidney Beans (Small),స్వాద్ కిడ్నీ బీన్స్ (చిన్నవి),स्वाद राजमा (छोटे आकार के),legumes,Dals & Pulses,8,Rack 66
Swetha Sabudana,శ్వేత సబుదానా,श्वेता साबूदाना,,Dry Fruits & Nuts,8,Rack 66
Laxmi Coconut Powder,లక్ష్మి కొబ్బరి పొడి,लक्ष्मी नारियल पाउडर,narial powder|narial,Dry Fruits & Nuts,8,Rack 66
Swetha Coconut Flakes,శ్వేత కొబ్బరి తురుము,श्वेता नारियल के फ्लेक्स,narial,Dry Fruits & Nuts,8,Rack 66
Laxmi Coconut Slices,లక్ష్మి కొబ్బరి ముక్కలు,लक्ष्मी नारियल के टुकड़े,narial,Dry Fruits & Nuts,8,Rack 66
Moong Split,మూంగ్ స్ప్లిట్,मूंग स्प्लिट,,Dals & Pulses,8,Rack 59
Swad Kabuli Chana,స్వాద్ కాబులి చనా,स्वाद काबुली चना,,Dals & Pulses,8,Rack 59
Laxmi Kabuli Chana,లక్ష్మి కాబులి చనా,लक्ष्मी काबुली चना,chickpea|chickpeas,Dals & Pulses,8,Rack 59
Aara Kabuli Chana,ఆరా కాబులి చనా,आरा काबुली चना,chickpeas|chickpea,Dals & Pulses,8,Rack 59
Laxmi Light Red Kidney Beans,లక్ష్మి లేత ఎరుపు కిడ్నీ బీన్స్,लक्ष्मी लाइट रेड किडनी बीन्स,legumes,Dals & Pulses,8,Rack 60
Red Kidney Beans,ఎర్ర కిడ్నీ బీన్స్,लाल राजमा,legumes,Dals & Pulses,8,Rack 60
Swad Kala Chana,స్వాద్ కాలా చనా,स्वाद काला चना,chickpea|chickpeas,Dals & Pulses,8,Rack 60
Laxmi Kala Chana,లక్ష్మి కాలా చనా,लक्ष्मी काला चना,chickpea|chickpeas,Dals & Pulses,8,Rack 60
Upvas Sabudana,ఉపవాస్ సబుదానా,उपवास साबूदाना,,Rice,8,Rack 61
Laxmi Coconut Powder,లక్ష్మి కొబ్బరి పొడి,लक्ष्मी नारियल पाउडर,narial powder|narial,Dry Fruits & Nuts,8,Rack 61
Laxmi Coconut Slices,లక్ష్మి కొబ్బరి ముక్కలు,लक्ष्मी नारियल के टुकड़े,narial,Dry Fruits & Nuts,8,Rack 61
Telugu Desiccated Coconut Flakes,తెలుగు ఎండు కొబ్బరి తురుము,तेलुगु सूखे नारियल के फ्लेक्स,narial,Dry Fruits & Nuts,8,Rack 61
Telugu Desiccated Coconut Powder,తెలుగు ఎండు కొబ్బరి పొడి,तेलुगु सूखा नारियल पाउडर,narial powder|narial,Dry Fruits & Nuts,8,Rack 61
Subudana,సుబుదన,सुबुदाना,,"Rava, Poha & Grains",8,Rack 58
Kabuli Chana,కాబులి శనగలు,काबुली चना,chickpeas|chickpea,Dals & Pulses,8,Rack 58
Kabuli Chana,కాబులి శనగలు,काबुली चना,chickpeas|chickpea,Dals & Pulses,8,Rack 59
Daivi Kabuli Chana,దైవి కాబులి చనా,दैवी काबुली चना,chickpea|chickpeas,Dals & Pulses,8,Rack 59
Swad Red Kidney Beans,స్వాద్ రెడ్ కిడ్నీ బీన్స్,स्वाद लाल राजमा,legumes,Dals & Pulses,8,Rack 60
Aara Green Chana,ఆరా గ్రీన్ చనా,आरा ग्रीन चना,chickpea|chickpeas,Dals & Pulses,8,Rack 60
Swad Green Chana,స్వాద్ గ్రీన్ చనా,स्वाद ग्रीन चना,chickpea|chickpeas,Dals & Pulses,8,Rack 60
Swetha Telugu Coconut Flakes,శ్వేత తెలుగు కొబ్బరి తురుము,श्वेता तेलुगु नारियल के फ्लेक्स,narial,Dry Fruits & Nuts,8,Rack 61
Swetha Telugu Coconut Powder,శ్వేత తెలుగు కొబ్బరి పొడి,श्वेता तेलुगु नारियल पाउडर,narial powder|narial,Dry Fruits & Nuts,8,Rack 61
Aara Coconut Powder,ఆరా కొబ్బరి పొడి,आरा नारियल पाउडर,narial powder|narial,Dry Fruits & Nuts,8,Rack 61
Kala Chana,కాలా చనా,काला चना,chickpea|chickpeas,Dals & Pulses,8,Rack 60
Anand Kodo Millet,ఆనంద్ కోడో మిల్లెట్,आनंद कोडो बाजरा,healthy grains,"Rava, Poha & Grains",8,Rack 62
Manna Jowar Millet,మన్నా జొన్న మిల్లెట్,मन्ना ज्वार बाजरा,healthy grains,"Rava, Poha & Grains",8,Rack 62
Laxmi Kidney Beans,లక్ష్మి కిడ్నీ బీన్స్,लक्ष्मी राजमा,legumes,Dals & Pulses,8,Rack 60
Laxmi Sabudana,లక్ష్మి సగ్గుబియ్యం,लक्ष्मी साबूदाना,,Rice,8,Rack 61
Swetha Telugu Desiccated Coconut Flakes,శ్వేత తెలుగు ఎండిపోయిన కొబ్బరి రేకులు,स्वेता तेलुगू सूखे नारियल के गुच्छे,narial,Dry Fruits & Nuts,8,Rack 61
Swetha Telugu Desiccated Coconut Powder,Swetha Telugu Desiccated Coconut Powder,स्वेता तेलुगू देसीकेटेड नारियल पाउडर,narial powder|narial,Dry Fruits & Nuts,8,Rack 61
Anand Finger Millet,ఆనంద్ ఫింగర్ మిల్లెట్,आनंद फिंगर मिलेट,healthy grains,"Rava, Poha & Grains",8,Rack 62
Swadha Telugu Coconut Flakes,స్వధా తెలుగు కొబ్బరి తురుము,स्वाधा तेलुगु नारियल के फ्लेक्स,narial,Dry Fruits & Nuts,8,Rack 61
Swadha Telugu Coconut Powder,స్వధా తెలుగు కొబ్బరి పొడి,स्वाधा तेलुगु नारियल पाउडर,narial powder|narial,Dry Fruits & Nuts,8,Rack 61
Anand Barnyard Millet,ఆనంద్ బార్న్‌యార్డ్ మిల్లెట్,आनंद बार्नयार्ड बाजरा,healthy grains,"Rava, Poha & Grains",8,Rack 62
Swad Kidney Beans,స్వాద్ కిడ్నీ బీన్స్,स्वाद राजमा,legumes,Dals & Pulses,8,1
Laxmi Light Red Kidney Beans,లక్ష్మి లేత ఎరుపు కిడ్నీ బీన్స్,लक्ष्मी लाइट रेड किडनी बीन्स,legumes,Dals & Pulses,8,1
Laxmi Kala Chana,లక్ష్మి కాలా చనా,लक्ष्मी काला चना,chickpea|chickpeas,Dals & Pulses,8,1
Upvas Sabudana,ఉపవాస్ సబుదానా,उपवास साबूदाना,,Rice,8,2
Laxmi Sabudana,లక్ష్మి సగ్గుబియ్యం,लक्ष्मी साबूदाना,,Rice,8,2
Laxmi Coconut Powder,లక్ష్మి కొబ్బరి పొడి,लक्ष्मी नारियल पाउडर,narial powder|narial,Dry Fruits & Nuts,8,2
Laxmi Coconut Slices,లక్ష్మి కొబ్బరి ముక్కలు,लक्ष्मी नारियल के टुकड़े,narial,Dry Fruits & Nuts,8,2
Swetha Telugu Coconut Flakes,శ్వేత తెలుగు కొబ్బరి తురుము,श्वेता तेलुगु नारियल के फ्लेक्स,narial,Dry Fruits & Nuts,8,2
Anand Foxtail Millet,ఆనంద్ ఫాక్స్‌టైల్ మిల్లెట్,आनंद फॉक्सटेल बाजरा,healthy grains,"Rava, Poha & Grains",8,3
Anand Little Millet,ఆనంద్ లిటిల్ మిల్లెట్,आनंद लिटिल मिलेट,healthy grains,"Rava, Poha & Grains",8,3
Anand Barnyard Millet,ఆనంద్ బార్న్‌యార్డ్ మిల్లెట్,आनंद बार्नयार्ड बाजरा,healthy grains,"Rava, Poha & Grains",8,3
Anand Finger Millet,ఆనంద్ ఫింగర్ మిల్లెట్,आनंद फिंगर मिलेट,healthy grains,"Rava, Poha & Grains",8,3
Anand Kodo Millet,ఆనంద్ కోడో మిల్లెట్,आनंद कोडो बाजरा,healthy grains,"Rava, Poha & Grains",8,3
Manna Jowar Millet,మన్నా జొన్న మిల్లెట్,मन्ना ज्वार बाजरा,healthy grains,"Rava, Poha & Grains",8,3
Swad Light Red Kidney Beans,స్వాద్ లైట్ రెడ్ కిడ్నీ బీన్స్,स्वाद लाइट रेड किडनी बीन्स,legumes,Dals & Pulses,8,Rack 65
Anand Pearl Millet,ఆనంద్ పెరల్ మిల్లెట్,आनंद पर्ल बाजरा,healthy grains,"Rava, Poha & Grains",8,Rack 67
Anand Foxtail Millet,ఆనంద్ ఫాక్స్‌టైల్ మిల్లెట్,आनंद फॉक्सटेल बाजरा,healthy grains,"Rava, Poha & Grains",8,Rack 67
Anand Little Millet,ఆనంద్ లిటిల్ మిల్లెట్,आनंद लिटिल मिलेट,healthy grains,"Rava, Poha & Grains",8,Rack 67
Anand Barnyard Millet,ఆనంద్ బార్న్‌యార్డ్ మిల్లెట్,आनंद बार्नयार्ड बाजरा,healthy grains,"Rava, Poha & Grains",8,Rack 67
Anand Finger Millet,ఆనంద్ ఫింగర్ మిల్లెట్,आनंद फिंगर मिलेट,healthy grains,"Rava, Poha & Grains",8,Rack 67
Anand Kodo Millet,ఆనంద్ కోడో మిల్లెట్,आनंद कोडो बाजरा,healthy grains,"Rava, Poha & Grains",8,Rack 67
Kidney Beans,కిడ్నీ బీన్స్,राजमा,legumes,Dals & Pulses,8,Rack 65
Swad Black Eye Beans,స్వాద్ బ్లాక్ ఐ బీన్స్,स्वाद ब्लैक आई बीन्स,legumes,Dals & Pulses,8,Rack 66
Swad Red Beans (Small),స్వాద్ ఎర్ర బీన్స్ (చిన్నవి),स्वाद लाल सेम (छोटे आकार के),legumes,Dals & Pulses,8,Rack 66
Swad Rice,స్వాద్ రైస్,स्वाद चावल,biyyam|chawal,Rice,8,Rack 66
Swetha Telugu Sabudana,శ్వేత తెలుగు సబుదానా,श्वेता तेलुगु साबूदाना,,Dry Fruits & Nuts,8,Rack 66
Swad Soft White Wheat,స్వాద్ సాఫ్ట్ వైట్ వీట్,स्वाद सॉफ्ट व्हाइट व्हीट,atta|flour|godhumapindi|whole wheat|whole wheat atta,Atta & Flours,8,Rack 67
Swad Dalia,స్వాద్ దాలియా,स्वाद दलिया,,Dals & Pulses,8,Rack 67
Swad Finger Millet (Ragi),స్వాద్ రాగులు (రాగి),स्वाद रागी (फिंगर मिलेट),ragi flour|flour,"Rava, Poha & Grains",8,Rack 67
Anand Green Lentils,ఆనంద్ గ్రీన్ లెంటిల్స్,आनंद हरी मसूर,,Dals & Pulses,8,Rack 64
Swad Horse Gram,స్వాద్ హార్స్ గ్రామ్,स्वाद हॉर्स ग्राम,,Dals & Pulses,8,Rack 64
Swad Kidney Beans,స్వాద్ కిడ్నీ బీన్స్,स्वाद राजमा,legumes,Dals & Pulses,8,Rack 64
Swad Black Peas,స్వాద్ నల్ల బఠానీలు,स्वाद ब्लैक पीज़,,Dals & Pulses,8,Rack 66
Swad Chia Seeds,స్వాద్ చియా విత్తనాలు,स्वाद चिया सीड्स,chiya bij|chiya beeja,Dry Fruits & Nuts,8,Rack 67
Swad Pearl Barley,స్వాద్ పెరల్ బార్లీ,स्वाद मोती जौ,,"Rava, Poha & Grains",8,Rack 67
Swad Haleem Wheat,స్వాద్ హలీమ్ గోధుమ,स्वाद हलीम गेहूं,atta|godhumapindi|whole wheat,"Rava, Poha & Grains",8,Rack 67
Symeka Finger Millet,సిమెకా ఫింగర్ మిల్లెట్,साइमेका फिंगर मिलेट,healthy grains,"Rava, Poha & Grains",8,Rack 67
Masoor Whole,మసూర్ హోల్,मसूर साबुत,,Dals & Pulses,8,Rack 70
Masoor Matki,మసూర్ మట్కి,मसूर मटकी,,Dals & Pulses,8,Rack 70
Horse Gram,గుర్రపు గ్రాములు,चने की दाल,,Dals & Pulses,8,Rack 70
Laxmi Blackeye Peas,లక్ష్మి బ్లాక్‌ఐ పీస్,लक्ष्मी ब्लैकआई मटर,legumes|beans,Dals & Pulses,8,Rack 71
Swad Quinoa,స్వాద్ క్వినోవా,स्वाद क्विनोआ,,"Rava, Poha & Grains",8,Rack 72
Swad Chia Seeds,స్వాద్ చియా విత్తనాలు,स्वाद चिया सीड्स,chiya bij|chiya beeja,Dry Fruits & Nuts,8,Rack 72
Swad Pearl Barley,స్వాద్ పెరల్ బార్లీ,स्वाद मोती जौ,,"Rava, Poha & Grains",8,Rack 72
Swad Soft White Wheat,స్వాద్ సాఫ్ట్ వైట్ వీట్,स्वाद सॉफ्ट व्हाइट व्हीट,atta|flour|godhumapindi|whole wheat|whole wheat atta,Atta & Flours,8,Rack 72
Whole Moong,మొత్తం పెసలు,साबुत मूंग,,Dals & Pulses,8,Rack 70
Aasoor Matki,ఆసూర్ మట్కి,आसूर मटकी,pigeon pea,Dals & Pulses,8,Rack 70
Daivi Daliya Roasted,దైవి దాలియా రోస్టెడ్,दैवी दलिया भुना हुआ,roasted rava,"Rava, Poha & Grains",8,Rack 72
Raghav Daliya Split,రాఘవ్ దాలియా స్ప్లిట్,राघव डालिया का विभाजन,,Dals & Pulses,8,Rack 72
Rajgara Whole,రాజగారా మొత్తం,राजगारा होल,,Dals & Pulses,8,Rack 72
Quinoa White,క్వినోవా వైట్,क्विनोआ सफेद,,Rice,8,Rack 72
Laxmi Whole Moong,లక్ష్మి మొత్తం మూంగ్,लक्ष्मी साबुत मूंग,,Dals & Pulses,8,Rack 1
Swad Whole Moong,స్వాద్ హోల్ మూంగ్,स्वाद साबुत मूंग,,Dals & Pulses,8,Rack 1
Dami Whole Moong,డామి హోల్ మూంగ్,दामी साबुत मूंग,,Dals & Pulses,8,Rack 1
Mantra Organic Kabuli Chana,మంత్ర ఆర్గానిక్ కాబూలీ చనా,मंत्रा ऑर्गेनिक काबुली चना,,Dals & Pulses,8,Rack 2
Mantra Organic Brown Chana,మంత్ర ఆర్గానిక్ బ్రౌన్ చనా,मंत्रा ऑर्गेनिक ब्राउन चना,chickpeas|chickpea,Dals & Pulses,8,Rack 2
Laxmi Dalia,లక్ష్మి దాలియా,लक्ष्मी डालिया,,Dals & Pulses,8,Rack 3
Swad Chana Dal,స్వద్ చనా దాల్,स्वाद चना दाल,chickpeas|chickpea,Dals & Pulses,8,Rack 3
Daivi Daliya (Roasted),దైవి దలియా (వేయించినది),दैवी दलिया (भुना हुआ),roasted rava,"Rava, Poha & Grains",8,Rack 3
Raghav Daliya Split,రాఘవ్ దాలియా స్ప్లిట్,राघव डालिया का विभाजन,,Dals & Pulses,8,Rack 3
Raghav Rajgira Whole,రాఘవ్ రాజగిరా హోల్,राघव राजगीरा होल,,"Rava, Poha & Grains",8,Rack 3
Radhey Quinoa (White),రాధే క్వినోవా (తెలుపు),राधे क्विनोआ (सफेद),,"Rava, Poha & Grains",8,Rack 3
Aara Urad Gota,ఆరా ఉరద్ గోటా,आरा उरद गोटा,urad whole|urad dal whole,Dals & Pulses,8,Rack 1
Swad Multi Dal Mix,స్వాద్ మల్టీ దాల్ మిక్స్,स्वाद मल्टी दाल मिक्स,,Dals & Pulses,8,Rack 1
Whole Moong,మొత్తం పెసలు,साबुत मूंग,,Dals & Pulses,8,Rack 1
24 Mantra Organic Rajma,24 మంత్ర ఆర్గానిక్ రాజ్మా,24 मंत्रा ऑर्गेनिक राजमा,kidney beans,Dals & Pulses,8,Rack 2
24 Mantra Organic Kabuli Chana,24 మంత్ర సేంద్రీయ కాబూలీ చానా,24 मंत्र ऑर्गेनिक काबुली चना,,Dals & Pulses,8,Rack 2
24 Mantra Organic Brown Chana,24 మంత్ర ఆర్గానిక్ బ్రౌన్ చనా,24 मंत्रा ऑर्गेनिक ब्राउन चना,chickpeas|chickpea,Dals & Pulses,8,Rack 2
Vatana Green,వటానా గ్రీన్,वटाना ग्रीन,,Dals & Pulses,8,Rack 3
Navdhan,నవధన్,नवधन,,Atta & Flours,8,Rack 3
Swad Navdhan,స్వద్ నవధాన్,स्वाद नवधन,,Atta & Flours,8,Rack 3
Aara Dalia,ఆరా దాలియా,आरा डालिया,,Dals & Pulses,8,Rack 3
Swad Chana Dalia,స్వద్ చనా దాలియా,स्वाद चना दलिया,chickpea|chickpeas,Dals & Pulses,8,Rack 3
Daivi Dalia (Roasted),దైవి దాలియా (వేయించబడినది),दैवी दलिया (भुना हुआ),roasted rava,"Rava, Poha & Grains",8,Rack 3
Raghav Dalia,రాఘవ్ దాలియా,राघव डालिया,chickpea,Dals & Pulses,8,Rack 3
Urad Gota,ఉరద్ గోటా,उरद गोटा,urad whole|urad dal whole,Dals & Pulses,8,Rack 75
Multi Dal Mix,మల్టీ దాల్ మిక్స్,मल्टी दाल मिक्स,,Dals & Pulses,8,Rack 75
24 Mantra Organic Black Gram,24 మంత్ర ఆర్గానిక్ బ్లాక్ గ్రామ్,24 मंत्रा ऑर्गेनिक ब्लैक ग्राम,,Dals & Pulses,8,Rack 76
24 Mantra Organic Kidney Bean,24 మంత్ర ఆర్గానిక్ కిడ్నీ బీన్,24 मंत्रा ऑर्गेनिक किडनी बीन,,Dals & Pulses,8,Rack 76
24 Mantra Organic Kabuli Chana,24 మంత్ర సేంద్రీయ కాబూలీ చానా,24 मंत्र ऑर्गेनिक काबुली चना,,Dals & Pulses,8,Rack 76
Vatana Green,వటానా గ్రీన్,वटाना ग्रीन,,Dals & Pulses,8,Rack 77
Swad Nav Dhan,స్వద్ నవ ధన్,स्वाद नव धन,,"Rava, Poha & Grains",8,Rack 77
Aara Dalia,ఆరా దాలియా,आरा डालिया,,Dals & Pulses,8,Rack 77
Laxmi Dalia,లక్ష్మి దాలియా,लक्ष्मी डालिया,,Dals & Pulses,8,Rack 77
Swad Chana Dalia,స్వద్ చనా దాలియా,स्वाद चना दलिया,chickpea|chickpeas,Dals & Pulses,8,Rack 77
Urad Dal,మినప పప్పు,उड़द की दाल,urad whole|split black gram|urad dal whole,Dals & Pulses,8,Rack 75
Mula Dal Mix,ముల్ల పప్పు మిక్స్,मूला दाल मिक्स,,Dals & Pulses,8,Rack 75
Organic Urad Black Split,సేంద్రీయ ఉరద్ బ్లాక్ స్ప్లిట్,ऑर्गेनिक उरद ब्लैक स्प्लिट,urad dal whole|urad whole,Dals & Pulses,8,Rack 76
24 Mantra Organic Urad Black Whole,24 మంత్ర ఆర్గానిక్ మినప నల్ల మినప గింజలు,24 मंत्रा ऑर्गेनिक उड़द काली साबुत,urad dal whole,Dals & Pulses,8,Rack 76
Urad Black Whole,ఉరద్ బ్లాక్ హోల్,उरद ब्लैक होल,urad dal whole,Dals & Pulses,8,Rack 76
Yellow Vatana,పసుపు వటన,पीला वटाना,green peas,Dals & Pulses,8,Rack 77
Laxmi Green Vatana,లక్ష్మి గ్రీన్ వటానా,लक्ष्मी ग्रीन वटाना,green peas,Dals & Pulses,8,Rack 77
Swad Salted Vatana,స్వాద్ సాల్టెడ్ వటానా,स्वाद नमकीन वटाना,green peas,Dals & Pulses,8,Rack 77
Swad Vatana Green,స్వాద్ వతానా గ్రీన్,स्वाद वटाना ग्रीन,green peas,Dals & Pulses,8,Rack 77
Dalia,డాలియా,डालिया,,Dals & Pulses,8,Rack 77
Laxmi Urad Dal,లక్ష్మి ఉరద్ దాల్,लक्ष्मी उड़द दाल,urad whole|split black gram|urad dal whole,Dals & Pulses,8,Rack 75
Aara Urad Dal,ఆరా ఉరద్ దాల్,आरा उड़द दल,split black gram|urad dal whole,Dals & Pulses,8,Rack 75
24 Mantra Organic Urad Black Split,24 మంత్ర ఆర్గానిక్ ఉరద్ బ్లాక్ స్ప్లిట్,24 मंत्रा ऑर्गेनिक उड़द ब्लैक स्प्लिट,chana dal,Dals & Pulses,8,Rack 76
Aara Urad Black Whole,ఆరా ఉరద్ బ్లాక్ హోల్,आरा उरद ब्लैक होल,urad dal whole,Dals & Pulses,8,Rack 76
Aara Vatana White,ఆరా వటానా వైట్,आरा वटाना व्हाइट,green peas,Dals & Pulses,8,Rack 77
Laxmi Yellow Vatana,లక్ష్మి పసుపు వాతన,लक्ष्मी येलो वटाना,green peas,Dals & Pulses,8,Rack 77
Laxmi Urad Dal,లక్ష్మి ఉరద్ దాల్,लक्ष्मी उड़द दाल,urad whole|split black gram|urad dal whole,Dals & Pulses,8,Rack 1
Urad Dal Black Matpe Beans,మినప పప్పు నల్ల మాట్పే బీన్స్,उड़द दाल काली मटपे बीन्स,urad dal whole|split black gram|urad whole,Dals & Pulses,8,Rack 1
Organic Masoor Dal,సేంద్రీయ మసూర్ పప్పు,ऑर्गेनिक मसूर दाल,,Dals & Pulses,8,Rack 2
Laxmi Yellow Split Peas,లక్ష్మి పసుపు పప్పులు,लक्ष्मी पीली मटर,split chickpeas|chana dal,Dals & Pulses,8,Rack 3
Aara Vatana White,ఆరా వటానా వైట్,आरा वटाना व्हाइट,green peas,Dals & Pulses,8,Rack 3
Laxmi Yellow Vatana,లక్ష్మి పసుపు వాతన,लक्ष्मी येलो वटाना,green peas,Dals & Pulses,8,Rack 3
Laxmi Green Vatana,లక్ష్మి గ్రీన్ వటానా,लक्ष्मी ग्रीन वटाना,green peas,Dals & Pulses,8,Rack 3
Swad Salted Vatana,స్వాద్ సాల్టెడ్ వటానా,स्वाद नमकीन वटाना,green peas,Dals & Pulses,8,Rack 3
Daui Urad Dal Split,Daui Urad Dal Split,Daui Urad Dal Split,split black gram,Dals & Pulses,8,Rack 80
24 Mantra Organic Urad White Split,24 మంత్ర ఆర్గానిక్ ఉరద్ వైట్ స్ప్లిట్,24 मंत्रा ऑर्गेनिक उड़द व्हाइट स्प्लिट,,Dals & Pulses,8,Rack 81
24 Mantra Organic Urad White Whole,24 మంత్ర ఆర్గానిక్ ఉరద్ వైట్ హోల్,24 मंत्रा ऑर्गेनिक उड़द सफेद साबुत,urad dal whole,Dals & Pulses,8,Rack 81
Laxmi Urad White Split,లక్ష్మి ఉరద్ వైట్ స్ప్లిట్,लक्ष्मी उड़द व्हाइट स्प्लिट,urad dal whole,Dals & Pulses,8,Rack 81
Aara Masoor Dal,ఆరా మసూర్ దల్,आरा मसूर दाल,,Dals & Pulses,8,Rack 81
Laxmi Yellow Split Peas,లక్ష్మి పసుపు పప్పులు,लक्ष्मी पीली मटर,split chickpeas|chana dal,Dals & Pulses,8,Rack 82
Aara Vatana White,ఆరా వటానా వైట్,आरा वटाना व्हाइट,green peas,Dals & Pulses,8,Rack 82
Laxmi Yellow Vatana,లక్ష్మి పసుపు వాతన,लक्ष्मी येलो वटाना,green peas,Dals & Pulses,8,Rack 82
Urad Gota,ఉరద్ గోటా,उरद गोटा,urad whole|urad dal whole,Dals & Pulses,8,Rack 80
Radhey Soya Bean,రాధే సోయా బీన్,राधे सोयाबीन,legumes,Dals & Pulses,8,Rack 82
Urad Whole,మినపపప్పు మొత్తం,उड़द संपूर्ण,urad dal whole,Dals & Pulses,8,Rack 1
Daalvi Urad Gota,దాల్వి ఉరద్ గోటా,दालवी उड़द गोटा,,Dals & Pulses,8,Rack 1
Urad Gota,ఉరద్ గోటా,उरद गोटा,urad whole|urad dal whole,Dals & Pulses,8,Rack 1
Laxmi Urad Gota,లక్ష్మి ఉరద్ గోటా,लक्ष्मी उड़द गोटा,urad whole|urad dal whole,Dals & Pulses,8,Rack 1
Organic Pancharatan Dal,సేంద్రీయ పంచరతన్ పప్పు,ऑर्गेनिक पंचरतन दाल,split black gram,Dals & Pulses,8,Rack 2
Organic Urad White Whole,సేంద్రీయ మినప తెల్లని మొత్తం,ऑर्गेनिक उड़द सफेद साबुत,urad dal whole,Dals & Pulses,8,Rack 2
Organic Urad White Split,సేంద్రీయ ఉరద్ వైట్ స్ప్లిట్,ऑर्गेनिक उड़द सफेद स्प्लिट,urad dal whole,Dals & Pulses,8,Rack 2
Thin Poha,సన్నని పోహా,पतला पोहा,,"Rava, Poha & Grains",8,Rack 3
Radhey Soya Bean,రాధే సోయా బీన్,राधे सोयाबीन,legumes,Dals & Pulses,8,Rack 3
Laxmi Whole Urad,లక్ష్మి హోల్ ఉరద్,लक्ष्मी होल उड़द,urad dal whole,Dals & Pulses,8,Rack 85
Dali Whole Urad,"దాలి, మొత్తం ఉడకబెట్టిన గింజలు",डाली होल उड़द,urad dal whole,Dals & Pulses,8,Rack 85
Urad Whole,మినపపప్పు మొత్తం,उड़द संपूर्ण,urad dal whole,Dals & Pulses,8,Rack 85
Daivi Urad Gota,దైవి ఉరద్ గోటా,दैवी उरद गोटा,urad whole|urad dal whole,Dals & Pulses,8,Rack 85
Aara Khichadi Mix,ఆరా ఖిచడి మిక్స్,आरा खिचड़ी मिक्स,rava,Ready to Eat & Instant,8,Rack 86
24 Mantra Organic Tur Dal,24 మంత్ర ఆర్గానిక్ టర్ దాల్,24 मंत्रा ऑर्गेनिक तुअर दाल,tuvar dal|pigeon pea,Dals & Pulses,8,Rack 86
24 Mantra Organic Red Lentils,24 మంత్ర ఆర్గానిక్ రెడ్ లెంటిల్స్,24 मंत्रा ऑर्गेनिक लाल मसूर,,Dals & Pulses,8,Rack 86
24 Mantra Organic Pancharatan Dal,24 మంత్ర సేంద్రీయ పంచరతన్ దళ్,24 मंत्रा ऑर्गेनिक पंचरतन दाल,,Dals & Pulses,8,Rack 86
Jaggery,బెల్లం,गुड़,bellam|gud,"Sugar, Salt & Jaggery",8,Rack 87
Swad Khichdi Mix,స్వాద్ ఖిచ్డీ మిక్స్,स्वाद खिचड़ी मिक्स,,Ready to Eat & Instant,8,Rack 86
24 Mantra Organic Chana Dal,24 మంత్ర ఆర్గానిక్ శనగ పప్పు,24 मंत्रा ऑर्गेनिक चना दाल,split black gram,Dals & Pulses,8,Rack 86
Organic Pancharatan Dal Mixed Lentils,సేంద్రీయ పంచరతన్ పప్పు మిశ్రమ కాయధాన్యాలు,ऑर्गेनिक पंचरतन दाल मिश्रित मसूर,,Dals & Pulses,8,Rack 86
Kolhapuri Jaggery,కొల్హాపురి బెల్లం,कोल्हापुरी गुड़,bellam|gud,"Sugar, Salt & Jaggery",8,Rack 87
Swad Urad Whole,స్వాద్ ఉరద్ హోల్,स्वाद उड़द होल,urad dal whole,Dals & Pulses,8,Rack 1
Laxmi Urad Whole,లక్ష్మి ఉరద్ మొత్తం,लक्ष्मी उड़द पूरी,urad dal whole,Dals & Pulses,8,Rack 1
Dalvi Urad Whole,దల్వి ఉరద్ హోల్,दालवी उड़द साबुत,urad dal whole,Dals & Pulses,8,Rack 1
Swad Khichadi Mix,స్వాద్ ఖిచాడి మిక్స్,स्वाद खिचड़ी मिक्स,,Ready to Eat & Instant,8,Rack 2
Aara Khichadi Mix,ఆరా ఖిచడి మిక్స్,आरा खिचड़ी मिक्स,rava,Ready to Eat & Instant,8,Rack 2
Mantra Organic Tur Dal,మంత్ర ఆర్గానిక్ తుర్ దాల్,मंत्रा ऑर्गेनिक तुअर दाल,tuvar dal|pigeon pea,Dals & Pulses,8,Rack 2
Orchid Jaggery,ఆర్కిడ్ బెల్లం,ऑर्किड गुड़,bellam|gud,"Sugar, Salt & Jaggery",8,Rack 3
Kolhapuri Jaggery,కొల్హాపురి బెల్లం,कोल्हापुरी गुड़,bellam|gud,"Sugar, Salt & Jaggery",8,Rack 3
Organic Urad Whole Black Gram,"సేంద్రీయ మినపపప్పు, నల్ల మినుములు",ऑर्गेनिक उड़द साबुत काला चना,urad dal whole,Dals & Pulses,8,Rack 90
Dalvi Urad Whole Black Matpe Beans,దాల్వి ఉరద్ హోల్ బ్లాక్ మాట్పే బీన్స్,दालवी उड़द साबुत काली मटपे बीन्स,urad dal whole,Dals & Pulses,8,Rack 90
Swad Val Dal Lentils,స్వాద్ వాల్ దాల్ లెంటిల్స్,स्वाद वाल दाल मसूर,black lentils|chickpea lentil,Dals & Pulses,8,Rack 91
Dalvi Khichdi Mix,దాల్వి ఖిచ్డీ మిక్స్,दालवी खिचड़ी मिक्स,,Ready to Eat & Instant,8,Rack 91
Swad Khichdi Mix Split Moong Lentils,స్వాద్ ఖిచ్డీ మిక్స్ స్ప్లిట్ మూంగ్ కాయధాన్యాలు,स्वाद खिचड़ी मिक्स स्प्लिट मूंग दाल,black lentils,Dals & Pulses,8,Rack 91
Jaggery,బెల్లం,गुड़,bellam|gud,"Sugar, Salt & Jaggery",8,Rack 92
Organic Urad Dal Split,సేంద్రీయ మినప పప్పు చీలిక,ऑर्गेनिक उड़द दाल स्प्लिट,urad dal whole,Dals & Pulses,8,Rack 90
Daawat Split Black Matpe Beans,దావత్ స్ప్లిట్ బ్లాక్ మట్పే బీన్స్,दावत स्प्लिट ब्लैक मटपे बीन्स,black lentils,Dals & Pulses,8,Rack 90
Organic Urad Whole,సేంద్రీయ మినపపప్పు మొత్తం,ऑर्गेनिक उड़द साबुत,urad dal whole,Dals & Pulses,8,Rack 90
Daawat Black Matpe Beans Whole,దావత్ బ్లాక్ మట్పే బీన్స్ మొత్తం,दावत ब्लैक मैटपे बीन्स साबुत,black lentils|urad dal whole,Dals & Pulses,8,Rack 90
Swad Urad Whole,స్వాద్ ఉరద్ హోల్,स्वाद उड़द होल,urad dal whole,Dals & Pulses,8,Rack 91
Daawat Khichdi Mix,దావత్ ఖిచ్డీ మిక్స్,दावत खिचड़ी मिक्स,snack mix|snacks,Ready to Eat & Instant,8,Rack 91
Deep Food Products (Red/Green Bags),లోతైన ఆహార ఉత్పత్తులు (ఎరుపు/ఆకుపచ్చ సంచులు),डीप फूड प्रोडक्ट्स (लाल/हरे बैग),,Snacks & Namkeen,8,Rack 92
Unknown Dried Goods (Brown wrapped),తెలియని ఎండిన సరుకులు (గోధుమ రంగులో చుట్టబడినవి),अज्ञात सूखे सामान (भूरे रंग में लिपटे हुए),,Dry Fruits & Nuts,8,Rack 92
Aara Red Kidney Beans,ఆరా రెడ్ కిడ్నీ బీన్స్,आरा लाल राजमा,legumes,Dals & Pulses,8,Rack 92
Urad Split,ఉరద్ స్ప్లిట్,उरद स्प्लिट,,Dals & Pulses,8,Rack 90
Laxmi Urad Dal Chilka,లక్ష్మి ఉరద్ పప్పు చిల్కా,लक्ष्मी उड़द दाल छिलका,split black gram,Dals & Pulses,8,Rack 90
Swad Lima Beans,స్వాద్ లిమా బీన్స్,स्वाद लीमा बीन्स,legumes,Dals & Pulses,8,Rack 91
Jaggery Blocks,బెల్లం ముద్దలు,गुड़ के टुकड़े,bellam|gud,"Sugar, Salt & Jaggery",8,Rack 92
Deep Red Kidney Beans,ముదురు ఎరుపు రంగు కిడ్నీ బీన్స్,गहरे लाल राजमा,legumes,Dals & Pulses,8,Rack 92
Laxmi boxed food product,లక్ష్మి బాక్స్‌డ్ ఫుడ్ ప్రొడక్ట్,लक्ष्मी डिब्बाबंद खाद्य उत्पाद,,Other,8,Floor
Urad Split,ఉరద్ స్ప్లిట్,उरद स्प्लिट,,Dals & Pulses,8,Rack 1
Aara Toor Whole,ఆరా తూర్ హోల్,आरा तूर होल,,Dals & Pulses,8,Rack 2
Swad Toor Whole,స్వాద్ తూర్ హోల్,स्वाद तूर होल,,Dals & Pulses,8,Rack 2
Jaggery (blocks),బెల్లం (ముక్కలు),गुड़ (टुकड़ों में),bellam|gud,"Sugar, Salt & Jaggery",8,Rack 3
Tata Tea Premium,టాటా టీ ప్రీమియం,टाटा टी प्रीमियम,bags,Tea & Coffee,8,Rack 1
Society Tea,సొసైటీ టీ,सोसाइटी टी,bags,Tea & Coffee,8,Rack 1
Wagh Bakri Instant Tea,వాఘ్ బక్రీ ఇన్స్టంట్ టీ,वाघ बकरी इंस्टेंट टी,,Tea & Coffee,8,Rack 26
Quik Tea Ginger,క్విక్ టీ అల్లం,क्विक टी जिंजर,paste,Tea & Coffee,8,Rack 27
Quik Tea Masala,క్విక్ టీ మసాలా,क्विक टी मसाला,tea spice,Tea & Coffee,8,Rack 27
Quik Tea Cardamom,క్విక్ టీ యాలకులు,क्विक टी इलायची,,Tea & Coffee,8,Rack 27
Quik Tea Green Tea,క్విక్ టీ గ్రీన్ టీ,क्विक टी ग्रीन टी,bags,Tea & Coffee,8,Rack 28
Wagh Bakri Instant Tea,వాఘ్ బక్రీ ఇన్స్టంట్ టీ,वाघ बकरी इंस्टेंट टी,,Tea & Coffee,8,Rack 28
PG Tips,PG చిట్కాలు,पीजी टिप्स,,Tea & Coffee,8,Rack 28
Quik Tea Ginger with Lemon,నిమ్మకాయతో అల్లం క్విక్ టీ,क्विक टी जिंजर विद लेमन,adrak|allam|adarak,Sauces & Pastes,8,Rack 28
Tapal Green Tea,తపల్ గ్రీన్ టీ,तपल ग्रीन टी,,Tea & Coffee,8,Rack 29
Wagh Bakri Instant Ginger Tea,వాఘ్ బక్రీ తక్షణ అల్లం టీ,वाघ बकरी इंस्टेंट अदरक चाय,adarak|chawal|biyyam,Tea & Coffee,8,Rack 30
Quik Tea Lemongrass Ginger,క్విక్ టీ లెమన్‌గ్రాస్ అల్లం,क्विक टी लेमनग्रास जिंजर,adrak|allam|adarak,Tea & Coffee,8,Rack 30
Quik Tea Madras Coffee,క్విక్ టీ మద్రాస్ కాఫీ,क्विक टी मद्रास कॉफी,kaapi|madras mix,Tea & Coffee,8,Rack 30
Nirvana Honey Ginger Tea,నిర్వాణ తేనె అల్లం టీ,निर्वाना हनी जिंजर टी,adarak|adrak|allam,Tea & Coffee,8,Rack 31
Society Masala Tea,సొసైటీ మసాలా టీ,सोसाइटी मसाला चाय,tea spice,Tea & Coffee,8,Rack 2
Society Tea,సొసైటీ టీ,सोसाइटी टी,bags,Tea & Coffee,8,Rack 2
Nescafe Classic,నెస్కేఫ్ క్లాసిక్,नेस्केफे क्लासिक,,Tea & Coffee,8,Rack 3
Nescafe Gold,నెస్కేఫ్ గోల్డ్,नेस्केफे गोल्ड,,Tea & Coffee,8,Rack 3
Contico Malgudi Coffee,కాంటికో మల్గుడి కాఫీ,कॉन्टिको मालगुडी कॉफी,kaapi,Tea & Coffee,8,Rack 4
Aachi Chukku Kappi,ఆచి చుక్కు కప్పి,आची चुक्कू कप्पी,tea spice,Tea & Coffee,8,Rack 4
Saab Cane Sugar,సాబ్ చెరకు చక్కెర,साब गन्ना चीनी,chini,"Sugar, Salt & Jaggery",8,Rack 5
Tata Tea Gold,టాటా టీ గోల్డ్,टाटा टी गोल्ड,,Tea & Coffee,8,Rack 32
Tata Tea Natural Care,టాటా టీ నేచురల్ కేర్,टाटा टी नेचुरल केयर,,Tea & Coffee,8,Rack 32
Tata Tea Premium,టాటా టీ ప్రీమియం,टाटा टी प्रीमियम,bags,Tea & Coffee,8,Rack 32
Society Tea,సొసైటీ టీ,सोसाइटी टी,bags,Tea & Coffee,8,Rack 32
Lipton Yellow Label Tea,లిప్టన్ యెల్లో లేబుల్ టీ,लिप्टन येलो लेबल चाय,,Tea & Coffee,8,Rack 33
Lipton Darjeeling Tea,లిప్టన్ డార్జిలింగ్ టీ,लिप्टन दार्जिलिंग चाय,bags,Tea & Coffee,8,Rack 33
Lipton Tea Bags,లిప్టన్ టీ బ్యాగులు,लिप्टन टी बैग्स,,Tea & Coffee,8,Rack 33
Black Loose Leaf Tea,నల్ల ఆకు టీ,काली खुली पत्ती वाली चाय,,Tea & Coffee,8,Rack 33
Society Masala Tea,సొసైటీ మసాలా టీ,सोसाइटी मसाला चाय,tea spice,Tea & Coffee,8,Rack 33
Continental Special Coffee,కాంటినెంటల్ స్పెషల్ కాఫీ,कॉन्टिनेंटल स्पेशल कॉफी,coffee beans|kaapi,Tea & Coffee,8,Rack 34
Narasu's Pure Instant Coffee,నరసు శుద్ధ తక్షణ కాఫీ,नरसु की प्योर इंस्टेंट कॉफी,coffee beans|kaapi,Tea & Coffee,8,Rack 34
Nescafe Classic,నెస్కేఫ్ క్లాసిక్,नेस्केफे क्लासिक,,Tea & Coffee,8,Rack 34
Nescafe Gold,నెస్కేఫ్ గోల్డ్,नेस्केफे गोल्ड,,Tea & Coffee,8,Rack 34
Coorg Coffee,కూర్గ్ కాఫీ,कूर्ग कॉफी,coffee beans|kaapi,Tea & Coffee,8,Rack 35
Contico Malgudi Coffee,కాంటికో మల్గుడి కాఫీ,कॉन्टिको मालगुडी कॉफी,kaapi,Tea & Coffee,8,Rack 35
Aachi Chukku Malli Kappi,ఆచీ చుక్కు మల్లి కప్పి,आची चुक्कु मल्ली कप्पी,tea spice,Tea & Coffee,8,Rack 35
Just Organik Sugar,జస్ట్ ఆర్గానిక్ షుగర్,जस्ट ऑर्गेनिक शुगर,chini,"Sugar, Salt & Jaggery",8,Rack 36
Bansi Cane Sugar Brown,బాన్సీ చెరకు చక్కెర బ్రౌన్,बंसी गन्ना चीनी भूरा,chini,"Sugar, Salt & Jaggery",8,Rack 36
Quik Tea Ginger Tea,క్విక్ టీ అల్లం టీ,क्विक टी जिंजर टी,adrak|allam|adarak,Tea & Coffee,8,Rack 27
Quik Tea Masala Tea,క్విక్ టీ మసాలా టీ,क्विक टी मसाला चाय,tea spice,Tea & Coffee,8,Rack 27
Quik Tea Masala Chai,క్విక్ టీ మసాలా చాయ్,क्विक टी मसाला चाय,tea spice,Tea & Coffee,8,Rack 27
Quik Tea Ginger Chai,క్విక్ టీ అల్లం చాయ్,क्विक टी जिंजर चाय,tea spice,Tea & Coffee,8,Rack 27
PG Tips,PG చిట్కాలు,पीजी टिप्स,,Tea & Coffee,8,Rack 27
Quik Tea Tea Bags,క్విక్ టీ టీ బ్యాగులు,क्विक टी टी बैग्स,,Tea & Coffee,8,Rack 27
Tapal Green Tea,తపల్ గ్రీన్ టీ,तपल ग्रीन टी,,Tea & Coffee,8,Rack 27
Wagh Bakri Lemongrass Ginger Tea,వాఘ్ బక్రీ లెమన్‌గ్రాస్ అల్లం టీ,वाघ बकरी लेमनग्रास अदरक चाय,,Tea & Coffee,8,Rack 30
Taj Mahal Tea,తాజ్ మహల్ టీ,ताज महल चाय,tea spice,Tea & Coffee,8,Rack 32
Tata Gold Tea,టాటా గోల్డ్ టీ,टाटा गोल्ड टी,,Tea & Coffee,8,Rack 32
Red Label Natural Care Tea,రెడ్ లేబుల్ నేచురల్ కేర్ టీ,रेड लेबल नेचुरल केयर टी,,Tea & Coffee,8,Rack 32
Tata Premium Tea,టాటా ప్రీమియం టీ,टाटा प्रीमियम चाय,,Tea & Coffee,8,Rack 32
Tetley Chai Tea,టెట్లీ చాయ్ టీ,टेटली चाय,bags,Tea & Coffee,8,Rack 33
Bru Instant Coffee,బ్రూ ఇన్‌స్టంట్ కాఫీ,ब्रू इंस्टेंट कॉफी,kaapi|beverage,Tea & Coffee,8,Rack 34
Araku Boomi Instant Coffee,అరకు భూమి ఇన్‌స్టంట్ కాఫీ,अराकु बूमी इंस्टेंट कॉफी,kaapi|beverage,Tea & Coffee,8,Rack 34
Nescafe Classic Coffee,నెస్కేఫ్ క్లాసిక్ కాఫీ,नेस्केफे क्लासिक कॉफी,coffee beans|kaapi,Tea & Coffee,8,Rack 34
Nescafe Gold Coffee,నెస్కేఫ్ గోల్డ్ కాఫీ,नेस्केफे गोल्ड कॉफी,coffee beans|kaapi,Tea & Coffee,8,Rack 34
Dandedar Tea,దండేదార్ టీ,दांडेदार चाय,bags,Tea & Coffee,8,Rack 35
Malgudi Coffee,మాల్గుడి కాఫీ,मालगुडी कॉफी,coffee beans|kaapi,Tea & Coffee,8,Rack 35
Aachi Chukky Kappi Coffee,ఆచీ చుక్కీ కప్పీ కాఫీ,आची चुक्की कप्पी कॉफी,coffee beans|kaapi,Tea & Coffee,8,Rack 35
Just Organik Sugar Brown,జస్ట్ ఆర్గానిక్ షుగర్ బ్రౌన్,जस्ट ऑर्गेनिक शुगर ब्राउन,chini,"Sugar, Salt & Jaggery",8,Rack 36
Aab Cane Sugar Brown,ఆబ్ కేన్ షుగర్ బ్రౌన్,आब केन शुगर ब्राउन,chini,"Sugar, Salt & Jaggery",8,Rack 36
Taj Mahal Tea,తాజ్ మహల్ టీ,ताज महल चाय,tea spice,Tea & Coffee,8,Rack 31
Tata Tea Gold,టాటా టీ గోల్డ్,टाटा टी गोल्ड,,Tea & Coffee,8,Rack 31
Red Label Natural Care Tea,రెడ్ లేబుల్ నేచురల్ కేర్ టీ,रेड लेबल नेचुरल केयर टी,,Tea & Coffee,8,Rack 31
Tetley Elaichi Tea Bags,టెట్లీ ఏలకుల టీ బ్యాగులు,टेटली इलायची टी बैग्स,,Tea & Coffee,8,Rack 32
Tetley Ginger Tea Bags,టెట్లీ అల్లం టీ బ్యాగులు,टेटली जिंजर टी बैग्स,adrak|allam|adarak,Tea & Coffee,8,Rack 32
Tetley Black Tea,టెట్లీ బ్లాక్ టీ,टेटली ब्लैक टी,bags,Tea & Coffee,8,Rack 32
Tetley Chai Classic,టెట్లీ చాయ్ క్లాసిక్,टेटली चाय क्लासिक,indian bread,Tea & Coffee,8,Rack 32
Lipton Yellow Label Tea,లిప్టన్ యెల్లో లేబుల్ టీ,लिप्टन येलो लेबल चाय,,Tea & Coffee,8,Rack 32
Lipton Darjeeling Tea,లిప్టన్ డార్జిలింగ్ టీ,लिप्टन दार्जिलिंग चाय,bags,Tea & Coffee,8,Rack 32
Bru Instant Coffee,బ్రూ ఇన్‌స్టంట్ కాఫీ,ब्रू इंस्टेंट कॉफी,kaapi|beverage,Tea & Coffee,8,Rack 33
Bru Gold Coffee,బ్రూ గోల్డ్ కాఫీ,ब्रू गोल्ड कॉफी,coffee beans|kaapi,Tea & Coffee,8,Rack 33
Araku Boomi Instant Coffee,అరకు భూమి ఇన్‌స్టంట్ కాఫీ,अराकु बूमी इंस्टेंट कॉफी,kaapi|beverage,Tea & Coffee,8,Rack 33
Continental Speciale Coffee,కాంటినెంటల్ స్పెషల్ కాఫీ,कॉन्टिनेंटल स्पेशले कॉफी,coffee beans|kaapi,Tea & Coffee,8,Rack 33
Narasus Instant Coffee,నరసుస్ ఇన్‌స్టంట్ కాఫీ,नरसुस इंस्टेंट कॉफी,coffee beans|kaapi,Tea & Coffee,8,Rack 33
Nescafe Classic,నెస్కేఫ్ క్లాసిక్,नेस्केफे क्लासिक,,Tea & Coffee,8,Rack 33
Nestle Everyday Dairy Whitener,నెస్లే ఎవ్రీడే డైరీ వైట్నర్,नेस्ले एवरीडे डेयरी व्हाइटनर,milk,Dairy & Paneer,8,Rack 34
Dandebar Tea,దండేబార్ టీ,दांडेबार चाय,bags,Tea & Coffee,8,Rack 34
Coorg Coffee,కూర్గ్ కాఫీ,कूर्ग कॉफी,coffee beans|kaapi,Tea & Coffee,8,Rack 34
Malgudi Filter Coffee,మాల్గుడి ఫిల్టర్ కాఫీ,मालगुडी फ़िल्टर कॉफ़ी,coffee beans|kaapi,Tea & Coffee,8,Rack 34
Contico Malgudi Filter Coffee,కాంటికో మల్గుడి ఫిల్టర్ కాఫీ,कॉन्टिको मालगुडी फ़िल्टर कॉफ़ी,coffee beans|kaapi,Tea & Coffee,8,Rack 34
Just Organik Sugar,జస్ట్ ఆర్గానిక్ షుగర్,जस्ट ऑर्गेनिक शुगर,chini,"Sugar, Salt & Jaggery",8,Rack 35
Just Organik Sugar Brown,జస్ట్ ఆర్గానిక్ షుగర్ బ్రౌన్,जस्ट ऑर्गेनिक शुगर ब्राउन,chini,"Sugar, Salt & Jaggery",8,Rack 35
Bansi Brand Product,బాన్సీ బ్రాండ్ ఉత్పత్తి,बंसी ब्रांड उत्पाद,,Other,8,Rack 35
Red Label Natural Care Tea,రెడ్ లేబుల్ నేచురల్ కేర్ టీ,रेड लेबल नेचुरल केयर टी,,Tea & Coffee,8,Rack 37
Taj Mahal Tea,తాజ్ మహల్ టీ,ताज महल चाय,tea spice,Tea & Coffee,8,Rack 37
Tata Tea Gold,టాటా టీ గోల్డ్,टाटा टी गोल्ड,,Tea & Coffee,8,Rack 37
Wagh Bakri Masala Chai,వాఘ్ బక్రీ మసాలా చాయ్,वाघ बकरी मसाला चाय,tea spice,Tea & Coffee,8,Rack 38
Tetley Elaichi Tea Bags,టెట్లీ ఏలకుల టీ బ్యాగులు,टेटली इलायची टी बैग्स,,Tea & Coffee,8,Rack 38
Tetley Ginger Tea Bags,టెట్లీ అల్లం టీ బ్యాగులు,टेटली जिंजर टी बैग्स,adrak|allam|adarak,Tea & Coffee,8,Rack 38
Tetley Black Tea,టెట్లీ బ్లాక్ టీ,टेटली ब्लैक टी,bags,Tea & Coffee,8,Rack 38
Tetley Masala Tea Bags,టెట్లీ మసాలా టీ బ్యాగులు,टेटली मसाला टी बैग्स,tea spice,Tea & Coffee,8,Rack 38
Tetley Chai Premium Black Tea,టెట్లీ చాయ్ ప్రీమియం బ్లాక్ టీ,टेटली चाय प्रीमियम ब्लैक टी,tea spice|bags,Tea & Coffee,8,Rack 38
Lipton Yellow Label Tea,లిప్టన్ యెల్లో లేబుల్ టీ,लिप्टन येलो लेबल चाय,,Tea & Coffee,8,Rack 38
Bru Green Label Coffee,బ్రూ గ్రీన్ లేబుల్ కాఫీ,ब्रू ग्रीन लेबल कॉफी,coffee beans|kaapi|beverage,Tea & Coffee,8,Rack 39
Bru Instant Coffee,బ్రూ ఇన్‌స్టంట్ కాఫీ,ब्रू इंस्टेंट कॉफी,kaapi|beverage,Tea & Coffee,8,Rack 39
Bru Gold Coffee,బ్రూ గోల్డ్ కాఫీ,ब्रू गोल्ड कॉफी,coffee beans|kaapi,Tea & Coffee,8,Rack 39
Araku Boomi Instant Coffee,అరకు భూమి ఇన్‌స్టంట్ కాఫీ,अराकु बूमी इंस्टेंट कॉफी,kaapi|beverage,Tea & Coffee,8,Rack 39
Horlicks,హార్లిక్స్,हॉर्लिक्स,,Dairy & Paneer,8,Rack 40
Nature's Gift Lemongrass Tea,నేచర్స్ గిఫ్ట్ లెమన్‌గ్రాస్ టీ,नेचर्स गिफ्ट लेमनग्रास टी,,Tea & Coffee,8,Rack 40
Coffee Mate,కాఫీ మేట్,कॉफ़ी मेट,coffee beans|kaapi,Tea & Coffee,8,Rack 40
Everyday Dairy Whitener,ప్రతిరోజూ వాడే పాల ఉత్పత్తుల తెల్లబరిచే పదార్థం,रोज़ाना इस्तेमाल होने वाला डेयरी व्हाइटनर,milk|doodh|paneer,Dairy & Paneer,8,Rack 40
Tapal Danedar Tea,తపల్ దానెదర్ టీ,तपल दानेदार चाय,bags,Tea & Coffee,8,Rack 40
Coorg Coffee,కూర్గ్ కాఫీ,कूर्ग कॉफी,coffee beans|kaapi,Tea & Coffee,8,Rack 40
Jiya's Brown Sugar,జియాస్ బ్రౌన్ షుగర్,जिया की भूरी चीनी,chini|coconut sugar,"Sugar, Salt & Jaggery",8,Rack 41
Just Organik Organic Sugar,జస్ట్ ఆర్గానిక్ ఆర్గానిక్ షుగర్,जस्ट ऑर्गेनिक ऑर्गेनिक शुगर,coconut sugar|chini|brown sugar,"Sugar, Salt & Jaggery",8,Rack 41
Just Organik Organic Sugar Brown,జస్ట్ ఆర్గానిక్ ఆర్గానిక్ షుగర్ బ్రౌన్,जस्ट ऑर्गेनिक ऑर्गेनिक शुगर ब्राउन,chini,"Sugar, Salt & Jaggery",8,Rack 41
Red Label Natural Care,రెడ్ లేబుల్ నేచురల్ కేర్,रेड लेबल नेचुरल केयर,,Personal Care,8,Rack 37
Red Label Tea,రెడ్ లేబుల్ టీ,रेड लेबल चाय,,Tea & Coffee,8,Rack 37
3 Roses Natural Care,3 రోజెస్ నేచురల్ కేర్,3 रोज़ेज़ नेचुरल केयर,,Personal Care,8,Rack 37
Wagh Bakri Premium Tea Bags,వాఘ్ బక్రీ ప్రీమియం టీ బ్యాగ్‌లు,वाघ बकरी प्रीमियम टी बैग्स,,Tea & Coffee,8,Rack 38
Tetley Masala Tea,టెట్లీ మసాలా టీ,टेटली मसाला चाय,tea spice,Tea & Coffee,8,Rack 38
Tetley Elaichi Tea,టెట్లీ ఏలకుల టీ,टेटली इलायची चाय,,Tea & Coffee,8,Rack 38
Tetley Ginger Tea,టెట్లీ అల్లం టీ,टेटली अदरक चाय,adrak|allam|adarak,Tea & Coffee,8,Rack 38
Swad Tea,స్వాద్ టీ,स्वाद चाय,bags,Tea & Coffee,8,Rack 38
Bru Green Label,బ్రూ గ్రీన్ లేబుల్,ब्रू ग्रीन लेबल,bru coffee|green label coffee,Tea & Coffee,8,Rack 39
Cofhas Royal Blend Coffee,కోఫాస్ రాయల్ బ్లెండ్ కాఫీ,कोफहास रॉयल ब्लेंड कॉफी,coffee beans|kaapi,Tea & Coffee,8,Rack 39
Cofhas Classic Blend Coffee,కోఫాస్ క్లాసిక్ బ్లెండ్ కాఫీ,कोफहास क्लासिक ब्लेंड कॉफी,coffee beans|kaapi,Tea & Coffee,8,Rack 39
Junior Horlicks,జూనియర్ హార్లిక్స్,जूनियर हॉर्लिक्स,,Dairy & Paneer,8,Rack 40
Nestle Everyday,నెస్లే ఎవ్రీడే,नेस्ले एवरीडे,,Dairy & Paneer,8,Rack 40
Tapal Danedar,తపల్ దానెదర్,तपल दानेदार,tea,Tea & Coffee,8,Rack 40
Red Label Strong Tea,రెడ్ లేబుల్ స్ట్రాంగ్ టీ,रेड लेबल स्ट्रॉन्ग टी,,Tea & Coffee,8,Rack 42
Red Label Natural Care Tea,రెడ్ లేబుల్ నేచురల్ కేర్ టీ,रेड लेबल नेचुरल केयर टी,,Tea & Coffee,8,Rack 42
3 Roses Natural Care Tea,3 రోజెస్ నేచురల్ కేర్ టీ,3 रोज़ेज़ नेचुरल केयर टी,,Tea & Coffee,8,Rack 42
Laxmi Premium Tea,లక్ష్మి ప్రీమియం టీ,लक्ष्मी प्रीमियम चाय,,Tea & Coffee,8,Rack 43
Wagh Bakri Masala Chai,వాఘ్ బక్రీ మసాలా చాయ్,वाघ बकरी मसाला चाय,tea spice,Tea & Coffee,8,Rack 43
Swad Tea Masala,స్వాద్ టీ మసాలా,स्वाद टी मसाला,tea spice,Spices & Masalas,8,Rack 43
Wagh Bakri Premium Tea Bags,వాఘ్ బక్రీ ప్రీమియం టీ బ్యాగ్‌లు,वाघ बकरी प्रीमियम टी बैग्स,,Tea & Coffee,8,Rack 43
Wagh Bakri Masala Chai Tea Bags,వాఘ్ బక్రీ మసాలా చాయ్ టీ బ్యాగులు,वाघ बकरी मसाला चाय टी बैग,,Tea & Coffee,8,Rack 43
Cothas Specialty Blend Coffee,కోథాస్ స్పెషాలిటీ బ్లెండ్ కాఫీ,कोथास स्पेशलिटी ब्लेंड कॉफी,,Tea & Coffee,8,Rack 44
Cothas Royal Blend Coffee,కోథాస్ రాయల్ బ్లెండ్ కాఫీ,कोथास रॉयल ब्लेंड कॉफी,coffee beans|kaapi,Tea & Coffee,8,Rack 44
Cothas Filter Coffee,కోథాస్ ఫిల్టర్ కాఫీ,कोथास फ़िल्टर कॉफ़ी,coffee beans|kaapi,Tea & Coffee,8,Rack 44
Boost Health Drink,బూస్ట్ హెల్త్ డ్రింక్,बूस्ट हेल्थ ड्रिंक,,Dairy & Paneer,8,Rack 45
Horlicks Health Drink,హార్లిక్స్ హెల్త్ డ్రింక్,हॉर्लिक्स हेल्थ ड्रिंक,,Dairy & Paneer,8,Rack 45
Horlicks Junior Health Drink,హార్లిక్స్ జూనియర్ హెల్త్ డ్రింక్,होर्लिक्स जूनियर हेल्थ ड्रिंक,,Dairy & Paneer,8,Rack 45
Nestle Everyday Dairy Whitener,నెస్లే ఎవ్రీడే డైరీ వైట్నర్,नेस्ले एवरीडे डेयरी व्हाइटनर,milk,Dairy & Paneer,8,Rack 40
Coffee Mate Creamer,కాఫీ మేట్ క్రీమర్,कॉफी मेट क्रीमर,kaapi|beverage,Beverages,8,Rack 40
Jiya's Brown Sugar,జియాస్ బ్రౌన్ షుగర్,जिया की भूरी चीनी,chini|coconut sugar,"Sugar, Salt & Jaggery",8,Rack 46
Jiya's Organic Sugar,జియాస్ ఆర్గానిక్ షుగర్,जिया की ऑर्गेनिक चीनी,chini,"Sugar, Salt & Jaggery",8,Rack 46
Red Label Tea,రెడ్ లేబుల్ టీ,रेड लेबल चाय,,Tea & Coffee,8,Rack 42
Wagh Bakri Premium Leaf Tea,వాఘ్ బక్రీ ప్రీమియం లీఫ్ టీ,वाघ बकरी प्रीमियम लीफ टी,,Tea & Coffee,8,Rack 43
Cothas Classic Blend Coffee,కోథాస్ క్లాసిక్ బ్లెండ్ కాఫీ,कोथास क्लासिक ब्लेंड कॉफी,coffee beans|kaapi|beverage,Tea & Coffee,8,Rack 44
Cothas Instant Coffee,కోథాస్ ఇన్‌స్టంట్ కాఫీ,कोथास इंस्टेंट कॉफी,coffee beans|kaapi|beverage,Tea & Coffee,8,Rack 44
Bru Coffee,బ్రూ కాఫీ,ब्रू कॉफ़ी,coffee beans|kaapi,Tea & Coffee,8,Rack 44
Complan Health Drink,కాంప్లాన్ హెల్త్ డ్రింక్,कॉम्प्लान हेल्थ ड्रिंक,,Dairy & Paneer,8,Rack 45
Horlicks Chocolate Health Drink,హార్లిక్స్ చాక్లెట్ హెల్త్ డ్రింక్,हॉर्लिक्स चॉकलेट हेल्थ ड्रिंक,cocoa,Dairy & Paneer,8,Rack 45
Horlicks Classic Health Drink,హార్లిక్స్ క్లాసిక్ హెల్త్ డ్రింక్,होर्लिक्स क्लासिक हेल्थ ड्रिंक,,Dairy & Paneer,8,Rack 45
Junior Horlicks,జూనియర్ హార్లిక్స్,जूनियर हॉर्लिक्स,,Dairy & Paneer,8,Rack 45
Lemon Gend,లెమన్ జెండ్,नींबू गेंद,,Pickles & Chutneys,8,Rack 45
Wagh Bakri Tea Bags,వాఘ్ బక్రీ టీ బ్యాగులు,वाघ बकरी टी बैग्स,,Tea & Coffee,8,Rack 43
Cothas Classic Blend Instant Coffee,కోథాస్ క్లాసిక్ బ్లెండ్ ఇన్‌స్టంట్ కాఫీ,कोथास क्लासिक ब्लेंड इंस्टेंट कॉफी,kaapi,Tea & Coffee,8,Rack 44
Gulab Rose Syrup,గులాబ్ రోజ్ సిరప్,गुलाब गुलाब सिरप,,Sauces & Pastes,8,Rack 44
Complam,కంప్లామ్,कॉम्प्लाम,,Other,8,Rack 45
Boost,బూస్ట్,बढ़ाना,,Other,8,Rack 45
Horlicks,హార్లిక్స్,हॉर्लिक्स,,Dairy & Paneer,8,Rack 45
Jai Hanuman Sambrani Cup,జై హనుమాన్ సంబ్రాణి కప్,जय हनुमान संब्रानी कप,masala|spice,Spices & Masalas,8,Rack 45
Devdarshan Incense,దేవదర్శన్ అగరబత్తి,देवदर्शन अगरबत्ती,,Pooja Items,8,Rack 45
Palm Sugar,తాటి బెల్లం,पाम शुगर,coconut sugar,"Sugar, Salt & Jaggery",8,Rack 46
Cycle Puja Oil,సైకిల్ పూజ నూనె,साइकिल पूजा तेल,vegetable oil,Oils & Ghee,8,Rack 47
Cycle Lord Shiva Incense Sticks,సైకిల్ లార్డ్ శివ అగరబత్తులు,साइकिल भगवान शिव अगरबत्ती,,Pooja Items,8,Rack 48
Cycle Vanilla Incense Sticks,సైకిల్ వెనిలా అగరబత్తీలు,साइकल वैनिला अगरबत्ती,barbecue sticks,Spices & Masalas,8,Rack 48
Cycle Champa Incense Sticks,సైకిల్ చంపా అగరబత్తీలు,साइकिल चंपा अगरबत्ती,barbecue sticks,Spices & Masalas,8,Rack 49
Cycle Chandan Incense Sticks,సైకిల్ చందన్ అగరబత్తులు,साइकिल चंदन अगरबत्ती,barbecue sticks,Spices & Masalas,8,Rack 49
Cycle Jasmine Incense Sticks,సైకిల్ జాస్మిన్ అగరబత్తీలు,साइकिल जैस्मीन अगरबत्ती,,Spices & Masalas,8,Rack 49
Cycle All in One Incense Sticks,సైకిల్ ఆల్ ఇన్ వన్ అగరబత్తీలు,साइकल ऑल इन वन अगरबत्ती,barbecue sticks,Spices & Masalas,8,Rack 49
Cycle Vanilla Incense Sticks,సైకిల్ వెనిలా అగరబత్తీలు,साइकल वैनिला अगरबत्ती,barbecue sticks,Spices & Masalas,8,Rack 49
Cycle Lord Krishna Incense Sticks,సైకిల్ శ్రీకృష్ణుడు అగరబత్తులు,साइकिल भगवान कृष्ण अगरबत्ती,,Pooja Items,8,Rack 49
Cycle Saraswati Incense Sticks,సైకిల్ సరస్వతి అగరబత్తులు,साइकिल सरस्वती अगरबत्ती,dalchini,Pooja Items,8,Rack 49
Cycle Gulab Incense Sticks,సైకిల్ గులాబ్ అగరబత్తీలు,साइकिल गुलाब अगरबत्ती,dalchini,Pooja Items,8,Rack 49
Cycle All in One Incense Sticks,సైకిల్ ఆల్ ఇన్ వన్ అగరబత్తీలు,साइकल ऑल इन वन अगरबत्ती,barbecue sticks,Spices & Masalas,8,Rack 55
Cycle Sandalwood Incense Sticks,సైకిల్ గంధపు చెక్క అగరబత్తులు,साइकिल चंदन अगरबत्ती,dalchini,Pooja Items,8,Rack 50
Gopuram Pal Sambirani,గోపురం పాల్ సంబిరాని,गोपुरम पाल संबिरानी,,Snacks & Namkeen,8,Rack 50
Devdarshan Sambirani Cup,దేవదర్శన్ సంబిరాని కప్,देवदर्शन सांबिरानी कप,samosas,Snacks & Namkeen,8,Rack 50
Jai Hanuman Sambrani Cup,జై హనుమాన్ సంబ్రాణి కప్,जय हनुमान संब्रानी कप,masala|spice,Spices & Masalas,8,Rack 50
Wagh Bakri Premium Leaf Tea,వాఘ్ బక్రీ ప్రీమియం లీఫ్ టీ,वाघ बकरी प्रीमियम लीफ टी,,Tea & Coffee,8,Rack 51
Cycle Puja Oil,సైకిల్ పూజ నూనె,साइकिल पूजा तेल,vegetable oil,Oils & Ghee,8,Rack 52
Cycle Jasmine Incense Sticks,సైకిల్ జాస్మిన్ అగరబత్తీలు,साइकिल जैस्मीन अगरबत्ती,,Spices & Masalas,8,Rack 53
Cycle Three in One Incense Sticks,సైకిల్ త్రీ ఇన్ వన్ అగరబత్తీలు,साइकिल थ्री इन वन अगरबत्ती,dalchini,Spices & Masalas,8,Rack 53
Cycle Rose Incense Sticks,సైకిల్ రోజ్ అగరబత్తీలు,साइकिल रोज़ अगरबत्ती,gulab,Spices & Masalas,8,Rack 54
Cycle Champa Incense Sticks,సైకిల్ చంపా అగరబత్తీలు,साइकिल चंपा अगरबत्ती,barbecue sticks,Spices & Masalas,8,Rack 54
Cycle Chandan Incense Sticks,సైకిల్ చందన్ అగరబత్తులు,साइकिल चंदन अगरबत्ती,barbecue sticks,Spices & Masalas,8,Rack 54
Cycle Jasmine Incense Sticks,సైకిల్ జాస్మిన్ అగరబత్తీలు,साइकिल जैस्मीन अगरबत्ती,,Spices & Masalas,8,Rack 54
Wagh Bakri Premium Leaf Tea,వాఘ్ బక్రీ ప్రీమియం లీఫ్ టీ,वाघ बकरी प्रीमियम लीफ टी,,Tea & Coffee,8,Rack 55
Cycle 3 in 1 Incense Sticks,సైకిల్ 3 ఇన్ 1 అగరబత్తీలు,साइकल 3 इन 1 अगरबत्ती,dalchini,Spices & Masalas,8,Rack 55
Wagh Bakri Premium Leaf Tea,వాఘ్ బక్రీ ప్రీమియం లీఫ్ టీ,वाघ बकरी प्रीमियम लीफ टी,,Tea & Coffee,8,Rack 56
Divine Deepam Lamp Oil,దివ్య దీపం నూనె,दिव्य दीपम दीपक का तेल,,Oils & Ghee,8,Rack 52
Gopuram Lamp Oil,గోపురం దీపం నూనె,गोपुरम दीपक का तेल,,Oils & Ghee,8,Rack 52
Pure Puja Oil,స్వచ్ఛమైన పూజా నూనె,शुद्ध पूजा तेल,,Oils & Ghee,8,Rack 52
Cycle Rose Incense Sticks,సైకిల్ రోజ్ అగరబత్తీలు,साइकिल रोज़ अगरबत्ती,gulab,Spices & Masalas,8,Rack 53
Cycle 3 in 1 Incense Sticks,సైకిల్ 3 ఇన్ 1 అగరబత్తీలు,साइकल 3 इन 1 अगरबत्ती,dalchini,Spices & Masalas,8,Rack 53
Cycle Lavender Incense Sticks,సైకిల్ లావెండర్ అగరబత్తీలు,साइकिल लैवेंडर अगरबत्ती,,Pooja Items,8,Rack 54
Cycle Sandalwood Incense Sticks,సైకిల్ గంధపు చెక్క అగరబత్తులు,साइकिल चंदन अगरबत्ती,dalchini,Pooja Items,8,Rack 55
Divine Lamp Oil,దైవిక దీప తైలం,दिव्य दीपक का तेल,,Oils & Ghee,8,Rack 52
Cycle Pure Prayer Oil,సైకిల్ ప్యూర్ ప్రేయర్ ఆయిల్,साइकिल प्योर प्रेयर ऑयल,,Oils & Ghee,8,Rack 52
Cycle 3-in-1 Incense Sticks,సైకిల్ 3-ఇన్-1 అగరబత్తీలు,साइकल 3-इन-1 अगरबत्ती,dalchini,Pooja Items,8,Rack 53
Cycle 3-in-1 Incense Sticks,సైకిల్ 3-ఇన్-1 అగరబత్తీలు,साइकल 3-इन-1 अगरबत्ती,dalchini,Pooja Items,8,Rack 55
